{"type":"FeatureCollection","features":[{"type":"Feature","geometry":{"type":"Polygon","coordinates":[[[-100.75203738345698,20.91784254125429],[-100.7519404754185,20.917753455015642],[-100.75184854418579,20.917634290782562],[-100.75173507805683,20.917495329509673],[-100.75164314715157,20.917376165139842],[-100.75024915432051,20.917045150774154],[-100.74983236323042,20.916929316371373],[-100.750436497779,20.91620748330519],[-100.75074026712372,20.915763973270693],[-100.75099217396549,20.915441103553395],[-100.75102275412205,20.915404666819054],[-100.75125484679391,20.915128133484124],[-100.75163316858847,20.91468385892027],[-100.75164801433263,20.91466464546095],[-100.75190602518215,20.914330744853665],[-100.7521726490116,20.914358036219994],[-100.75288638203222,20.91436072035332],[-100.75348372052055,20.914322216020636],[-100.7536848131205,20.914330242472975],[-100.75432216826496,20.91435568042404],[-100.75459131614919,20.91439499248401],[-100.75490854258314,20.91443753857586],[-100.75528711865503,20.91447368344092],[-100.75567640729267,20.914530766765107],[-100.7556622340315,20.914670006145933],[-100.75563447655922,20.915030613518407],[-100.75562170496829,20.915305990785434],[-100.75560800101084,20.915501306082696],[-100.75564401087291,20.916306655778953],[-100.75563813842021,20.916717082801807],[-100.75557987894051,20.916700631743684],[-100.75538163691574,20.91664465284456],[-100.75521520395122,20.916531262120714],[-100.75509160924456,20.916437446337227],[-100.75393373223928,20.915571059755],[-100.75376541095696,20.9157529482715],[-100.75364987883307,20.915894260121764],[-100.75355541588922,20.916015337635883],[-100.7534080464268,20.916166985242565],[-100.7532607930637,20.916328640497476],[-100.75304026157637,20.916601146452212],[-100.75203738345698,20.91784254125429]]]},"properties":{"seccion":159,"municipio":3,"electores":1238}},{"type":"Feature","geometry":{"type":"Polygon","coordinates":[[[-100.74832643268334,20.914358350746834],[-100.7483130465715,20.913951340273524],[-100.74829871649723,20.91346290993093],[-100.74793896723227,20.913454378073446],[-100.7477101228343,20.912776783643967],[-100.74804853787128,20.912814034790962],[-100.74836149113172,20.912847089981152],[-100.7487600291255,20.91288818011203],[-100.7489941786483,20.91290206815421],[-100.74922066348289,20.91291439729027],[-100.7494612398422,20.912934055678615],[-100.74910125371943,20.912420537523168],[-100.74916906390628,20.912289555822163],[-100.74932879021493,20.911864486459233],[-100.7494380363914,20.911570221262924],[-100.74958890727552,20.911128956526337],[-100.7499081657412,20.910262533178138],[-100.75088605634184,20.910517156926915],[-100.75123350983044,20.910586881139423],[-100.7515817674784,20.91072581139046],[-100.75130012262505,20.911099203549167],[-100.75117613347904,20.91124297642643],[-100.75112994099914,20.91136966568311],[-100.75120186225324,20.911592859178853],[-100.75116454110638,20.912110318746617],[-100.75109999807502,20.912741272973467],[-100.75109449757464,20.91279504414184],[-100.75132069100906,20.912870082627826],[-100.75152503248187,20.912929059038103],[-100.75188172463243,20.913047544443174],[-100.7521730970549,20.913138198982818],[-100.75193328148627,20.91375545144606],[-100.75165255967566,20.913835689057553],[-100.75146344539088,20.913871387353307],[-100.7513970110506,20.913849195705104],[-100.75135356126425,20.913834684072324],[-100.7512116721794,20.913929782994202],[-100.7511841808962,20.914174353144148],[-100.75118621183564,20.9143280067723],[-100.75019785191661,20.914314751947824],[-100.74939198027182,20.914323009436234],[-100.74832643268334,20.914358350746834]]]},"properties":{"seccion":160,"municipio":3,"electores":858}},{"type":"Feature","geometry":{"type":"Polygon","coordinates":[[[-100.74526805178513,20.914430350066116],[-100.74522811252763,20.913974752465187],[-100.74514286345993,20.912599463180577],[-100.74515105297465,20.911809512143495],[-100.74581761057007,20.91174569893643],[-100.74633571825933,20.910836533400907],[-100.74645410642317,20.910582891098507],[-100.74663192373828,20.91022278251733],[-100.74681793373075,20.90982187520332],[-100.7470204239326,20.909347512534087],[-100.74756460548751,20.909567912605336],[-100.74820367914407,20.909750696299874],[-100.74876808865582,20.909920182968946],[-100.74900472552177,20.909991242026567],[-100.7499081657412,20.910262533178138],[-100.74958890727552,20.911128956526337],[-100.7494380363914,20.911570221262924],[-100.74932879021493,20.911864486459233],[-100.74916906390628,20.912289555822163],[-100.74910125371943,20.912420537523168],[-100.7494612398422,20.912934055678615],[-100.74922066348289,20.91291439729027],[-100.7489941786483,20.91290206815421],[-100.7487600291255,20.91288818011203],[-100.74836149113172,20.912847089981152],[-100.74804853787128,20.912814034790962],[-100.7477101228343,20.912776783643967],[-100.74793896723227,20.913454378073446],[-100.74829871649723,20.91346290993093],[-100.7483130465715,20.913951340273524],[-100.74832643268334,20.914358350746834],[-100.74786255938889,20.914374573912347],[-100.74733887178616,20.91439288746485],[-100.74670639893904,20.914407500896356],[-100.74581396647127,20.914424769850847],[-100.74526805178513,20.914430350066116]]]},"properties":{"seccion":161,"municipio":3,"electores":431}},{"type":"Feature","geometry":{"type":"Polygon","coordinates":[[[-100.74021421871855,20.91456802003896],[-100.74020867773686,20.914087971729575],[-100.74023264601982,20.913521633765388],[-100.74047601229775,20.912802579310668],[-100.740492823261,20.91275075101351],[-100.74059846078839,20.91242506915289],[-100.7406159308196,20.912371208696218],[-100.74061966868825,20.912034380661538],[-100.74058602459137,20.9117624252982],[-100.74051782715337,20.91113970058372],[-100.74192813800096,20.911138047711745],[-100.74194669103366,20.91124371714031],[-100.74274360198883,20.911211158317716],[-100.74354088888013,20.911211163828348],[-100.74366167695624,20.91266345037636],[-100.74384364656252,20.912661592359118],[-100.74401516071272,20.913254277396064],[-100.7440147834105,20.913970862156102],[-100.7441274793143,20.91397378267747],[-100.74416774494249,20.914457877775444],[-100.74341784501338,20.91448037448876],[-100.74334472758257,20.914482567807728],[-100.7422964110154,20.914509552713827],[-100.74198436495043,20.914504593199247],[-100.74021421871855,20.91456802003896]]]},"properties":{"seccion":162,"municipio":3,"electores":335}},{"type":"Feature","geometry":{"type":"Polygon","coordinates":[[[-100.73812360888554,20.914666482152448],[-100.73808169496004,20.914210530897588],[-100.73818725802488,20.914198906358937],[-100.73818922373584,20.91407958032671],[-100.73817430336273,20.913944728006168],[-100.73815579098272,20.913835222208103],[-100.73804067467631,20.913832068634928],[-100.73804106183019,20.913772592887344],[-100.73804398202371,20.913323991634538],[-100.73804431182606,20.91255761899875],[-100.73803979181463,20.91213139056387],[-100.73805112957484,20.91195545449345],[-100.73806929357657,20.911792009951782],[-100.7381127383461,20.911502720327885],[-100.7379848404381,20.911422392675796],[-100.73788638606551,20.91135515006299],[-100.73775463449797,20.91124455177833],[-100.7376916870372,20.911197218434683],[-100.73759988707994,20.91110753521808],[-100.73736480754681,20.91089137932387],[-100.73691703241313,20.910432186661836],[-100.73680174651926,20.910273446252233],[-100.73694066640647,20.910021503503515],[-100.73713280820832,20.909465185086727],[-100.73723177611333,20.909192326777273],[-100.73733339371469,20.908928570662116],[-100.73757915726567,20.908631216184094],[-100.73765324452344,20.908571441697195],[-100.7377506112822,20.908492884913993],[-100.73780352317765,20.908479338305447],[-100.73789447087188,20.908608397286912],[-100.73801730404725,20.908592069671364],[-100.73812420864955,20.908585955915385],[-100.73822666545452,20.908557318094353],[-100.73830174179744,20.908536712013735],[-100.73837188561842,20.90851727424747],[-100.73841709766766,20.90850199145331],[-100.7385395159023,20.908467409203023],[-100.73860387560936,20.908637327664906],[-100.73887564680713,20.908591917753267],[-100.73906554057177,20.90857932360787],[-100.73930651426448,20.908568874328875],[-100.7393969918462,20.908543966081062],[-100.73945670296692,20.90855668406041],[-100.73945996935556,20.908593963747826],[-100.73955087726308,20.908606363986898],[-100.73963333845401,20.90862418062672],[-100.73978368087663,20.90862531455552],[-100.73986080814558,20.908672502727118],[-100.74001990478969,20.908694868953788],[-100.73995972497627,20.9088873771412],[-100.74011426708796,20.908903687073895],[-100.74041323955254,20.908956711228573],[-100.74041474925504,20.909087526915734],[-100.7404749073901,20.90912963426505],[-100.74047174994875,20.90920788280666],[-100.7404660691396,20.909348666108162],[-100.74044648229669,20.909621207908753],[-100.74039384845314,20.90998486718409],[-100.74039936435982,20.91012716820089],[-100.74040604007192,20.910186711059136],[-100.74043305789652,20.910427691208618],[-100.74045812950179,20.91063035734497],[-100.74047165138865,20.91081712104107],[-100.74048449540487,20.910945151171603],[-100.74051782715337,20.91113970058372],[-100.74058602459137,20.9117624252982],[-100.74061966868825,20.912034380661538],[-100.7406159308196,20.912371208696218],[-100.74059846078839,20.91242506915289],[-100.740492823261,20.91275075101351],[-100.74047601229775,20.912802579310668],[-100.74023264601982,20.913521633765388],[-100.74020867773686,20.914087971729575],[-100.74021421871855,20.91456802003896],[-100.73952826124139,20.914603671968145],[-100.73888830372948,20.914660349991262],[-100.73812360888554,20.914666482152448]]]},"properties":{"seccion":163,"municipio":3,"electores":618}},{"type":"Feature","geometry":{"type":"Polygon","coordinates":[[[-100.7515817674784,20.91072581139046],[-100.75123350983044,20.910586881139423],[-100.75088605634184,20.910517156926915],[-100.7499081657412,20.910262533178138],[-100.74900472552177,20.909991242026567],[-100.74876808865582,20.909920182968946],[-100.74820367914407,20.909750696299874],[-100.74756460548751,20.909567912605336],[-100.7470204239326,20.909347512534087],[-100.7474528169405,20.90838094793513],[-100.74764348900526,20.907891946482756],[-100.74765524486493,20.90785756329828],[-100.74766627719892,20.907825297507713],[-100.74772687473522,20.90763280885835],[-100.7477729640535,20.907543782790015],[-100.74803993619618,20.90686213164383],[-100.74812357736579,20.906625129924386],[-100.74826875546226,20.90627680505605],[-100.74828817122915,20.90622326206966],[-100.74836007744156,20.90602496552832],[-100.74902942133701,20.906180463872207],[-100.74985598766703,20.906349107933],[-100.75009980044908,20.90637981815488],[-100.75065827007359,20.90645527041058],[-100.75098910306338,20.906540434270912],[-100.75144557658548,20.90662430891899],[-100.75153741880058,20.906654317401358],[-100.75166638941788,20.906703219903175],[-100.75221752245108,20.906823019424078],[-100.75198168001752,20.90747852809524],[-100.75177799775008,20.908045115242288],[-100.75144913960625,20.90895989823129],[-100.75131016752513,20.90935243904896],[-100.75206633943253,20.909544186013353],[-100.75188114814009,20.91001430481351],[-100.7515817674784,20.91072581139046]]]},"properties":{"seccion":168,"municipio":3,"electores":1092}},{"type":"Feature","geometry":{"type":"Polygon","coordinates":[[[-100.75351705820783,20.911707533812034],[-100.75284610529533,20.91139277540371],[-100.75227579700872,20.911162482473728],[-100.7515817674784,20.91072581139046],[-100.75188114814009,20.91001430481351],[-100.75206633943253,20.909544186013353],[-100.75131016752513,20.90935243904896],[-100.75144913960625,20.90895989823129],[-100.75177799775008,20.908045115242288],[-100.75198168001752,20.90747852809524],[-100.75221752245108,20.906823019424078],[-100.7525606298633,20.90693725658757],[-100.75269055972912,20.906980516335228],[-100.7530923247831,20.907087086580127],[-100.75296346291918,20.907486904420885],[-100.7532077496318,20.907558192466993],[-100.75381299646608,20.907603635935104],[-100.75386965880361,20.907620400577102],[-100.75463258009034,20.907846123262768],[-100.75548210690981,20.908069219208652],[-100.75553850143265,20.908084029010563],[-100.75579875287578,20.908177287904408],[-100.75608299192965,20.90830719741606],[-100.75602287767335,20.908540270656868],[-100.75595797781389,20.90869959777607],[-100.75593540802416,20.908784694404673],[-100.75572099432867,20.909139689508645],[-100.75563491180644,20.9092822119569],[-100.75540328387477,20.909624051121497],[-100.75496216162733,20.909510511723056],[-100.75484124195088,20.909489947209796],[-100.75455296561077,20.909440920385364],[-100.75434850112279,20.909801691466352],[-100.75415332589286,20.910157913774885],[-100.75386425472489,20.91063724417468],[-100.75376245199662,20.910825577078388],[-100.75368806462998,20.911135772463485],[-100.75351705820783,20.911707533812034]]]},"properties":{"seccion":169,"municipio":3,"electores":1328}},{"type":"Feature","geometry":{"type":"Polygon","coordinates":[[[-100.74416843445917,20.90793882633667],[-100.74415120108667,20.907742050493578],[-100.74410930987366,20.90720487233083],[-100.74395593371575,20.906165919294512],[-100.74376116073213,20.90562181957694],[-100.74366845135351,20.905379494596634],[-100.74314188261388,20.904806717350976],[-100.74307506213306,20.904648611143013],[-100.74316292104024,20.9045218117301],[-100.74324900885226,20.90438969271509],[-100.74345330558985,20.904126909047445],[-100.74349956721831,20.904052641212072],[-100.7436077098551,20.903896566524615],[-100.74385105378656,20.90320778268675],[-100.7438570296044,20.903045371136457],[-100.74387060187787,20.902860743331924],[-100.74380513903056,20.902632644822326],[-100.74372465406726,20.902463736163714],[-100.74364459571339,20.90233172095863],[-100.74356799462653,20.902159082776123],[-100.74411633974833,20.902110502540253],[-100.74422699128257,20.90210069923249],[-100.74469400641031,20.902062569093758],[-100.74484681108056,20.902050092851407],[-100.74574103358866,20.901959782788374],[-100.74642154088465,20.902402981411523],[-100.74700654235615,20.902736460280607],[-100.74733873301851,20.902939690769923],[-100.74764719655165,20.903128404156295],[-100.74800311694061,20.90334614960648],[-100.74829570632748,20.903520265018983],[-100.74913455871925,20.904072524650267],[-100.74866391177271,20.90513630899295],[-100.74852667350171,20.905491932403883],[-100.74839771474757,20.905884368941194],[-100.74836007744156,20.90602496552832],[-100.74828817122915,20.90622326206966],[-100.74826875546226,20.90627680505605],[-100.74812357736579,20.906625129924386],[-100.74748222258204,20.906174159659525],[-100.74691192844011,20.905755668073446],[-100.7466903926975,20.905614032007797],[-100.74642862004593,20.90606686164511],[-100.74496993134235,20.905565198968933],[-100.74479248240226,20.905840055434535],[-100.74482210180335,20.90772154194199],[-100.74441598588784,20.907917558585915],[-100.74416843445917,20.90793882633667]]]},"properties":{"seccion":170,"municipio":3,"electores":762}},{"type":"Feature","geometry":{"type":"Polygon","coordinates":[[[-100.7597479230665,21.070467696745062],[-100.75873309437932,21.06923609612419],[-100.75712936935889,21.06796832202691],[-100.75612277150351,21.06743960903692],[-100.75481474404303,21.066293263865205],[-100.7533895333754,21.06518928791561],[-100.75226528255132,21.06466158288911],[-100.75048945720783,21.063767414803024],[-100.74859884747886,21.06312234218049],[-100.7477736282576,21.063005506460687],[-100.74588112203729,21.06219501130949],[-100.74422782632718,21.061713221977627],[-100.74175124487616,21.061279940793924],[-100.740278788209,21.061168703968903],[-100.73986737867183,21.061213635330084],[-100.7390455126519,21.061386190785772],[-100.73792610157359,21.061271863626263],[-100.73662683406526,21.060869626034712],[-100.73491616279276,21.060512297326387],[-100.7330289760607,21.060156479286505],[-100.73120206186161,21.059924174864612],[-100.73549410710076,21.04700540786992],[-100.73831124414659,21.038524890815033],[-100.74366161505883,21.038188897279074],[-100.74436377363575,21.03785196254838],[-100.74518167947335,21.037348607773982],[-100.74623299099,21.036677804771728],[-100.74687391238076,21.03613463494168],[-100.74780754613903,21.03546485036092],[-100.74868282004813,21.034836923140883],[-100.74955904494475,21.034291687354656],[-100.75026165016492,21.03399607802777],[-100.75155015185877,21.033488576941412],[-100.75242779763725,21.03306737060657],[-100.75330735914928,21.032811550709784],[-100.75401235115545,21.032722665069496],[-100.75495073656258,21.032466321002342],[-100.75553422039873,21.032047680847672],[-100.7562363206662,21.03171070070061],[-100.75699580269396,21.031249158134948],[-100.75775527988354,21.030787612479557],[-100.75822253693379,21.030494041102862],[-100.7586285556876,21.02999424830134],[-100.75933160235542,21.029739951541217],[-100.76020968397359,21.029360055440133],[-100.76096721200344,21.028733106652254],[-100.76132210682536,21.028895386626047],[-100.76147086426694,21.029038806792602],[-100.76161962199393,21.02918222680648],[-100.76186120555168,21.029717669912394],[-100.76216354956834,21.030417983702286],[-100.76216885844973,21.03087280592218],[-100.7619981643823,21.031370531802086],[-100.76212499172506,21.032155096278398],[-100.76224747640032,21.032567533335552],[-100.76230968446215,21.0328564467276],[-100.76201988246639,21.033231167951733],[-100.76161724565195,21.034020400794773],[-100.76132743980938,21.034395121069533],[-100.76156468917902,21.03455843654756],[-100.7619220121751,21.03492745144789],[-100.76216505593479,21.03558693540243],[-100.76211636337635,21.036455750716183],[-100.76288454149183,21.036738435446686],[-100.76353602710266,21.037104850147582],[-100.76420310553426,21.037471617149492],[-100.76442428966119,21.037593225583826],[-100.76507529884171,21.03791828644231],[-100.76584155388166,21.038035567397863],[-100.76679011230885,21.03864745125191],[-100.76797255091697,21.039133203496906],[-100.76808585357233,21.038760035759047],[-100.76849331142179,21.038384262477376],[-100.76936996054474,21.037880275621685],[-100.77065599258476,21.037165895771825],[-100.77218170275256,21.036821542671245],[-100.77371420838622,21.03705603696298],[-100.7754256414772,21.037495682347235],[-100.7775508463129,21.038097028732707],[-100.77843623096386,21.038337244741115],[-100.7790892196147,21.03882763771081],[-100.77980299447167,21.039482890907404],[-100.780403015891,21.040469967441773],[-100.77929448012023,21.04126553881205],[-100.77854769991407,21.04280220261627],[-100.77785681475866,21.044090257072128],[-100.77712851931702,21.04719810451485],[-100.77678428092396,21.04794549762046],[-100.77591441990846,21.049028383692185],[-100.77255835934007,21.053855010690594],[-100.77256322022633,21.05426848197274],[-100.77409931274397,21.05479238929881],[-100.77399671999264,21.056075196124095],[-100.77365488090126,21.057029320141822],[-100.773126308789,21.057116724605603],[-100.77283941077864,21.057739547303175],[-100.77213626381852,21.05799390684849],[-100.77179149316898,21.058699945330815],[-100.77091813723243,21.059493381536598],[-100.77045907813334,21.060489892998923],[-100.76876388423153,21.061456020417577],[-100.76824742007055,21.06257709056486],[-100.76819294534624,21.062949736943228],[-100.76766968270617,21.063491945165932],[-100.76714690114619,21.064075499210784],[-100.76673985959629,21.06449262056453],[-100.76627397416458,21.06491026220818],[-100.7653446174364,21.0659522783118],[-100.76447118535336,21.066745686095366],[-100.76359774397633,21.067539089964885],[-100.76348683350905,21.0681189921455],[-100.76337640627828,21.068740241538748],[-100.76326404270333,21.069196101833015],[-100.76291630417518,21.069654042573337],[-100.76215714062553,21.070156969337308],[-100.76168735699765,21.07024382194188],[-100.76115727875856,21.070207150873248],[-100.76057028952049,21.07033638669346],[-100.7597479230665,21.070467696745062]]]},"properties":{"seccion":178,"municipio":3,"electores":574}},{"type":"Feature","geometry":{"type":"Polygon","coordinates":[[[-100.73790076813235,20.924714803076075],[-100.73780337886397,20.92490722118572],[-100.73768218480977,20.925216628184284],[-100.73761808557583,20.925373021614046],[-100.73757314879124,20.925489752994057],[-100.73752070865793,20.925653826573896],[-100.73745286834459,20.925834836269043],[-100.73732677023101,20.92616926616574],[-100.73694723475134,20.927140128851292],[-100.73654179752805,20.92818346579626],[-100.73628620478428,20.92849524931982],[-100.73565810453823,20.92912861939248],[-100.73561456254929,20.929392390664123],[-100.73557471214227,20.929739390540806],[-100.7355318288121,20.93010635143814],[-100.73548676452147,20.93048539133168],[-100.73548454966854,20.93050361364886],[-100.73544645711263,20.930817013055442],[-100.73539788825966,20.93118614468476],[-100.73536104643827,20.931540215990243],[-100.73532074711699,20.93194224083075],[-100.73523043373314,20.93227969368595],[-100.73511396455986,20.9326183543521],[-100.73491881263568,20.932936431875508],[-100.73467738590074,20.933292582949665],[-100.7345159324088,20.933486450612424],[-100.73439458211922,20.93362138246172],[-100.7343623962821,20.933657170494794],[-100.73424132774572,20.933804493105935],[-100.73410415776651,20.933975046453096],[-100.7339749938195,20.93413014040323],[-100.73373294352865,20.934432473255253],[-100.73369698236958,20.934472040443517],[-100.73346309475951,20.93472938063102],[-100.73343706241039,20.93482612167581],[-100.73329334979182,20.93503319174455],[-100.73298859394778,20.935672519725184],[-100.73290412496038,20.935869689233567],[-100.73278811259105,20.93630224836568],[-100.73271825989636,20.936553091485123],[-100.73267073662457,20.93666959072552],[-100.73247271032918,20.936987080342078],[-100.73239252530159,20.93712145859479],[-100.73229781445608,20.937229255700295],[-100.73218178350812,20.937337269214392],[-100.73201268280744,20.93746585306042],[-100.7318184397226,20.937571321701764],[-100.7315886629815,20.937677150778295],[-100.73141119690864,20.937773684862876],[-100.73126800471468,20.937992147559715],[-100.73114999260616,20.938237063535887],[-100.7310312126054,20.938415215046273],[-100.73089107379857,20.938590244573767],[-100.73080767916674,20.938677894485316],[-100.73069114243152,20.938742092973836],[-100.730572680237,20.93879337380528],[-100.73047206152144,20.938851150791972],[-100.73039979294737,20.93890196295836],[-100.73035627736434,20.93898086166042],[-100.73033413951535,20.939064551449132],[-100.73028391990351,20.93917857353931],[-100.73023011933041,20.93921292261335],[-100.73016526542102,20.939213163011846],[-100.72994242669675,20.939149902537213],[-100.72967523327803,20.93909251669958],[-100.7294360835945,20.939001460035776],[-100.72922524613246,20.938900100217754],[-100.72904245255525,20.938765069785898],[-100.72894895339098,20.938669197589963],[-100.7289122698328,20.93856941097123],[-100.72892548670242,20.938482473112316],[-100.7289388185512,20.938405549924347],[-100.7289237618579,20.938332253034538],[-100.7288730183074,20.93824596332825],[-100.7287687445534,20.93814018434797],[-100.72858622057505,20.93802852089551],[-100.72829698144245,20.93790792244567],[-100.72794775722595,20.937824655760757],[-100.72786167247409,20.937755416702366],[-100.72780003987478,20.937649205215326],[-100.72771985765334,20.937552362731665],[-100.7281334173853,20.93697101147235],[-100.72829474563807,20.93670043483314],[-100.72835707431987,20.93656391386679],[-100.72853679544627,20.936244702414328],[-100.7287048770627,20.935897721826905],[-100.72904773358312,20.93411808441305],[-100.72919985585622,20.93300279768353],[-100.73216857318978,20.92564971527855],[-100.7346898107947,20.919404429199883],[-100.73382603410948,20.91955608386822],[-100.73079173220046,20.91962880808422],[-100.72348008342547,20.917926111113804],[-100.72420139898203,20.916225367795676],[-100.72435817238416,20.915782259728577],[-100.72532628368683,20.913045912670547],[-100.72573452526817,20.913136140592925],[-100.72641187824073,20.913267346631216],[-100.7293138628384,20.91392824520199],[-100.73017553876883,20.91411936460763],[-100.73076817106694,20.914241431551307],[-100.73111949498889,20.914341279860203],[-100.73140025217006,20.914394838641183],[-100.73168924585556,20.914464558846415],[-100.73192207529857,20.914530559883094],[-100.73209268188383,20.91457583375089],[-100.7322631805563,20.91461170768769],[-100.73280468876679,20.914719023906684],[-100.73325369157322,20.91479967248514],[-100.73367686779484,20.914869985789714],[-100.73400710566008,20.914876033596382],[-100.73432733957108,20.914882182364803],[-100.73436643126011,20.914891958965192],[-100.73450795102755,20.914927352135468],[-100.73476956750274,20.915056306358455],[-100.73500063167954,20.9151385663854],[-100.735181946818,20.91524483370296],[-100.7354113756853,20.91543275127395],[-100.73550934120708,20.915488906348777],[-100.73560756995263,20.915567918969305],[-100.73571174895251,20.915635440903767],[-100.7359813852674,20.915809867088452],[-100.73611823818257,20.91554558255707],[-100.73614601450721,20.91531669737696],[-100.73627697519714,20.914961079011867],[-100.73647662639726,20.91462618885101],[-100.73635514579777,20.914549522105627],[-100.73620311204995,20.914437753840684],[-100.73574717518576,20.914116610735384],[-100.7359404061887,20.913689824075067],[-100.73628123111156,20.913841355551675],[-100.73664028403155,20.91398409002768],[-100.73704336837403,20.913971379502186],[-100.73747701824675,20.914225295118232],[-100.73808169496004,20.914210530897588],[-100.73812360888554,20.914666482152448],[-100.73888830372948,20.914660349991262],[-100.73906092057125,20.91568163623964],[-100.73888905108619,20.91587713316762],[-100.73868878089067,20.915754607002086],[-100.73866754145969,20.915741614340202],[-100.73828906414386,20.915504360931607],[-100.73800301514747,20.91533505453618],[-100.73771164908393,20.91549947424103],[-100.73772230109826,20.915628529392617],[-100.73775307447758,20.915714325257937],[-100.73781410028326,20.915840715025755],[-100.7378685266153,20.91599085191148],[-100.73788341312772,20.91608972578142],[-100.7378892355306,20.916197302801486],[-100.73790422134614,20.916304786556807],[-100.73795232135669,20.916502347740497],[-100.73786105946866,20.916535567473645],[-100.73778142549838,20.916583737900527],[-100.73772058975031,20.91667261877401],[-100.73765634655248,20.91666466165186],[-100.73754302766638,20.91716955260806],[-100.7374038551147,20.91781678647019],[-100.73730841529913,20.918282746319164],[-100.73897726798009,20.918360477352074],[-100.73889396345938,20.919480743701047],[-100.73914267202836,20.919590150690503],[-100.73944616353425,20.91968177878816],[-100.73915499136048,20.920657776090994],[-100.73910682382699,20.921167413977695],[-100.73886652522206,20.921210261790833],[-100.73866682979045,20.921548508584525],[-100.73858817211699,20.921681739556153],[-100.7384900531678,20.92183938558483],[-100.73839434379482,20.92205565378333],[-100.73838873291687,20.922278693549234],[-100.73840149903515,20.922335459890597],[-100.7384404899544,20.922508838177798],[-100.73849366625782,20.922861993208482],[-100.73851357956798,20.92316935262037],[-100.73846678890749,20.92336974456529],[-100.73840052750037,20.923541394649824],[-100.73817055343146,20.924137139253087],[-100.73814320654486,20.92424486213981],[-100.73801962897362,20.92451270117941],[-100.73790076813235,20.924714803076075]]]},"properties":{"seccion":142,"municipio":3,"electores":1282}},{"type":"Feature","geometry":{"type":"Polygon","coordinates":[[[-100.74625875381777,20.92593139630346],[-100.74587460040118,20.925885767011078],[-100.74560314214048,20.92585352297374],[-100.7453571209041,20.925809904585638],[-100.74500418793605,20.925721244641956],[-100.74475196840129,20.925659586414195],[-100.74458152274691,20.925617918592422],[-100.74408512311355,20.925507655831495],[-100.74341390411794,20.92549529019363],[-100.743127498526,20.925512338466778],[-100.74307352733122,20.925515551044406],[-100.74193604670131,20.925614180271502],[-100.74097129674071,20.925286008410236],[-100.73814320654486,20.92424486213981],[-100.73817055343146,20.924137139253087],[-100.73840052750037,20.923541394649824],[-100.73846678890749,20.92336974456529],[-100.73851357956798,20.92316935262037],[-100.73849366625782,20.922861993208482],[-100.7384404899544,20.922508838177798],[-100.73840149903515,20.922335459890597],[-100.73838873291687,20.922278693549234],[-100.73839434379482,20.92205565378333],[-100.7384900531678,20.92183938558483],[-100.73858817211699,20.921681739556153],[-100.7387438823239,20.921760952583462],[-100.73885622541837,20.921808289900937],[-100.73906362178714,20.921895056182283],[-100.73929700095543,20.921997718933586],[-100.73970257774243,20.922167201106042],[-100.74041552814198,20.922390966406937],[-100.74081634868683,20.92239971621775],[-100.74137088726884,20.92231277079368],[-100.74181659589182,20.922265439797954],[-100.74196203553379,20.922273284847247],[-100.74200149369806,20.922275414967412],[-100.74207178297291,20.922109578827598],[-100.74215069960495,20.9219233887692],[-100.7421894984547,20.921831849470532],[-100.74222810730078,20.921662156321027],[-100.74230917879491,20.9213058307802],[-100.74261082772733,20.921003490410374],[-100.7437299044813,20.920827250939066],[-100.74384137467277,20.920805701933425],[-100.74400385017928,20.92077429262926],[-100.74437668118944,20.920698826384868],[-100.74447416090113,20.921213762614286],[-100.74458697588972,20.921735707732843],[-100.74470169963088,20.922422444845434],[-100.74483167633245,20.923109025867177],[-100.74484042733049,20.92315731564041],[-100.7448804966676,20.923378425835683],[-100.74488870751358,20.92342373473956],[-100.74561879713973,20.923244293252722],[-100.74616600161045,20.923048194970157],[-100.74685265117172,20.922803573786517],[-100.7467748341265,20.923150376400088],[-100.74670653627118,20.92361241702936],[-100.74667131407868,20.923873299843606],[-100.74655907360861,20.92459366213684],[-100.74647078078343,20.925160324144123],[-100.74643334176714,20.92546057932977],[-100.74635685947399,20.92592270357117],[-100.74625875381777,20.92593139630346]]]},"properties":{"seccion":143,"municipio":3,"electores":1372}},{"type":"Feature","geometry":{"type":"Polygon","coordinates":[[[-100.75341100925036,20.93166455029694],[-100.75295720106924,20.932260638887207],[-100.75123617062171,20.93441116751009],[-100.75108284742855,20.934519575715235],[-100.75092361202073,20.93457796569385],[-100.75077474511838,20.934611209759556],[-100.75068942882514,20.934608746540402],[-100.75057190066013,20.93458658224265],[-100.75045908157678,20.9345109521901],[-100.74836209420307,20.932836865935343],[-100.74713632561706,20.93184342361393],[-100.74688750356266,20.931644619328278],[-100.7455468416989,20.93058824340049],[-100.74482107634137,20.92999515008345],[-100.7433927746567,20.92882359289831],[-100.74232880996354,20.927955813776045],[-100.74195902393052,20.92766033313547],[-100.74165812311773,20.927405502787067],[-100.7413259053413,20.92714764131179],[-100.74099946099348,20.926881379438175],[-100.74094268054554,20.92681101333264],[-100.74090256987179,20.92672253220379],[-100.74090578654506,20.926616498823343],[-100.74091609477583,20.926492229096734],[-100.74091107677881,20.92640625658888],[-100.74086859970627,20.926319742632],[-100.74076971445369,20.92621892381403],[-100.74073807529129,20.926149949923314],[-100.74073422497017,20.92606904869975],[-100.74097129674071,20.925286008410236],[-100.74193604670131,20.925614180271502],[-100.74307352733122,20.925515551044406],[-100.743127498526,20.925512338466778],[-100.74341390411794,20.92549529019363],[-100.74408512311355,20.925507655831495],[-100.74458152274691,20.925617918592422],[-100.74475196840129,20.925659586414195],[-100.74500418793605,20.925721244641956],[-100.7453571209041,20.925809904585638],[-100.74560314214048,20.92585352297374],[-100.74587460040118,20.925885767011078],[-100.74625875381777,20.92593139630346],[-100.74635685947399,20.92592270357117],[-100.74643334176714,20.92546057932977],[-100.74647078078343,20.925160324144123],[-100.74655907360861,20.92459366213684],[-100.74667131407868,20.923873299843606],[-100.74670653627118,20.92361241702936],[-100.7467748341265,20.923150376400088],[-100.74685265117172,20.922803573786517],[-100.74616600161045,20.923048194970157],[-100.74561879713973,20.923244293252722],[-100.74488870751358,20.92342373473956],[-100.7448804966676,20.923378425835683],[-100.74484042733049,20.92315731564041],[-100.74483167633245,20.923109025867177],[-100.74470169963088,20.922422444845434],[-100.74458697588972,20.921735707732843],[-100.74447416090113,20.921213762614286],[-100.74437668118944,20.920698826384868],[-100.74458502239519,20.92066466611377],[-100.74499230917974,20.92059788533772],[-100.74569753318953,20.92048194209554],[-100.74626814223282,20.920374946875327],[-100.74680094406165,20.920283507699732],[-100.74699977427221,20.921316919593547],[-100.7471894900686,20.922408219982394],[-100.74721620024248,20.922561863067635],[-100.74722857927779,20.92263307000234],[-100.74786623798202,20.922375742401808],[-100.74837467186417,20.922155564605873],[-100.7486399111859,20.922009533704543],[-100.74869254329923,20.9219445031725],[-100.7487528842653,20.921886559373274],[-100.74882051836843,20.921799877994406],[-100.748918489095,20.92169855438785],[-100.74910638864455,20.92146016085965],[-100.74917005558608,20.921688811327854],[-100.74936460815546,20.922023606263174],[-100.74936039235916,20.922317443606104],[-100.74928141570214,20.92274102981979],[-100.750237478093,20.92256065831352],[-100.75084908304744,20.922445496186988],[-100.75093040239862,20.922552147741122],[-100.7510037027765,20.922644674485344],[-100.7511838926097,20.922927433798325],[-100.75136900301104,20.923214059148595],[-100.75143863461888,20.923299333202127],[-100.75155493731694,20.923462951094518],[-100.75160948405595,20.92356271124923],[-100.75169436763875,20.923647828675865],[-100.75181821344873,20.923804203242803],[-100.75188030304678,20.923896720179467],[-100.75195756112457,20.923981915709803],[-100.75201965088615,20.924074432582803],[-100.75207403155963,20.92415986285194],[-100.75212841229725,20.92424529309867],[-100.75220592064503,20.92435198302821],[-100.75227580323238,20.924458751195118],[-100.7523532284785,20.92455827619497],[-100.75245411477356,20.924707720194494],[-100.75274701828806,20.925095993496793],[-100.75336712981745,20.92634293311172],[-100.75367466423053,20.92710098527874],[-100.75370900674532,20.92723903451616],[-100.75387785815713,20.92762112748345],[-100.75393595573827,20.927763053253493],[-100.75420289560911,20.92841585728175],[-100.75423487344311,20.928494058929637],[-100.75426821664445,20.92859950932982],[-100.75428795101463,20.9286652464251],[-100.7543142960757,20.928759058277368],[-100.75433405256973,20.92882940887852],[-100.75447270604671,20.929323135738933],[-100.75452998232898,20.92949144971718],[-100.7547318880007,20.930203963049344],[-100.75341100925036,20.93166455029694]]]},"properties":{"seccion":144,"municipio":3,"electores":1337}},{"type":"Feature","geometry":{"type":"Polygon","coordinates":[[[-100.75425529396837,20.92706426259867],[-100.75367466423053,20.92710098527874],[-100.75336712981745,20.92634293311172],[-100.75274701828806,20.925095993496793],[-100.75245411477356,20.924707720194494],[-100.7523532284785,20.92455827619497],[-100.75227580323238,20.924458751195118],[-100.75220592064503,20.92435198302821],[-100.75212841229725,20.92424529309867],[-100.75207403155963,20.92415986285194],[-100.75201965088615,20.924074432582803],[-100.75195756112457,20.923981915709803],[-100.75188030304678,20.923896720179467],[-100.75181821344873,20.923804203242803],[-100.75169436763875,20.923647828675865],[-100.75160948405595,20.92356271124923],[-100.75155493731694,20.923462951094518],[-100.75143863461888,20.923299333202127],[-100.75136900301104,20.923214059148595],[-100.7511838926097,20.922927433798325],[-100.7510037027765,20.922644674485344],[-100.75093040239862,20.922552147741122],[-100.75084908304744,20.922445496186988],[-100.75070284940215,20.922184628266727],[-100.7506933213654,20.92216763105107],[-100.75060793983666,20.922039523890582],[-100.75046047057073,20.921818899107535],[-100.75006046448829,20.921196000556233],[-100.74979586619726,20.920740107266067],[-100.74974182087377,20.92068333549342],[-100.74960189681117,20.92045546673876],[-100.74952405975979,20.92032011587078],[-100.74939142940852,20.920063509303677],[-100.74925855007127,20.919785408011624],[-100.7491602360652,20.91952844959991],[-100.7496195909358,20.919351765794353],[-100.74977804678788,20.919362049904542],[-100.74997208559479,20.919330034287906],[-100.75006212675679,20.919368727408454],[-100.7507372857156,20.919386885517266],[-100.75071053905056,20.919053954304133],[-100.7508600389615,20.918968114929523],[-100.75105668163948,20.918931066940452],[-100.75119543956238,20.918954666192747],[-100.75124360308791,20.918974190101604],[-100.7513078017599,20.918998553996918],[-100.75142109432701,20.919122503832927],[-100.75145250687736,20.919157343519483],[-100.75157757396786,20.919296055306567],[-100.75185185869748,20.919523447132278],[-100.75187259509865,20.919549919145165],[-100.75207352720308,20.91980642766999],[-100.75210807629072,20.91984017176829],[-100.75224592723774,20.919974810573244],[-100.75261016930318,20.920151232984644],[-100.75258398986249,20.92033651253991],[-100.75262407922826,20.920431340809394],[-100.752637653492,20.92045170745508],[-100.75274333981663,20.92061027757558],[-100.75283076274816,20.920799550068207],[-100.75293902323386,20.920948572751026],[-100.7531338926638,20.921216813362722],[-100.75339757641437,20.921516030441612],[-100.7535550752275,20.92167888734066],[-100.75369291354951,20.92182367108196],[-100.75404730553782,20.92219162086498],[-100.75414596469824,20.92231244013027],[-100.75448953633023,20.92259135920312],[-100.75453868824609,20.92263126167071],[-100.75509894518868,20.923417416617617],[-100.7552964798718,20.923677326344926],[-100.75486957202314,20.92394390182029],[-100.75490364605604,20.924058886588636],[-100.75502471367282,20.924265245007994],[-100.75510824274974,20.924410477261947],[-100.75519995477907,20.924555625322636],[-100.7552566268414,20.924630552093447],[-100.75499851919278,20.924826811561527],[-100.75461661334283,20.92506140776687],[-100.7547257653907,20.925298644849043],[-100.75365900463078,20.925755570136474],[-100.75382695720948,20.926122916809817],[-100.75400331731197,20.926509399368975],[-100.75425529396837,20.92706426259867]]]},"properties":{"seccion":146,"municipio":3,"electores":2112}},{"type":"Feature","geometry":{"type":"Polygon","coordinates":[[[-100.74928141570214,20.92274102981979],[-100.74936039235916,20.922317443606104],[-100.74936460815546,20.922023606263174],[-100.74917005558608,20.921688811327854],[-100.74910638864455,20.92146016085965],[-100.748918489095,20.92169855438785],[-100.74882051836843,20.921799877994406],[-100.7487528842653,20.921886559373274],[-100.74869254329923,20.9219445031725],[-100.7486399111859,20.922009533704543],[-100.74837467186417,20.922155564605873],[-100.74786623798202,20.922375742401808],[-100.74722857927779,20.92263307000234],[-100.74721620024248,20.922561863067635],[-100.7471894900686,20.922408219982394],[-100.74699977427221,20.921316919593547],[-100.74680094406165,20.920283507699732],[-100.7470215075471,20.92023109083246],[-100.7469585920143,20.920066923078316],[-100.74681734400636,20.919724413764353],[-100.74661309892875,20.919210571455036],[-100.74633483463653,20.91856133857281],[-100.74649538730729,20.9185955249622],[-100.74696869572219,20.918740562949083],[-100.74701583831951,20.918755010617023],[-100.74744519803,20.91895125693664],[-100.74768067743376,20.91906775608024],[-100.7477290073206,20.91909166634636],[-100.74791293617102,20.919168606358543],[-100.74812653645301,20.919173586606004],[-100.74827034292029,20.919078959827004],[-100.74839856580176,20.91895582824425],[-100.74845857306612,20.918869226560115],[-100.74870043122876,20.91868044101004],[-100.74907400250517,20.918669447367197],[-100.74902511583326,20.919149943161568],[-100.7490522038051,20.91922558504958],[-100.74907361029256,20.919292868507306],[-100.74908198421701,20.919357274145007],[-100.74911348448465,20.919442940001442],[-100.7491602360652,20.91952844959991],[-100.74925855007127,20.919785408011624],[-100.74939142940852,20.920063509303677],[-100.74952405975979,20.92032011587078],[-100.74960189681117,20.92045546673876],[-100.74974182087377,20.92068333549342],[-100.74979586619726,20.920740107266067],[-100.75006046448829,20.921196000556233],[-100.75046047057073,20.921818899107535],[-100.75060793983666,20.922039523890582],[-100.7506933213654,20.92216763105107],[-100.75070284940215,20.922184628266727],[-100.75084908304744,20.922445496186988],[-100.750237478093,20.92256065831352],[-100.74928141570214,20.92274102981979]]]},"properties":{"seccion":147,"municipio":3,"electores":1075}},{"type":"Feature","geometry":{"type":"Polygon","coordinates":[[[-100.74200149369806,20.922275414967412],[-100.74196203553379,20.922273284847247],[-100.74181659589182,20.922265439797954],[-100.74137088726884,20.92231277079368],[-100.74081634868683,20.92239971621775],[-100.74041552814198,20.922390966406937],[-100.73970257774243,20.922167201106042],[-100.73929700095543,20.921997718933586],[-100.73906362178714,20.921895056182283],[-100.73885622541837,20.921808289900937],[-100.7387438823239,20.921760952583462],[-100.73858817211699,20.921681739556153],[-100.73866682979045,20.921548508584525],[-100.73886652522206,20.921210261790833],[-100.73910682382699,20.921167413977695],[-100.73915499136048,20.920657776090994],[-100.73944616353425,20.91968177878816],[-100.74015955368554,20.919742242032918],[-100.74044949513494,20.919753618079355],[-100.74117426600858,20.919774891134576],[-100.74194412846471,20.919738375170482],[-100.74279236146461,20.9195541582868],[-100.74348447341036,20.919389445958966],[-100.74413008223388,20.919262593877427],[-100.74422502762599,20.91922714123851],[-100.74451953015978,20.919203312832554],[-100.7453092778962,20.918908612621937],[-100.74551251427188,20.91867723320883],[-100.74566320090352,20.918518046698686],[-100.74572408400228,20.918511836676963],[-100.7459755184996,20.918486190349007],[-100.74633483463653,20.91856133857281],[-100.74661309892875,20.919210571455036],[-100.74681734400636,20.919724413764353],[-100.7469585920143,20.920066923078316],[-100.7470215075471,20.92023109083246],[-100.74680094406165,20.920283507699732],[-100.74626814223282,20.920374946875327],[-100.74569753318953,20.92048194209554],[-100.74499230917974,20.92059788533772],[-100.74458502239519,20.92066466611377],[-100.74437668118944,20.920698826384868],[-100.74400385017928,20.92077429262926],[-100.74384137467277,20.920805701933425],[-100.7437299044813,20.920827250939066],[-100.74261082772733,20.921003490410374],[-100.74230917879491,20.9213058307802],[-100.74222810730078,20.921662156321027],[-100.7421894984547,20.921831849470532],[-100.74215069960495,20.9219233887692],[-100.74207178297291,20.922109578827598],[-100.74200149369806,20.922275414967412]]]},"properties":{"seccion":148,"municipio":3,"electores":753}},{"type":"Feature","geometry":{"type":"Polygon","coordinates":[[[-100.73944616353425,20.91968177878816],[-100.73914267202836,20.919590150690503],[-100.73889396345938,20.919480743701047],[-100.73897726798009,20.918360477352074],[-100.73730841529913,20.918282746319164],[-100.7374038551147,20.91781678647019],[-100.73754302766638,20.91716955260806],[-100.73765634655248,20.91666466165186],[-100.73772058975031,20.91667261877401],[-100.73778142549838,20.916583737900527],[-100.73786105946866,20.916535567473645],[-100.73795232135669,20.916502347740497],[-100.73790422134614,20.916304786556807],[-100.7378892355306,20.916197302801486],[-100.73788341312772,20.91608972578142],[-100.7378685266153,20.91599085191148],[-100.73781410028326,20.915840715025755],[-100.73775307447758,20.915714325257937],[-100.73772230109826,20.915628529392617],[-100.73771164908393,20.91549947424103],[-100.73800301514747,20.91533505453618],[-100.73828906414386,20.915504360931607],[-100.73866754145969,20.915741614340202],[-100.73868878089067,20.915754607002086],[-100.73888905108619,20.91587713316762],[-100.73906092057125,20.91568163623964],[-100.73888830372948,20.914660349991262],[-100.73952826124139,20.914603671968145],[-100.74021421871855,20.91456802003896],[-100.74017998319334,20.914886602050718],[-100.74011091908488,20.915529282208883],[-100.74007525585063,20.91640386615735],[-100.7401583309193,20.91659998280504],[-100.7401468629654,20.916661103118866],[-100.74011851123956,20.916847701324876],[-100.74008360910521,20.91712752091612],[-100.74000378052949,20.91747945574012],[-100.73997576848942,20.91759117816678],[-100.73985067294542,20.918090103930727],[-100.73944616353425,20.91968177878816]]]},"properties":{"seccion":149,"municipio":3,"electores":1089}},{"type":"Feature","geometry":{"type":"Polygon","coordinates":[[[-100.74194412846471,20.919738375170482],[-100.74117426600858,20.919774891134576],[-100.74044949513494,20.919753618079355],[-100.74015955368554,20.919742242032918],[-100.73944616353425,20.91968177878816],[-100.73985067294542,20.918090103930727],[-100.73997576848942,20.91759117816678],[-100.74000378052949,20.91747945574012],[-100.74008360910521,20.91712752091612],[-100.74011851123956,20.916847701324876],[-100.7401468629654,20.916661103118866],[-100.7401583309193,20.91659998280504],[-100.74007525585063,20.91640386615735],[-100.74011091908488,20.915529282208883],[-100.74017998319334,20.914886602050718],[-100.74021421871855,20.91456802003896],[-100.74198436495043,20.914504593199247],[-100.7422964110154,20.914509552713827],[-100.74334472758257,20.914482567807728],[-100.74319251335035,20.915558993235134],[-100.74315505172694,20.915964006850338],[-100.74311518099326,20.916473180918324],[-100.74267974017863,20.916409551028654],[-100.74260157452238,20.916904784421234],[-100.74246223838523,20.917386310564808],[-100.74229927938796,20.917803586067492],[-100.74223918570696,20.917883022338867],[-100.74215613239657,20.91795552712404],[-100.74206022918473,20.91823596928599],[-100.74202396428501,20.918397568319687],[-100.74199188474802,20.918591370451654],[-100.74194198312041,20.918892840425915],[-100.74192913313874,20.919100777826042],[-100.7419393257196,20.919322811598565],[-100.74194412846471,20.919738375170482]]]},"properties":{"seccion":150,"municipio":3,"electores":747}},{"type":"Feature","geometry":{"type":"Polygon","coordinates":[[[-100.74194412846471,20.919738375170482],[-100.7419393257196,20.919322811598565],[-100.74192913313874,20.919100777826042],[-100.74194198312041,20.918892840425915],[-100.74199188474802,20.918591370451654],[-100.74202396428501,20.918397568319687],[-100.74206022918473,20.91823596928599],[-100.74215613239657,20.91795552712404],[-100.74223918570696,20.917883022338867],[-100.74229927938796,20.917803586067492],[-100.74246223838523,20.917386310564808],[-100.74260157452238,20.916904784421234],[-100.74267974017863,20.916409551028654],[-100.74311518099326,20.916473180918324],[-100.74422369778286,20.916705495982175],[-100.74422627136917,20.918246101440413],[-100.74422707076431,20.918610396627287],[-100.74422805612703,20.91905939335389],[-100.74422502762599,20.91922714123851],[-100.74413008223388,20.919262593877427],[-100.74348447341036,20.919389445958966],[-100.74279236146461,20.9195541582868],[-100.74194412846471,20.919738375170482]]]},"properties":{"seccion":151,"municipio":3,"electores":600}},{"type":"Feature","geometry":{"type":"Polygon","coordinates":[[[-100.74422502762599,20.91922714123851],[-100.74422805612703,20.91905939335389],[-100.74422707076431,20.918610396627287],[-100.74422627136917,20.918246101440413],[-100.74422369778286,20.916705495982175],[-100.74311518099326,20.916473180918324],[-100.74315505172694,20.915964006850338],[-100.74319251335035,20.915558993235134],[-100.74334472758257,20.914482567807728],[-100.74341784501338,20.91448037448876],[-100.74416774494249,20.914457877775444],[-100.74419524235296,20.914457186695163],[-100.74467878178183,20.914445033387366],[-100.74526805178513,20.914430350066116],[-100.74581396647127,20.914424769850847],[-100.74670639893904,20.914407500896356],[-100.7466260658232,20.91495390058699],[-100.74656015910526,20.91538640264443],[-100.74654337869825,20.915776924493905],[-100.74653597403135,20.91605725165953],[-100.7466592823199,20.91658646625839],[-100.74670594571532,20.91693630315535],[-100.74676221691162,20.917195960929565],[-100.74681525023658,20.917635813373327],[-100.74665051234032,20.91812793852454],[-100.74649538730729,20.9185955249622],[-100.74633483463653,20.91856133857281],[-100.7459755184996,20.918486190349007],[-100.74572408400228,20.918511836676963],[-100.74566320090352,20.918518046698686],[-100.74551251427188,20.91867723320883],[-100.7453092778962,20.918908612621937],[-100.74451953015978,20.919203312832554],[-100.74422502762599,20.91922714123851]]]},"properties":{"seccion":152,"municipio":3,"electores":703}},{"type":"Feature","geometry":{"type":"Polygon","coordinates":[[[-100.74812653645301,20.919173586606004],[-100.74791293617102,20.919168606358543],[-100.7477290073206,20.91909166634636],[-100.74768067743376,20.91906775608024],[-100.74744519803,20.91895125693664],[-100.74701583831951,20.918755010617023],[-100.74696869572219,20.918740562949083],[-100.74649538730729,20.9185955249622],[-100.74665051234032,20.91812793852454],[-100.74681525023658,20.917635813373327],[-100.74676221691162,20.917195960929565],[-100.74670594571532,20.91693630315535],[-100.7466592823199,20.91658646625839],[-100.74653597403135,20.91605725165953],[-100.74654337869825,20.915776924493905],[-100.74656015910526,20.91538640264443],[-100.7466260658232,20.91495390058699],[-100.74670639893904,20.914407500896356],[-100.74733887178616,20.91439288746485],[-100.74786255938889,20.914374573912347],[-100.74832643268334,20.914358350746834],[-100.74939198027182,20.914323009436234],[-100.75019785191661,20.914314751947824],[-100.75118621183564,20.9143280067723],[-100.75139445416394,20.914327790535747],[-100.75148817575979,20.914327205855095],[-100.7515863971949,20.914326593047004],[-100.75190602518215,20.914330744853665],[-100.75164801433263,20.91466464546095],[-100.75163316858847,20.91468385892027],[-100.75125484679391,20.915128133484124],[-100.75102275412205,20.915404666819054],[-100.75099217396549,20.915441103553395],[-100.75074026712372,20.915763973270693],[-100.750436497779,20.91620748330519],[-100.74983236323042,20.916929316371373],[-100.74959156737482,20.91729210663741],[-100.74937276975929,20.91771472503654],[-100.74920699512327,20.918116782078368],[-100.7491358039882,20.918407771432342],[-100.74909217582925,20.918592498823585],[-100.74907400250517,20.918669447367197],[-100.74870043122876,20.91868044101004],[-100.74845857306612,20.918869226560115],[-100.74839856580176,20.91895582824425],[-100.74827034292029,20.919078959827004],[-100.74812653645301,20.919173586606004]]]},"properties":{"seccion":153,"municipio":3,"electores":971}},{"type":"Feature","geometry":{"type":"Polygon","coordinates":[[[-100.7491602360652,20.91952844959991],[-100.74911348448465,20.919442940001442],[-100.74908198421701,20.919357274145007],[-100.74907361029256,20.919292868507306],[-100.7490522038051,20.91922558504958],[-100.74902511583326,20.919149943161568],[-100.74907400250517,20.918669447367197],[-100.74909217582925,20.918592498823585],[-100.7491358039882,20.918407771432342],[-100.74920699512327,20.918116782078368],[-100.74937276975929,20.91771472503654],[-100.74959156737482,20.91729210663741],[-100.74983236323042,20.916929316371373],[-100.75024915432051,20.917045150774154],[-100.75164314715157,20.917376165139842],[-100.75173507805683,20.917495329509673],[-100.75184854418579,20.917634290782562],[-100.7519404754185,20.917753455015642],[-100.75203738345698,20.91784254125429],[-100.75221458315269,20.91796583481548],[-100.75211062985157,20.918187098593325],[-100.75205882758371,20.918312742106508],[-100.75198636243682,20.91849364688654],[-100.75198377038322,20.918728883925745],[-100.75206065612082,20.918928274053933],[-100.75212625090012,20.91907273075549],[-100.7521405830084,20.91916016202153],[-100.75148383942648,20.919021770610957],[-100.75142109432701,20.919122503832927],[-100.7513078017599,20.918998553996918],[-100.75124360308791,20.918974190101604],[-100.75119543956238,20.918954666192747],[-100.75105668163948,20.918931066940452],[-100.7508600389615,20.918968114929523],[-100.75071053905056,20.919053954304133],[-100.7507372857156,20.919386885517266],[-100.75006212675679,20.919368727408454],[-100.74997208559479,20.919330034287906],[-100.74977804678788,20.919362049904542],[-100.7496195909358,20.919351765794353],[-100.7491602360652,20.91952844959991]]]},"properties":{"seccion":154,"municipio":3,"electores":1185}},{"type":"Feature","geometry":{"type":"Polygon","coordinates":[[[-100.75404730553782,20.92219162086498],[-100.75369291354951,20.92182367108196],[-100.7535550752275,20.92167888734066],[-100.75339757641437,20.921516030441612],[-100.7531338926638,20.921216813362722],[-100.75293902323386,20.920948572751026],[-100.75283076274816,20.920799550068207],[-100.75274333981663,20.92061027757558],[-100.752637653492,20.92045170745508],[-100.75262407922826,20.920431340809394],[-100.75258398986249,20.92033651253991],[-100.75261016930318,20.920151232984644],[-100.75224592723774,20.919974810573244],[-100.75210807629072,20.91984017176829],[-100.75207352720308,20.91980642766999],[-100.75187259509865,20.919549919145165],[-100.75185185869748,20.919523447132278],[-100.75157757396786,20.919296055306567],[-100.75145250687736,20.919157343519483],[-100.75142109432701,20.919122503832927],[-100.75148383942648,20.919021770610957],[-100.7521405830084,20.91916016202153],[-100.75212625090012,20.91907273075549],[-100.75206065612082,20.918928274053933],[-100.75198377038322,20.918728883925745],[-100.75198636243682,20.91849364688654],[-100.75205882758371,20.918312742106508],[-100.75211062985157,20.918187098593325],[-100.75221458315269,20.91796583481548],[-100.75203738345698,20.91784254125429],[-100.75304026157637,20.916601146452212],[-100.7532607930637,20.916328640497476],[-100.7534080464268,20.916166985242565],[-100.75355541588922,20.916015337635883],[-100.75364987883307,20.915894260121764],[-100.75376541095696,20.9157529482715],[-100.75393373223928,20.915571059755],[-100.75509160924456,20.916437446337227],[-100.75521520395122,20.916531262120714],[-100.75538163691574,20.91664465284456],[-100.75557987894051,20.916700631743684],[-100.75563813842021,20.916717082801807],[-100.75564401087291,20.916306655778953],[-100.75560800101084,20.915501306082696],[-100.75562170496829,20.915305990785434],[-100.75563447655922,20.915030613518407],[-100.7556622340315,20.914670006145933],[-100.75567640729267,20.914530766765107],[-100.75593069645718,20.91456805393806],[-100.75626950079626,20.914617733196643],[-100.75672229965981,20.914684126485387],[-100.75688762331211,20.91470244353491],[-100.75714144448315,20.914735444480513],[-100.75771291497307,20.914818566256198],[-100.75818259559612,20.914888653924034],[-100.75831209831576,20.914907978609005],[-100.75929368351038,20.91504299808058],[-100.75962714062493,20.91509210915041],[-100.75958979294474,20.91554289575465],[-100.75956076002859,20.91579341811457],[-100.75919603128345,20.916487792136873],[-100.75901799866844,20.916749858394706],[-100.75894472529282,20.916860711435593],[-100.75875604067625,20.91712288719287],[-100.75863021165934,20.91729433502768],[-100.75849361443551,20.91745588475469],[-100.75827250779291,20.917678358241286],[-100.75783029255882,20.918123304477263],[-100.75729279671712,20.918619275054308],[-100.75716673149893,20.91877070652149],[-100.75700917879112,20.91896249767963],[-100.75687327826172,20.91918409271583],[-100.75673691077648,20.919365656727063],[-100.75656812242352,20.9195075184664],[-100.75647771460868,20.9195810059793],[-100.7564309379165,20.91961902812039],[-100.75628286862043,20.91971063177238],[-100.75600064559003,20.92017394584171],[-100.75588278078993,20.920115104456844],[-100.75567243441063,20.92034747324991],[-100.75556544232427,20.920471589225507],[-100.75530160699176,20.920777649823265],[-100.75516069037153,20.92092529814912],[-100.75495579762695,20.92114670381213],[-100.7546808709665,20.92147847876657],[-100.75463706973109,20.921533533308562],[-100.75459780119537,20.921582890579437],[-100.75453389584014,20.92166273880352],[-100.75442524949338,20.921797871646874],[-100.75419520344063,20.922086543151654],[-100.75404730553782,20.92219162086498]]]},"properties":{"seccion":155,"municipio":3,"electores":2362}},{"type":"Feature","geometry":{"type":"Polygon","coordinates":[[[-100.763899138044,20.922926093942152],[-100.76401763595189,20.922793274478845],[-100.7636801371975,20.922592318479914],[-100.76368983780453,20.922566369516325],[-100.76339737993872,20.92236463027747],[-100.76329535223326,20.92250860150058],[-100.76254274626584,20.92208889215503],[-100.76305509200661,20.92127036934672],[-100.76270944416774,20.921097281307066],[-100.76239685143702,20.920978675956516],[-100.76224090383705,20.920918574561647],[-100.76199321704843,20.92083664312021],[-100.76252045156103,20.920157593827795],[-100.76273437748648,20.919903064474173],[-100.76246082543074,20.919796239251514],[-100.76242043406688,20.91966873196242],[-100.76205819115928,20.91973947888272],[-100.76168903807498,20.91977374656126],[-100.76130043689994,20.919808214083602],[-100.76096369645671,20.91984214583068],[-100.7606075790835,20.919882368377756],[-100.76023208471084,20.91992888160753],[-100.75986941306452,20.91996307857473],[-100.75951336603845,20.92000938978345],[-100.75915216800051,20.920031404038898],[-100.75922191682619,20.920531131555137],[-100.75924613041457,20.92099898904637],[-100.75931764085232,20.921570866054946],[-100.75884198663208,20.921368651473355],[-100.75871147977466,20.921296896302934],[-100.75848359054244,20.921213960844458],[-100.75834149294273,20.92114126130227],[-100.75826182892973,20.92110050375662],[-100.75820491328945,20.921076699686243],[-100.75779273114543,20.920904310179115],[-100.75770824320492,20.9208869051345],[-100.75748338902493,20.920804264895416],[-100.75729611395845,20.920731125674],[-100.75715706212031,20.920682512242628],[-100.75698582279036,20.920614212081528],[-100.75666464737019,20.920477392017865],[-100.75653648060944,20.92044868392133],[-100.7564068492337,20.920398056158124],[-100.75638666120868,20.920390171677],[-100.75618323509795,20.92030218391814],[-100.75600064559003,20.92017394584171],[-100.75628286862043,20.91971063177238],[-100.7564309379165,20.91961902812039],[-100.75647771460868,20.9195810059793],[-100.75656812242352,20.9195075184664],[-100.75673691077648,20.919365656727063],[-100.75687327826172,20.91918409271583],[-100.75700917879112,20.91896249767963],[-100.75716673149893,20.91877070652149],[-100.75729279671712,20.918619275054308],[-100.75783029255882,20.918123304477263],[-100.75827250779291,20.917678358241286],[-100.75849361443551,20.91745588475469],[-100.75863021165934,20.91729433502768],[-100.75875604067625,20.91712288719287],[-100.75894472529282,20.916860711435593],[-100.75901799866844,20.916749858394706],[-100.75919603128345,20.916487792136873],[-100.75956076002859,20.91579341811457],[-100.75958979294474,20.91554289575465],[-100.75962714062493,20.91509210915041],[-100.76005388185114,20.915147764786493],[-100.76046292108373,20.915205881719615],[-100.76170308784447,20.91538208021207],[-100.76300947496001,20.915567676748097],[-100.76293529929012,20.914717905670837],[-100.76287710802542,20.914051245185544],[-100.76282677847834,20.913474644401987],[-100.76345223516161,20.913347966480966],[-100.76381114511177,20.91340437008059],[-100.76418347728386,20.913471364639722],[-100.76424099405871,20.913481713739078],[-100.76428442396315,20.913489528110997],[-100.76455441117525,20.913504890001718],[-100.76468149808751,20.91343144459257],[-100.76497011077696,20.912947580692553],[-100.76547409170072,20.912281159643342],[-100.76590426700719,20.911867963101674],[-100.76620876355928,20.91164841782092],[-100.76658663581495,20.911395100702094],[-100.76692457830222,20.91116855072788],[-100.76704661743716,20.91108673778044],[-100.76762384722343,20.911213006766268],[-100.76917587655143,20.911545574799963],[-100.76955901138804,20.911383351986412],[-100.76955139034702,20.911931407016745],[-100.77127569667557,20.91528560829839],[-100.77133420616491,20.916508499098363],[-100.7707945469217,20.919417311474067],[-100.77066506108488,20.919667501036667],[-100.77033918919359,20.920345860846556],[-100.76981322544314,20.921440734405607],[-100.76881501263082,20.922054807373335],[-100.76798725437081,20.922564013461287],[-100.76789045856685,20.922728265422776],[-100.76764829372603,20.923139191963813],[-100.76739773765132,20.922998869140883],[-100.76716881658714,20.9233341617492],[-100.76697517946845,20.923617774097],[-100.76677237291327,20.923914815247432],[-100.76636835157758,20.923659147024402],[-100.76503984544895,20.92379787192149],[-100.76476700630725,20.923565701179076],[-100.76419176098983,20.923139262799374],[-100.763899138044,20.922926093942152]]]},"properties":{"seccion":156,"municipio":3,"electores":4602}},{"type":"Feature","geometry":{"type":"Polygon","coordinates":[[[-100.75257506710057,20.902502974647337],[-100.7539357938577,20.90273995055193],[-100.75451658186458,20.90284610949212],[-100.75512621136122,20.902989344668228],[-100.75550917869768,20.90309146106626],[-100.75585716724555,20.90316414170642],[-100.75624734278307,20.903254492797842],[-100.7566123482829,20.90333920417108],[-100.75759385914493,20.903547320445018],[-100.75814747302736,20.903659575913597],[-100.75831704765531,20.90366962587753],[-100.75909874514814,20.902984924448628],[-100.7599385658505,20.902249301513024],[-100.76120291068351,20.90087982626706],[-100.76249072313794,20.901521178941483],[-100.7708897201971,20.90557632885313],[-100.7713765207999,20.905699121235187],[-100.77085321214251,20.906565591839417],[-100.7702579595452,20.907185108574925],[-100.769581683452,20.909752971311917],[-100.76956704588719,20.910805571961824],[-100.76956147656367,20.911206074427845],[-100.76955901138804,20.911383351986412],[-100.76917587655143,20.911545574799963],[-100.76762384722343,20.911213006766268],[-100.76704661743716,20.91108673778044],[-100.76692457830222,20.91116855072788],[-100.76658663581495,20.911395100702094],[-100.76620876355928,20.91164841782092],[-100.76590426700719,20.911867963101674],[-100.76547409170072,20.912281159643342],[-100.76497011077696,20.912947580692553],[-100.76468149808751,20.91343144459257],[-100.76455441117525,20.913504890001718],[-100.76428442396315,20.913489528110997],[-100.76424099405871,20.913481713739078],[-100.76418347728386,20.913471364639722],[-100.76381114511177,20.91340437008059],[-100.76345223516161,20.913347966480966],[-100.76282677847834,20.913474644401987],[-100.76287710802542,20.914051245185544],[-100.76293529929012,20.914717905670837],[-100.76300947496001,20.915567676748097],[-100.76170308784447,20.91538208021207],[-100.76046292108373,20.915205881719615],[-100.76005388185114,20.915147764786493],[-100.75962714062493,20.91509210915041],[-100.75929368351038,20.91504299808058],[-100.75831209831576,20.914907978609005],[-100.75818259559612,20.914888653924034],[-100.75771291497307,20.914818566256198],[-100.75714144448315,20.914735444480513],[-100.75688762331211,20.91470244353491],[-100.75672229965981,20.914684126485387],[-100.75626950079626,20.914617733196643],[-100.75593069645718,20.91456805393806],[-100.75567640729267,20.914530766765107],[-100.75528711865503,20.91447368344092],[-100.75527934632296,20.91426357546048],[-100.75533706209298,20.914158909011018],[-100.75535403943638,20.914074348765862],[-100.75576979195016,20.913962107202373],[-100.75625397340961,20.913788819371334],[-100.75655363299767,20.913701582820142],[-100.75671938408594,20.913651789538076],[-100.75692351456061,20.91360160125315],[-100.75740832357899,20.913482404371404],[-100.75768274578803,20.91342548079093],[-100.75797045145298,20.91341049726803],[-100.75821984792545,20.913401917484116],[-100.75847578062628,20.913405294562512],[-100.75864862848455,20.913415535462583],[-100.759244491274,20.9134935525393],[-100.75917561641931,20.913073491199036],[-100.75907144862269,20.91291827619197],[-100.75874839596898,20.912645097274055],[-100.75802908967808,20.911877316385453],[-100.75784589571312,20.911657816397494],[-100.75777372837997,20.911462210196905],[-100.75769462929155,20.911482264725898],[-100.75744342775569,20.91149222938288],[-100.75696509857134,20.911556187085246],[-100.75699046233142,20.911710896179873],[-100.75656201851697,20.91168697131106],[-100.75643248721545,20.911679738140332],[-100.75639772425453,20.911392293920624],[-100.75598049808428,20.91130802989702],[-100.75574440058358,20.91126618004167],[-100.75557923548459,20.91124573931891],[-100.75550113768455,20.911283439742423],[-100.75521981348285,20.911404403697045],[-100.75513274623954,20.9113462622423],[-100.75462972031424,20.911626891095494],[-100.75407465664277,20.911962381680326],[-100.75351705820783,20.911707533812034],[-100.75368806462998,20.911135772463485],[-100.75376245199662,20.910825577078388],[-100.75386425472489,20.91063724417468],[-100.75415332589286,20.910157913774885],[-100.75434850112279,20.909801691466352],[-100.75455296561077,20.909440920385364],[-100.75484124195088,20.909489947209796],[-100.75496216162733,20.909510511723056],[-100.75540328387477,20.909624051121497],[-100.75563491180644,20.9092822119569],[-100.75572099432867,20.909139689508645],[-100.75593540802416,20.908784694404673],[-100.75595797781389,20.90869959777607],[-100.75602287767335,20.908540270656868],[-100.75608299192965,20.90830719741606],[-100.75579875287578,20.908177287904408],[-100.75553850143265,20.908084029010563],[-100.75548210690981,20.908069219208652],[-100.75463258009034,20.907846123262768],[-100.75386965880361,20.907620400577102],[-100.75381299646608,20.907603635935104],[-100.7532077496318,20.907558192466993],[-100.75296346291918,20.907486904420885],[-100.7530923247831,20.907087086580127],[-100.75269055972912,20.906980516335228],[-100.7525606298633,20.90693725658757],[-100.75221752245108,20.906823019424078],[-100.75166638941788,20.906703219903175],[-100.75153741880058,20.906654317401358],[-100.75144557658548,20.90662430891899],[-100.75098910309701,20.90654043408594],[-100.75065827007359,20.90645527041058],[-100.75009980044908,20.90637981815488],[-100.74985598766703,20.906349107933],[-100.74902942133701,20.906180463872207],[-100.74836007744156,20.90602496552832],[-100.74839771474757,20.905884368941194],[-100.74854656975572,20.905853327111142],[-100.74873997312618,20.90560044249056],[-100.74969010945728,20.903897106095187],[-100.74973619664124,20.90380807943731],[-100.74981335086522,20.90368921635679],[-100.75005533043725,20.903900744528315],[-100.75038752739239,20.904103968767],[-100.75105055351816,20.904392355842894],[-100.751443858525,20.90444736054932],[-100.75247067069341,20.904276652276312],[-100.75222601221313,20.904173676207],[-100.75212247429901,20.904049285876027],[-100.75198744139823,20.903917838919387],[-100.75194578008063,20.903711638872768],[-100.75180783796516,20.903466555146398],[-100.75170877679959,20.903254004803067],[-100.7517750921415,20.90309314821229],[-100.75187974957876,20.902809099803903],[-100.75202287363021,20.902412531628443],[-100.75257506710057,20.902502974647337]]]},"properties":{"seccion":157,"municipio":3,"electores":5318}},{"type":"Feature","geometry":{"type":"Polygon","coordinates":[[[-100.73801962897362,20.92451270117941],[-100.73814320654486,20.92424486213981],[-100.74097129674071,20.925286008410236],[-100.74073422497017,20.92606904869975],[-100.74073807529129,20.926149949923314],[-100.74076971445369,20.92621892381403],[-100.74086859970627,20.926319742632],[-100.74091107677881,20.92640625658888],[-100.74091609477583,20.926492229096734],[-100.74090578654506,20.926616498823343],[-100.74090256987179,20.92672253220379],[-100.74094268054554,20.92681101333264],[-100.74099946099348,20.926881379438175],[-100.7413259053413,20.92714764131179],[-100.74165812311773,20.927405502787067],[-100.74195902393052,20.92766033313547],[-100.74232880996354,20.927955813776045],[-100.7433927746567,20.92882359289831],[-100.74482107634137,20.92999515008345],[-100.7455468416989,20.93058824340049],[-100.74688750356266,20.931644619328278],[-100.74713632561706,20.93184342361393],[-100.74836209420307,20.932836865935343],[-100.75045908157678,20.9345109521901],[-100.75057190066013,20.93458658224265],[-100.75068942882514,20.934608746540402],[-100.75077474511838,20.934611209759556],[-100.75092361202073,20.93457796569385],[-100.75108284742855,20.934519575715235],[-100.75123617062171,20.93441116751009],[-100.75295720106924,20.932260638887207],[-100.75341100925036,20.93166455029694],[-100.75369281913548,20.93169983956156],[-100.75460268220687,20.931903112835492],[-100.75504865505293,20.9319982669003],[-100.75558024181743,20.93525104812403],[-100.75635629967618,20.93509636777933],[-100.7590291513707,20.934607067605928],[-100.76047659155971,20.934321924301727],[-100.76107075892543,20.93388887329893],[-100.76155342705493,20.933531672000463],[-100.76263421353998,20.932206992904543],[-100.76289017812685,20.93236793873273],[-100.76325583407689,20.932540175039446],[-100.76333032271441,20.932628807399105],[-100.76341678563472,20.932729322945438],[-100.76351223417622,20.932838509320263],[-100.76358981931654,20.932939533830194],[-100.76368007518299,20.933060458747157],[-100.76374196700073,20.933156307049423],[-100.76396984755888,20.93347186323937],[-100.76418987095919,20.933749610941334],[-100.76454090875276,20.934252608732276],[-100.76487010416625,20.934673071635565],[-100.76534316491667,20.93531585965323],[-100.76575933682143,20.935879943916188],[-100.76608285008199,20.936307687646963],[-100.7661989995292,20.9364771694059],[-100.76639621816416,20.936741378150604],[-100.76652857269399,20.936910065882532],[-100.7665949651357,20.937003275531083],[-100.76665435884794,20.937105738664197],[-100.76682932689576,20.9373350662045],[-100.76685237507026,20.93734587049564],[-100.76852067286231,20.93751853834525],[-100.76934350226425,20.93760682533817],[-100.76970737759069,20.937650208483216],[-100.77001808543777,20.93768642202191],[-100.77027971146956,20.93772293561118],[-100.77038634454549,20.93781927328026],[-100.77066600068247,20.937972448650672],[-100.77102091534319,20.93808477963422],[-100.77119836790426,20.938102760150706],[-100.77140524716151,20.93808277186539],[-100.77160821042759,20.938041436374697],[-100.77186710807646,20.937997015832288],[-100.77218341680445,20.937886270766178],[-100.77259144140669,20.937680049443987],[-100.7727910923258,20.93754610213306],[-100.77303875894566,20.93745338754947],[-100.7733213090964,20.937305223921456],[-100.77356120274176,20.93712295844161],[-100.77359518911587,20.93707573080086],[-100.77374126877629,20.936872736837877],[-100.77386676711198,20.936698342413486],[-100.77392133400072,20.936622515049454],[-100.77400521785762,20.936501423684756],[-100.77416127100072,20.936276151049395],[-100.77433306597518,20.936085731657737],[-100.77450370563754,20.93594039929854],[-100.77469896173909,20.93577311015685],[-100.77490568300072,20.935599775049457],[-100.77508366467539,20.93554876391639],[-100.77555960700408,20.935527953704216],[-100.77584599406875,20.93555502021664],[-100.77613088018863,20.9356054717176],[-100.77630949975735,20.93566158124799],[-100.77652158030205,20.93573911941875],[-100.77673805159505,20.93579084591123],[-100.77678552702079,20.935798698059568],[-100.77706404200073,20.93584476204947],[-100.77726758800073,20.9358617460494],[-100.77750664360025,20.93581390229388],[-100.77783802442761,20.936561713462467],[-100.77812238003776,20.937165877287995],[-100.77834428028137,20.937603064854027],[-100.77872305371044,20.93828750219473],[-100.77908749914359,20.93896826569045],[-100.77930719508014,20.93955057013764],[-100.77950411317711,20.94019128872185],[-100.77957171192682,20.940542508312753],[-100.7796863358937,20.941287564097514],[-100.77972454388266,20.94216340876767],[-100.7796870706627,20.942887891019897],[-100.77965143436526,20.943141937408058],[-100.77959889838039,20.94341398563718],[-100.77954158639692,20.94365352033718],[-100.77941520612573,20.944060582373467],[-100.77916611942844,20.944681462194144],[-100.77863524881256,20.94593608029336],[-100.77817932463651,20.947050633048356],[-100.77774075937857,20.948079034135883],[-100.7772672007461,20.949207271963903],[-100.77653537080361,20.950950878844914],[-100.77604527986823,20.952151124036703],[-100.77553204370872,20.95341676367116],[-100.77506105676783,20.954567779338724],[-100.77460219351578,20.955675076249623],[-100.77330569358257,20.958740899979553],[-100.77271640882962,20.960150186957115],[-100.77231742925258,20.961148003284276],[-100.77190559121763,20.96202127626283],[-100.7711961717302,20.963468036460384],[-100.76972149030998,20.96620064244033],[-100.76920531507444,20.96718817200125],[-100.76846393313464,20.96858643744353],[-100.76808699662818,20.969312756618397],[-100.7678441554675,20.96976206787322],[-100.76757118877717,20.970287795106053],[-100.76733759015039,20.970712991484916],[-100.76635675651883,20.972564062733394],[-100.76541392987194,20.974303355128782],[-100.76512697963688,20.974823156872954],[-100.76416002360847,20.976633260350155],[-100.7631544922066,20.978542190260384],[-100.76211963800237,20.98049914877449],[-100.7611799724546,20.980329867787862],[-100.76007762234211,20.980145122171013],[-100.75868360816976,20.97994501886253],[-100.75715004202476,20.979818122611956],[-100.75506315247857,20.979642662878586],[-100.75508289674862,20.978137602039034],[-100.75506975149135,20.977772999398955],[-100.75384879242607,20.975951039536113],[-100.75285769693038,20.974767791377126],[-100.75209692568566,20.973871904287336],[-100.75116811900735,20.972849414944182],[-100.7502026184753,20.971634926565425],[-100.74933356124033,20.970468833852287],[-100.74830934676203,20.969287312159867],[-100.74718673337138,20.967407004730397],[-100.74515852000609,20.968443549997975],[-100.74478919057412,20.968472371255217],[-100.74291251586875,20.969044824584515],[-100.7387230698903,20.970279620434898],[-100.73851623456528,20.97029406050647],[-100.7376313413182,20.970544489669145],[-100.73605535859896,20.9710016666467],[-100.7357460414541,20.971083987263246],[-100.73550220420367,20.97116212722194],[-100.73462687080539,20.971409958642766],[-100.73478048797905,20.970572077135976],[-100.73485281434336,20.96852311366795],[-100.73479620033542,20.968237405584755],[-100.73478880845492,20.968058866051685],[-100.73480943487887,20.96784415140259],[-100.73480639892018,20.967658055682616],[-100.73461315632684,20.96769925124871],[-100.73452776307191,20.967691773940288],[-100.73445446236225,20.967654126160824],[-100.73435866293185,20.96751488018129],[-100.73426661025087,20.967392288981234],[-100.734205286805,20.967314456050726],[-100.73417308152267,20.967295795516144],[-100.73413387888243,20.967286804640114],[-100.73407794379241,20.967290921073126],[-100.734025114577,20.967333191069763],[-100.7338147921741,20.967742639669577],[-100.73371129769839,20.967918551547555],[-100.73360899141109,20.968081931552465],[-100.73357568581798,20.96810271926687],[-100.73352496038636,20.96811554635342],[-100.73345160994315,20.96811211925454],[-100.73331243097984,20.968083278917007],[-100.73315547543801,20.9680347963424],[-100.73286635640125,20.967930066798406],[-100.73267239986697,20.967832298373672],[-100.73245859820378,20.967708857332564],[-100.731597679699,20.96722036485514],[-100.73136430153728,20.96713301117851],[-100.73091858693046,20.96701067204291],[-100.73079916893757,20.96694219163811],[-100.73065940900821,20.966843452996336],[-100.73040306768,20.96665241718841],[-100.73024941871684,20.96658219730407],[-100.72998642104845,20.966584867243167],[-100.72965261168713,20.966611625684337],[-100.72947477607836,20.966601745380117],[-100.72915814707119,20.9664997923293],[-100.72870181204446,20.966380893521887],[-100.72838561194581,20.966238871383855],[-100.72814152508931,20.966108637160154],[-100.72786486132443,20.966004607023827],[-100.72751820432734,20.965841191028584],[-100.72714332688633,20.96569642259933],[-100.72680366233872,20.965600123628604],[-100.7264202077029,20.965482149279453],[-100.72612100075204,20.96542675431233],[-100.72584323294035,20.965381157526956],[-100.72546070606431,20.965326953663343],[-100.72674496603796,20.963432590708315],[-100.7285234275538,20.960620681611797],[-100.7280735583094,20.9603567728746],[-100.72700873448231,20.959759488984233],[-100.72386951806027,20.95797696123875],[-100.72106993423573,20.956384733234238],[-100.72089343316014,20.95628489302007],[-100.72064527006836,20.956144654441562],[-100.72040444864315,20.95600835899885],[-100.7201069239726,20.95584167604252],[-100.71989520319354,20.955719975013974],[-100.7195252227544,20.955509355474163],[-100.71932365171888,20.955395113874214],[-100.71906959440561,20.95526722141767],[-100.71886040610886,20.955180884868476],[-100.7186283906512,20.95509391566551],[-100.71848541990644,20.955023576416394],[-100.71836560598604,20.954958011587212],[-100.71824760717615,20.954895766995598],[-100.71815136948847,20.954871697166375],[-100.71807834568583,20.954857409226168],[-100.71801080502948,20.95485642048762],[-100.71795558820261,20.95484529168554],[-100.71789615054796,20.954775779524333],[-100.71787072147927,20.95472762572912],[-100.71782576578177,20.954681337973835],[-100.71777557475465,20.95464344950294],[-100.7177201293357,20.954612291193698],[-100.71765050700144,20.954584614305983],[-100.71756498803765,20.95456544407821],[-100.71738898153353,20.954558870442984],[-100.71729635508353,20.954539771667562],[-100.71677804515603,20.953891455882673],[-100.71677584927689,20.953854753141044],[-100.71680009698967,20.953799421721293],[-100.71682598823523,20.9537323885705],[-100.71686626584726,20.953680234361954],[-100.71691429650099,20.95360671835739],[-100.71699928151129,20.953579153610747],[-100.71738415507704,20.953435472756507],[-100.71838248819212,20.953013094888192],[-100.7189798014203,20.95209896952136],[-100.71926847298352,20.95162364444114],[-100.71956262262562,20.951083577948953],[-100.72010522156023,20.950203387225926],[-100.72084305263837,20.94903076527482],[-100.7213738204765,20.948166131688584],[-100.72200575856203,20.9474469571452],[-100.72211483110746,20.947350705207533],[-100.72218190990998,20.94731163376357],[-100.72222745709352,20.947254417324512],[-100.72229749729395,20.947163567355897],[-100.72246613975274,20.946993264051653],[-100.72264191762714,20.946825392493427],[-100.72287450439423,20.946652773650545],[-100.72316645033492,20.946465365685757],[-100.72337624358715,20.946319685440095],[-100.72356675946986,20.946197570082703],[-100.72386122540445,20.94599761574443],[-100.72407248848906,20.94586402234018],[-100.72419951744999,20.945784280767935],[-100.72438296311353,20.94566557465876],[-100.72447039128966,20.945541579278306],[-100.72456348907028,20.945447156748077],[-100.72462651558705,20.945364723391744],[-100.72468071558653,20.945287387189804],[-100.7246994567522,20.94521708675872],[-100.72467731322351,20.945145530432427],[-100.72465129108151,20.945045635086828],[-100.72463564268563,20.94492059522493],[-100.72466803375534,20.94480091219657],[-100.72467009559216,20.94467068533499],[-100.72469357412841,20.944548588458773],[-100.72475673410608,20.944477838878488],[-100.72482896905264,20.944423690588383],[-100.72489348967387,20.94431661975976],[-100.72489427186771,20.9442298078442],[-100.72490187417824,20.944117887342188],[-100.72488055122217,20.94396285733917],[-100.72484478138396,20.943849941904023],[-100.72503686263319,20.94315909788344],[-100.72520165422566,20.94252150128753],[-100.7254827878273,20.94185677723705],[-100.72572703096887,20.94134558500721],[-100.72580910647201,20.94121997393798],[-100.72598341312091,20.941079657909242],[-100.72610136218997,20.940983313968427],[-100.72623169067454,20.9408818367641],[-100.7263368778933,20.940796054985135],[-100.72640823367676,20.940693759025248],[-100.72651708453274,20.940550512391646],[-100.72659225790909,20.940442915906527],[-100.72671410406076,20.94037657967693],[-100.72663523442402,20.939851963448298],[-100.72654987117299,20.939380830681237],[-100.72657039240822,20.939310929407632],[-100.72659799646887,20.939238869815807],[-100.72663801820123,20.939165015237347],[-100.72669752606281,20.93908595550956],[-100.72690646524582,20.938907327745106],[-100.72701906685299,20.938808099814576],[-100.7270877258328,20.938752317635227],[-100.72718209688524,20.938614479072953],[-100.72744089151651,20.938094791015637],[-100.7275701278275,20.93782096805128],[-100.72771985765334,20.937552362731665],[-100.72780003987478,20.937649205215326],[-100.72786167247409,20.937755416702366],[-100.72794775722595,20.937824655760757],[-100.72829698144245,20.93790792244567],[-100.72858622057505,20.93802852089551],[-100.7287687445534,20.93814018434797],[-100.7288730183074,20.93824596332825],[-100.7289237618579,20.938332253034538],[-100.7289388185512,20.938405549924347],[-100.72892548670242,20.938482473112316],[-100.7289122698328,20.93856941097123],[-100.72894895339098,20.938669197589963],[-100.72904245255525,20.938765069785898],[-100.72922524613246,20.938900100217754],[-100.7294360835945,20.939001460035776],[-100.72967523327803,20.93909251669958],[-100.72994242669675,20.939149902537213],[-100.73016526542102,20.939213163011846],[-100.73023011933041,20.93921292261335],[-100.73028391990351,20.93917857353931],[-100.73033413951535,20.939064551449132],[-100.73035627736434,20.93898086166042],[-100.73039979294737,20.93890196295836],[-100.73047206152144,20.938851150791972],[-100.730572680237,20.93879337380528],[-100.73069114243152,20.938742092973836],[-100.73080767916674,20.938677894485316],[-100.73089107379857,20.938590244573767],[-100.7310312126054,20.938415215046273],[-100.73114999260616,20.938237063535887],[-100.73126800471468,20.937992147559715],[-100.73141119690864,20.937773684862876],[-100.7315886629815,20.937677150778295],[-100.7318184397226,20.937571321701764],[-100.73201268280744,20.93746585306042],[-100.73218178350812,20.937337269214392],[-100.73229781445608,20.937229255700295],[-100.73239252530159,20.93712145859479],[-100.73247271032918,20.936987080342078],[-100.73267073662457,20.93666959072552],[-100.73271825989636,20.936553091485123],[-100.73278811259105,20.93630224836568],[-100.73290412496038,20.935869689233567],[-100.73298859394778,20.935672519725184],[-100.73329334979182,20.93503319174455],[-100.73343706241039,20.93482612167581],[-100.73346309475951,20.93472938063102],[-100.73369698236958,20.934472040443517],[-100.73373294352865,20.934432473255253],[-100.7339749938195,20.93413014040323],[-100.73410415776651,20.933975046453096],[-100.73424132774572,20.933804493105935],[-100.7343623962821,20.933657170494794],[-100.73439458211922,20.93362138246172],[-100.7345159324088,20.933486450612424],[-100.73467738590074,20.933292582949665],[-100.73491881263568,20.932936431875508],[-100.73511396455986,20.9326183543521],[-100.73523043373314,20.93227969368595],[-100.73532074711699,20.93194224083075],[-100.73536104643827,20.931540215990243],[-100.73539788825966,20.93118614468476],[-100.73544645711263,20.930817013055442],[-100.73548454966854,20.93050361364886],[-100.73548676452147,20.93048539133168],[-100.7355318288121,20.93010635143814],[-100.73557471214227,20.929739390540806],[-100.73561456254929,20.929392390664123],[-100.73565810453823,20.92912861939248],[-100.73628620478428,20.92849524931982],[-100.73654179752805,20.92818346579626],[-100.73694723475134,20.927140128851292],[-100.73732677023101,20.92616926616574],[-100.73745286834459,20.925834836269043],[-100.73752070865793,20.925653826573896],[-100.73757314879124,20.925489752994057],[-100.73761808557583,20.925373021614046],[-100.73768218480977,20.925216628184284],[-100.73780337886397,20.92490722118572],[-100.73790076813235,20.924714803076075],[-100.73801962897362,20.92451270117941]]]},"properties":{"seccion":141,"municipio":3,"electores":6429}},{"type":"Feature","geometry":{"type":"Polygon","coordinates":[[[-100.75490854258314,20.91443753857586],[-100.75459131614919,20.91439499248401],[-100.75432216826496,20.91435568042404],[-100.7536848131205,20.914330242472975],[-100.75348372052055,20.914322216020636],[-100.75288638203222,20.91436072035332],[-100.7521726490116,20.914358036219994],[-100.75190602518215,20.914330744853665],[-100.7515863971949,20.914326593047004],[-100.75148817575979,20.914327205855095],[-100.75139445416394,20.914327790535747],[-100.75118621183564,20.9143280067723],[-100.7511841808962,20.914174353144148],[-100.7512116721794,20.913929782994202],[-100.75135356126425,20.913834684072324],[-100.7513970110506,20.913849195705104],[-100.75146344539088,20.913871387353307],[-100.75165255967566,20.913835689057553],[-100.75193328148627,20.91375545144606],[-100.7521730970549,20.913138198982818],[-100.75188172463243,20.913047544443174],[-100.75152503248187,20.912929059038103],[-100.75132069100906,20.912870082627826],[-100.75109449757464,20.91279504414184],[-100.75109999807502,20.912741272973467],[-100.75116454110638,20.912110318746617],[-100.75120186225324,20.911592859178853],[-100.75112994099914,20.91136966568311],[-100.75117613347904,20.91124297642643],[-100.75130012262505,20.911099203549167],[-100.7515817674784,20.91072581139046],[-100.75227579700872,20.911162482473728],[-100.75284610529533,20.91139277540371],[-100.75351705820783,20.911707533812034],[-100.75407465664277,20.911962381680326],[-100.75462972031424,20.911626891095494],[-100.75513274623954,20.9113462622423],[-100.75521981348285,20.911404403697045],[-100.75550113768455,20.911283439742423],[-100.75557923548459,20.91124573931891],[-100.75574440058358,20.91126618004167],[-100.75598049808428,20.91130802989702],[-100.75639772425453,20.911392293920624],[-100.75643248721545,20.911679738140332],[-100.75656201851697,20.91168697131106],[-100.75699046233142,20.911710896179873],[-100.75696509857134,20.911556187085246],[-100.75744342775569,20.91149222938288],[-100.75769462929155,20.911482264725898],[-100.75777372837997,20.911462210196905],[-100.75784589571312,20.911657816397494],[-100.75802908967808,20.911877316385453],[-100.75874839596898,20.912645097274055],[-100.75907144862269,20.91291827619197],[-100.75917561641931,20.913073491199036],[-100.759244491274,20.9134935525393],[-100.75864862848455,20.913415535462583],[-100.75847578062628,20.913405294562512],[-100.75821984792545,20.913401917484116],[-100.75797045145298,20.91341049726803],[-100.75768274578803,20.91342548079093],[-100.75740832357899,20.913482404371404],[-100.75692351456061,20.91360160125315],[-100.75671938408594,20.913651789538076],[-100.75655363299767,20.913701582820142],[-100.75625397340961,20.913788819371334],[-100.75576979195016,20.913962107202373],[-100.75535403943638,20.914074348765862],[-100.75533706209298,20.914158909011018],[-100.75527934632296,20.91426357546048],[-100.75528711865503,20.91447368344092],[-100.75490854258314,20.91443753857586]]]},"properties":{"seccion":158,"municipio":3,"electores":1933}},{"type":"Feature","geometry":{"type":"Polygon","coordinates":[[[-100.72348008342547,20.917926111113804],[-100.72277855272394,20.917901166468496],[-100.72219298947546,20.917809767880954],[-100.72157720397031,20.917729651542885],[-100.72117279314035,20.91772287412732],[-100.71825957419206,20.917545980170154],[-100.71590626765503,20.91745199301901],[-100.71570479969743,20.91729106443541],[-100.71557731634925,20.917086553819015],[-100.7153867609997,20.916838578528086],[-100.71497620629094,20.91650461629428],[-100.71484889183053,20.916314802722802],[-100.71465783717682,20.916022733276723],[-100.71449572824262,20.915524581289006],[-100.71424889044339,20.91445400278914],[-100.71434881075899,20.914342991256184],[-100.71436362107497,20.91419569045151],[-100.714411486141,20.914055802653014],[-100.71445935112729,20.91391591484496],[-100.71449073270944,20.91377619251385],[-100.71452211424308,20.913636470178812],[-100.71461145145078,20.913519400509614],[-100.7147089420939,20.913394504085854],[-100.71478950894505,20.913231053308344],[-100.7148459672964,20.91312205852145],[-100.71490242557081,20.913013063720197],[-100.71495905992961,20.912919556831493],[-100.71501560613802,20.912818305964485],[-100.71507960110368,20.912647276647654],[-100.71512772937265,20.91253062059328],[-100.71524950327576,20.91236675580011],[-100.71537092452722,20.912171915085736],[-100.71549216927026,20.911961586378286],[-100.71558168100916,20.91186000422385],[-100.71563849077222,20.91178198508018],[-100.71570371824865,20.9117193710506],[-100.71586643421902,20.91153186003829],[-100.71579111489574,20.911431933731347],[-100.71571632434913,20.911378471153633],[-100.71561680928438,20.911325256904632],[-100.71548388770277,20.91123365390684],[-100.71482690721129,20.910721346675025],[-100.7154661234628,20.909578329195327],[-100.71549949842398,20.908728716596165],[-100.71559408571177,20.908215504010567],[-100.71556156292606,20.907878815793474],[-100.7155281204259,20.907461253212208],[-100.71541044971791,20.9072063036257],[-100.71520671132328,20.906952218163998],[-100.71480107559923,20.906605795098038],[-100.7129505063769,20.907878058886038],[-100.71280522151748,20.907717748461206],[-100.71300329266893,20.907473111260025],[-100.71328513480567,20.907025424540233],[-100.71353782660803,20.90653758802451],[-100.71379850569147,20.905490225869393],[-100.71402081976161,20.90485440687712],[-100.71408200028864,20.904557219659395],[-100.71413602055355,20.903796258308624],[-100.71431865647088,20.903921256468127],[-100.71449903390965,20.904013810579702],[-100.71477203738239,20.904051512364504],[-100.71507281027954,20.904008051305315],[-100.71575562593299,20.90412926073372],[-100.71610088855073,20.904213416721458],[-100.71676295603788,20.904402233400937],[-100.71717276966027,20.904485738445267],[-100.71758983262386,20.904575909886415],[-100.7186965043992,20.904753507838418],[-100.71972359217827,20.904871237029234],[-100.72024106847434,20.9049603909637],[-100.7211806624851,20.90510573890771],[-100.72158145470283,20.90517752792527],[-100.72196738258455,20.90524665350844],[-100.72241142628913,20.905332776970365],[-100.72275665796627,20.905400120272866],[-100.72304400948737,20.90543766384803],[-100.72338904706045,20.905501586091102],[-100.72455279934748,20.905651608261294],[-100.72517038319795,20.905712775161945],[-100.72554380256389,20.905749445233905],[-100.72575943260777,20.90578770861101],[-100.72594621950878,20.905812782587216],[-100.7261760399471,20.90583742151005],[-100.72654961398673,20.905887568323696],[-100.72827627034451,20.90611545733261],[-100.72940233762377,20.90607549175769],[-100.72941899783216,20.906243569818923],[-100.72940593358439,20.90648465115141],[-100.72932003137994,20.909583824625493],[-100.72934119771459,20.910099546277976],[-100.72975559062708,20.910324654812435],[-100.73009241685918,20.910435895614132],[-100.73052672741208,20.91040283254333],[-100.73092291144906,20.910370154776015],[-100.73160576283477,20.910057751360874],[-100.73187328277996,20.910046366719115],[-100.73213187319644,20.910061088846604],[-100.73227124334387,20.910142061353596],[-100.73267703775619,20.910116264654786],[-100.73315503366746,20.910349900517748],[-100.73360795928022,20.910889136108086],[-100.73380365106274,20.911171310025093],[-100.73398948741116,20.91139330728785],[-100.73422146145097,20.911765361576236],[-100.73425090696756,20.91181258794761],[-100.73440826496827,20.91194876465887],[-100.73455725245942,20.91215391355959],[-100.73471619599195,20.91242784850516],[-100.73480133926276,20.912659478371133],[-100.73490461109193,20.912873702178207],[-100.73493461644716,20.91294943822878],[-100.73515944900385,20.91351693170261],[-100.73555485566266,20.913633467876014],[-100.7359404061887,20.913689824075067],[-100.73574717518576,20.914116610735384],[-100.73620311204995,20.914437753840684],[-100.73635514579777,20.914549522105627],[-100.73647662639726,20.91462618885101],[-100.73627697519714,20.914961079011867],[-100.73614601450721,20.91531669737696],[-100.73611823818257,20.91554558255707],[-100.7359813852674,20.915809867088452],[-100.73571174895251,20.915635440903767],[-100.73560756995263,20.915567918969305],[-100.73550934120708,20.915488906348777],[-100.7354113756853,20.91543275127395],[-100.735181946818,20.91524483370296],[-100.73500063167954,20.9151385663854],[-100.73476956750274,20.915056306358455],[-100.73450795102755,20.914927352135468],[-100.73436643126011,20.914891958965192],[-100.73432733957108,20.914882182364803],[-100.73400710566008,20.914876033596382],[-100.73367686779484,20.914869985789714],[-100.73325369157322,20.91479967248514],[-100.73280468876679,20.914719023906684],[-100.7322631805563,20.91461170768769],[-100.73209268188383,20.91457583375089],[-100.73192207529857,20.914530559883094],[-100.73168924585556,20.914464558846415],[-100.73140025217006,20.914394838641183],[-100.73111949498889,20.914341279860203],[-100.73076817106694,20.914241431551307],[-100.73017553876883,20.91411936460763],[-100.7293138628384,20.91392824520199],[-100.72641187824073,20.913267346631216],[-100.72573452526817,20.913136140592925],[-100.72532628368683,20.913045912670547],[-100.72435817238416,20.915782259728577],[-100.72420139898203,20.916225367795676],[-100.72348008342547,20.917926111113804]]]},"properties":{"seccion":164,"municipio":3,"electores":4827}},{"type":"Feature","geometry":{"type":"Polygon","coordinates":[[[-100.73808169496004,20.914210530897588],[-100.73747701824675,20.914225295118232],[-100.73704336837403,20.913971379502186],[-100.73664028403155,20.91398409002768],[-100.73628123111156,20.913841355551675],[-100.7359404061887,20.913689824075067],[-100.73555485566266,20.913633467876014],[-100.73515944900385,20.91351693170261],[-100.73493461644716,20.91294943822878],[-100.73490461109193,20.912873702178207],[-100.73480133926276,20.912659478371133],[-100.73471619599195,20.91242784850516],[-100.73455725245942,20.91215391355959],[-100.73440826496827,20.91194876465887],[-100.73425090696756,20.91181258794761],[-100.73422146145097,20.911765361576236],[-100.73398948741116,20.91139330728785],[-100.73380365106274,20.911171310025093],[-100.73360795928022,20.910889136108086],[-100.73315503366746,20.910349900517748],[-100.73267703775619,20.910116264654786],[-100.73227124334387,20.910142061353596],[-100.73213187319644,20.910061088846604],[-100.73187328277996,20.910046366719115],[-100.73160576283477,20.910057751360874],[-100.73092291144906,20.910370154776015],[-100.73052672741208,20.91040283254333],[-100.73009241685918,20.910435895614132],[-100.72975559062708,20.910324654812435],[-100.72934119771459,20.910099546277976],[-100.72932003137994,20.909583824625493],[-100.72940593358439,20.90648465115141],[-100.72941899783216,20.906243569818923],[-100.72940233762377,20.90607549175769],[-100.72987002426044,20.90598272662979],[-100.73111341810022,20.906031412780578],[-100.73201011895962,20.905926202195232],[-100.73266791644338,20.905802050072847],[-100.73275407738184,20.90578494541553],[-100.7331215183632,20.905712007640243],[-100.73397273319307,20.905588096532327],[-100.73404533745969,20.905494370178232],[-100.73410930248994,20.905373569535183],[-100.73415967561962,20.905306307441617],[-100.73425553755453,20.90524125356801],[-100.73442020056211,20.905228901710725],[-100.734505373185,20.905222696875985],[-100.73479535304558,20.905235772501946],[-100.73500584259426,20.905254995044],[-100.73521101845476,20.90530631163872],[-100.73533071466764,20.90533713610591],[-100.73548321721213,20.90541473265844],[-100.73553650508444,20.905441846613403],[-100.73567886910885,20.90546710047216],[-100.73584402371505,20.905497462681538],[-100.73603740538603,20.90551151770505],[-100.73611677284944,20.90549469094595],[-100.73636037299073,20.905428134408783],[-100.73655839181312,20.905351360793517],[-100.7366835861001,20.9053661082407],[-100.73678929209409,20.90541576407856],[-100.7369941919189,20.9054430510465],[-100.73756251094144,20.905445281435398],[-100.73786143015576,20.90540707843928],[-100.73802980643545,20.905378079517444],[-100.73835689077883,20.905313286147415],[-100.73865906021649,20.90519612810784],[-100.7389837438519,20.905057349837655],[-100.73960510296294,20.904708410372567],[-100.73990159610773,20.904493673250077],[-100.74009975865748,20.90439393906614],[-100.7402900546226,20.904363500175876],[-100.740419744172,20.90433775002425],[-100.74055776960242,20.90428341440192],[-100.74063923917339,20.90420929747093],[-100.7407119969422,20.904131197781535],[-100.74083151805452,20.903975263207258],[-100.74091115499242,20.90374237666071],[-100.74088375137708,20.903620511158618],[-100.7408954329552,20.90350639034952],[-100.74092044044725,20.903420634187512],[-100.74100223828316,20.903375014212152],[-100.74112335610944,20.903357493916797],[-100.74129245866956,20.90336798489956],[-100.74151411339672,20.90342679790634],[-100.74170562983399,20.90350220383778],[-100.74189667636043,20.903536899431284],[-100.74210029688682,20.903534823176194],[-100.74243322958365,20.90347442699137],[-100.7426191913775,20.90344402980314],[-100.7428592526895,20.903970874455414],[-100.74292588444183,20.90411269676324],[-100.74298794875831,20.904234208195223],[-100.74309277239149,20.90430642545577],[-100.74324900885226,20.90438969271509],[-100.74316292104024,20.9045218117301],[-100.74307506213306,20.904648611143013],[-100.74296620320722,20.904674306045525],[-100.74281337782035,20.90470265297733],[-100.74273124431309,20.904717114476284],[-100.74267732136629,20.9049686464987],[-100.74258837953612,20.905140435114067],[-100.7423597867652,20.905521909742887],[-100.74222575623054,20.905726198334467],[-100.74213106954748,20.905892705304925],[-100.74194003062219,20.9060815549656],[-100.7417259537884,20.906243939125112],[-100.7416601709562,20.90645287150509],[-100.74158901393471,20.90668855887134],[-100.74146226663004,20.907031613813885],[-100.7413952501805,20.907133757840526],[-100.74129963709017,20.907220173235128],[-100.74118172608112,20.90734419617614],[-100.7410578859941,20.907446919306484],[-100.74100797773977,20.907554228866477],[-100.74096486120298,20.90775758997085],[-100.74107763368966,20.908172963866143],[-100.74112197738697,20.908322033052663],[-100.74116650611897,20.908487120460904],[-100.74125034923176,20.908611756753306],[-100.74129676381492,20.90869405423326],[-100.74133783515886,20.908805776400786],[-100.74122375597442,20.908769559095187],[-100.74109825043551,20.908728118142026],[-100.74100754809704,20.90874773283922],[-100.74097376200871,20.908774777429155],[-100.74095720797457,20.908817666501125],[-100.74095507563224,20.90887909872576],[-100.74095025619413,20.908953908445323],[-100.740916315956,20.908967604491234],[-100.74088191343463,20.908941254922],[-100.7408560036887,20.908912148764394],[-100.74083662209532,20.90889713067869],[-100.74081301597614,20.90888054663786],[-100.74077049052597,20.90888899011077],[-100.74072821159528,20.908918791233326],[-100.74071193481583,20.9089857076542],[-100.74071209807482,20.909022371981127],[-100.74071226841968,20.909060627451076],[-100.74064179854412,20.909063853047225],[-100.74055830685629,20.909094421871657],[-100.7404749073901,20.90912963426505],[-100.74041474925504,20.909087526915734],[-100.74041323955254,20.908956711228573],[-100.74011426708796,20.908903687073895],[-100.73995972497627,20.9088873771412],[-100.74001990478969,20.908694868953788],[-100.73986080814558,20.908672502727118],[-100.73978368087663,20.90862531455552],[-100.73963333845401,20.90862418062672],[-100.73955087726308,20.908606363986898],[-100.73945996935556,20.908593963747826],[-100.73945670296692,20.90855668406041],[-100.7393969918462,20.908543966081062],[-100.73930651426448,20.908568874328875],[-100.73906554057177,20.90857932360787],[-100.73887564680713,20.908591917753267],[-100.73860387560936,20.908637327664906],[-100.7385395159023,20.908467409203023],[-100.73841709766766,20.90850199145331],[-100.73837188561842,20.90851727424747],[-100.73830174179744,20.908536712013735],[-100.73822666545452,20.908557318094353],[-100.73812420864955,20.908585955915385],[-100.73801730404725,20.908592069671364],[-100.73789447087188,20.908608397286912],[-100.73780352317765,20.908479338305447],[-100.7377506112822,20.908492884913993],[-100.73765324452344,20.908571441697195],[-100.73757915726567,20.908631216184094],[-100.73733339371469,20.908928570662116],[-100.73723177611333,20.909192326777273],[-100.73713280820832,20.909465185086727],[-100.73694066640647,20.910021503503515],[-100.73680174651926,20.910273446252233],[-100.73691703241313,20.910432186661836],[-100.73736480754681,20.91089137932387],[-100.73759988707994,20.91110753521808],[-100.7376916870372,20.911197218434683],[-100.73775463449797,20.91124455177833],[-100.73788638606551,20.91135515006299],[-100.7379848404381,20.911422392675796],[-100.7381127383461,20.911502720327885],[-100.73806929357657,20.911792009951782],[-100.73805112957484,20.91195545449345],[-100.73803979181463,20.91213139056387],[-100.73804431182606,20.91255761899875],[-100.73804398202371,20.913323991634538],[-100.73804106183019,20.913772592887344],[-100.73804067467631,20.913832068634928],[-100.73815579098272,20.913835222208103],[-100.73817430336273,20.913944728006168],[-100.73818922373584,20.91407958032671],[-100.73818725802488,20.914198906358937],[-100.73808169496004,20.914210530897588]]]},"properties":{"seccion":165,"municipio":3,"electores":1512}},{"type":"Feature","geometry":{"type":"Polygon","coordinates":[[[-100.74194669103366,20.91124371714031],[-100.74192813800096,20.911138047711745],[-100.74051782715337,20.91113970058372],[-100.74048449540487,20.910945151171603],[-100.74047165138865,20.91081712104107],[-100.74045812950179,20.91063035734497],[-100.74043305789652,20.910427691208618],[-100.74040604007192,20.910186711059136],[-100.74039936435982,20.91012716820089],[-100.74039384845314,20.90998486718409],[-100.74044648229669,20.909621207908753],[-100.7404660691396,20.909348666108162],[-100.74047174994875,20.90920788280666],[-100.7404749073901,20.90912963426505],[-100.74055830685629,20.909094421871657],[-100.74064179854412,20.909063853047225],[-100.74071226841968,20.909060627451076],[-100.74071209807482,20.909022371981127],[-100.74071193481583,20.9089857076542],[-100.74072821159528,20.908918791233326],[-100.74077049052597,20.90888899011077],[-100.74081301597614,20.90888054663786],[-100.74083662209532,20.90889713067869],[-100.7408560036887,20.908912148764394],[-100.74088191343463,20.908941254922],[-100.740916315956,20.908967604491234],[-100.74095025619413,20.908953908445323],[-100.74095507563224,20.90887909872576],[-100.74095720797457,20.908817666501125],[-100.74097376200871,20.908774777429155],[-100.74100754809704,20.90874773283922],[-100.74109825043551,20.908728118142026],[-100.74122375597442,20.908769559095187],[-100.74133783515886,20.908805776400786],[-100.74129676381492,20.90869405423326],[-100.74125034923176,20.908611756753306],[-100.74116650611897,20.908487120460904],[-100.74112197738697,20.908322033052663],[-100.74107763368966,20.908172963866143],[-100.74096486120298,20.90775758997085],[-100.74100797773977,20.907554228866477],[-100.7410578859941,20.907446919306484],[-100.74118172608112,20.90734419617614],[-100.74129963709017,20.907220173235128],[-100.7413952501805,20.907133757840526],[-100.74146226663004,20.907031613813885],[-100.74158901393471,20.90668855887134],[-100.7416601709562,20.90645287150509],[-100.7417259537884,20.906243939125112],[-100.74194003062219,20.9060815549656],[-100.74213106954748,20.905892705304925],[-100.74222575623054,20.905726198334467],[-100.7423597867652,20.905521909742887],[-100.74258837953612,20.905140435114067],[-100.74267732136629,20.9049686464987],[-100.74273124431309,20.904717114476284],[-100.74281337782035,20.90470265297733],[-100.74296620320722,20.904674306045525],[-100.74307506213306,20.904648611143013],[-100.74314188261388,20.904806717350976],[-100.74366845135351,20.905379494596634],[-100.74376116073213,20.90562181957694],[-100.74395593371575,20.906165919294512],[-100.74410930987366,20.90720487233083],[-100.74415120108667,20.907742050493578],[-100.74416843445917,20.90793882633667],[-100.74415054951082,20.90816065681498],[-100.7441473600478,20.9082002163073],[-100.74403198246834,20.908714401466373],[-100.74395814036801,20.909073446067723],[-100.74391651008064,20.909220444565705],[-100.74382336029652,20.90940868390792],[-100.7435424034319,20.909843129566326],[-100.7435019963485,20.91009597410627],[-100.74350976490486,20.910393113186895],[-100.74353825489436,20.91060861103194],[-100.74354088888013,20.911211163828348],[-100.74274360198883,20.911211158317716],[-100.74194669103366,20.91124371714031]]]},"properties":{"seccion":166,"municipio":3,"electores":232}},{"type":"Feature","geometry":{"type":"Polygon","coordinates":[[[-100.74416774494249,20.914457877775444],[-100.7441274793143,20.91397378267747],[-100.7440147834105,20.913970862156102],[-100.74401516071272,20.913254277396064],[-100.74384364656252,20.912661592359118],[-100.74366167695624,20.91266345037636],[-100.74354088888013,20.911211163828348],[-100.74353825489436,20.91060861103194],[-100.74350976490486,20.910393113186895],[-100.7435019963485,20.91009597410627],[-100.7435424034319,20.909843129566326],[-100.74382336029652,20.90940868390792],[-100.74391651008064,20.909220444565705],[-100.74395814036801,20.909073446067723],[-100.74403198246834,20.908714401466373],[-100.7441473600478,20.9082002163073],[-100.74415054951082,20.90816065681498],[-100.74416843445917,20.90793882633667],[-100.74441598588784,20.907917558585915],[-100.74482210180335,20.90772154194199],[-100.74479248240226,20.905840055434535],[-100.74496993134235,20.905565198968933],[-100.74642862004593,20.90606686164511],[-100.7466903926975,20.905614032007797],[-100.74691192844011,20.905755668073446],[-100.74748222258204,20.906174159659525],[-100.74812357736579,20.906625129924386],[-100.74803993619618,20.90686213164383],[-100.7477729640535,20.907543782790015],[-100.74772687473522,20.90763280885835],[-100.74766627719892,20.907825297507713],[-100.74765524486493,20.90785756329828],[-100.74764348900526,20.907891946482756],[-100.7474528169405,20.90838094793513],[-100.7470204239326,20.909347512534087],[-100.74681793373075,20.90982187520332],[-100.74663192373828,20.91022278251733],[-100.74645410642317,20.910582891098507],[-100.74633571825933,20.910836533400907],[-100.74581761057007,20.91174569893643],[-100.74515105297465,20.911809512143495],[-100.74514286345993,20.912599463180577],[-100.74522811252763,20.913974752465187],[-100.74526805178513,20.914430350066116],[-100.74467878178183,20.914445033387366],[-100.74419524235296,20.914457186695163],[-100.74416774494249,20.914457877775444]]]},"properties":{"seccion":167,"municipio":3,"electores":384}},{"type":"Feature","geometry":{"type":"Polygon","coordinates":[[[-100.73081580593612,20.900176971201372],[-100.73294771479699,20.894884145789288],[-100.73409127531372,20.89468652770204],[-100.73489895052523,20.894776140842698],[-100.73578636700847,20.89501165578873],[-100.73758525460153,20.895311258689024],[-100.7398783189736,20.894730881619708],[-100.74085701568005,20.89421461361417],[-100.74157725260208,20.89384064400796],[-100.7418500117163,20.894073531908802],[-100.74275342381964,20.897490779534],[-100.74280865324631,20.89763018057451],[-100.74281111110946,20.8978429873042],[-100.74281655363045,20.898314202185908],[-100.74291940205042,20.898814828048195],[-100.74324783463652,20.899237141115606],[-100.74352774155093,20.899659948589317],[-100.74302646566704,20.899680265192433],[-100.74272175790225,20.899911407325828],[-100.74259984490293,20.90026871956593],[-100.742543248353,20.900808005861464],[-100.74228138472186,20.901253450964973],[-100.7424149584804,20.90125946837884],[-100.7425714072325,20.90120621577707],[-100.74269585020055,20.90110163246571],[-100.74273165789485,20.900974281452015],[-100.74273093508961,20.90073967539822],[-100.74284440898025,20.900705309852444],[-100.74294102259829,20.90091095241837],[-100.74295083544725,20.90108058253842],[-100.74286642115847,20.901251173877657],[-100.74268777939969,20.90142272631905],[-100.74268948406039,20.901570300437296],[-100.74283791024975,20.90150237025908],[-100.7429387964293,20.901398027065646],[-100.74307083578275,20.901271227272566],[-100.74313954533005,20.901100796072633],[-100.74319972044543,20.900871415331597],[-100.74339616080754,20.900850513433884],[-100.74340473142158,20.900943119286676],[-100.7433932902154,20.901312214706106],[-100.74337954680927,20.901482085129434],[-100.7433664002561,20.90170360647228],[-100.74334719200871,20.902080160696503],[-100.74343407900459,20.90212355151434],[-100.74356799462653,20.902159082776123],[-100.74364459571339,20.90233172095863],[-100.74372465406726,20.902463736163714],[-100.74380513903056,20.902632644822326],[-100.74387060187787,20.902860743331924],[-100.7438570296044,20.903045371136457],[-100.74385105378656,20.90320778268675],[-100.7436077098551,20.903896566524615],[-100.74349956721831,20.904052641212072],[-100.74345330558985,20.904126909047445],[-100.74324900885226,20.90438969271509],[-100.74309277239149,20.90430642545577],[-100.74298794875831,20.904234208195223],[-100.74292588444183,20.90411269676324],[-100.7428592526895,20.903970874455414],[-100.7426191913775,20.90344402980314],[-100.74243322958365,20.90347442699137],[-100.74210029688682,20.903534823176194],[-100.74189667636043,20.903536899431284],[-100.74170562983399,20.90350220383778],[-100.74151411339672,20.90342679790634],[-100.74129245866956,20.90336798489956],[-100.74112335610944,20.903357493916797],[-100.74100223828316,20.903375014212152],[-100.74092044044725,20.903420634187512],[-100.7408954329552,20.90350639034952],[-100.74088375137708,20.903620511158618],[-100.74091115499242,20.90374237666071],[-100.74083151805452,20.903975263207258],[-100.7407119969422,20.904131197781535],[-100.74063923917339,20.90420929747093],[-100.74055776960242,20.90428341440192],[-100.740419744172,20.90433775002425],[-100.7402900546226,20.904363500175876],[-100.74009975865748,20.90439393906614],[-100.73990159610773,20.904493673250077],[-100.73960510296294,20.904708410372567],[-100.7389837438519,20.905057349837655],[-100.73865906021649,20.90519612810784],[-100.73835689077883,20.905313286147415],[-100.73802980643545,20.905378079517444],[-100.73786143015576,20.90540707843928],[-100.73756251094144,20.905445281435398],[-100.7369941919189,20.9054430510465],[-100.73678929209409,20.90541576407856],[-100.7366835861001,20.9053661082407],[-100.73655839181312,20.905351360793517],[-100.73636037299073,20.905428134408783],[-100.73611677284944,20.90549469094595],[-100.73603740538603,20.90551151770505],[-100.73584402371505,20.905497462681538],[-100.73567886910885,20.90546710047216],[-100.73553650508444,20.905441846613403],[-100.73548321721213,20.90541473265844],[-100.73533071466764,20.90533713610591],[-100.73521101845476,20.90530631163872],[-100.73500584259426,20.905254995044],[-100.73479535304558,20.905235772501946],[-100.734505373185,20.905222696875985],[-100.73442020056211,20.905228901710725],[-100.73425553755453,20.90524125356801],[-100.73415967561962,20.905306307441617],[-100.73410930248994,20.905373569535183],[-100.73404533745969,20.905494370178232],[-100.73397273319307,20.905588096532327],[-100.7331215183632,20.905712007640243],[-100.73275407738184,20.90578494541553],[-100.73266791644338,20.905802050072847],[-100.73201011895962,20.905926202195232],[-100.73111341810022,20.906031412780578],[-100.72987002426044,20.90598272662979],[-100.72940233762377,20.90607549175769],[-100.72827627034451,20.90611545733261],[-100.72859023300012,20.905833248133064],[-100.72872385995811,20.90566864340619],[-100.7288497739189,20.905513539322545],[-100.72906280431499,20.905257717396367],[-100.72922250395386,20.90505950989591],[-100.72946407857134,20.904728436103373],[-100.72970775994278,20.904420311061397],[-100.72990052297762,20.90421051185516],[-100.73011874407595,20.903951549380032],[-100.7307020602866,20.90319372276289],[-100.73036533630817,20.902763099396996],[-100.73007519928697,20.902423700859597],[-100.72983555990433,20.90194930095785],[-100.73049245599593,20.90136801188547],[-100.73081580593612,20.900176971201372]]]},"properties":{"seccion":171,"municipio":3,"electores":1559}},{"type":"Feature","geometry":{"type":"Polygon","coordinates":[[[-100.73081580593612,20.900176971201372],[-100.73049245599593,20.90136801188547],[-100.72983555990433,20.90194930095785],[-100.73007519928697,20.902423700859597],[-100.73036533630817,20.902763099396996],[-100.7307020602866,20.90319372276289],[-100.73011874407595,20.903951549380032],[-100.72990052297762,20.90421051185516],[-100.72970775994278,20.904420311061397],[-100.72946407857134,20.904728436103373],[-100.72922250395386,20.90505950989591],[-100.72906280431499,20.905257717396367],[-100.7288497739189,20.905513539322545],[-100.72872385995811,20.90566864340619],[-100.72859023300012,20.905833248133064],[-100.72827627034451,20.90611545733261],[-100.72654961398673,20.905887568323696],[-100.7261760399471,20.90583742151005],[-100.72594621950878,20.905812782587216],[-100.72575943260777,20.90578770861101],[-100.72554380256389,20.905749445233905],[-100.72517038319795,20.905712775161945],[-100.72455279934748,20.905651608261294],[-100.72338904706045,20.905501586091102],[-100.72304400948737,20.90543766384803],[-100.72275665796627,20.905400120272866],[-100.72241142628913,20.905332776970365],[-100.72196738258455,20.90524665350844],[-100.72158145470283,20.90517752792527],[-100.7211806624851,20.90510573890771],[-100.72133920802693,20.904389885761102],[-100.72143554253435,20.904031679983195],[-100.72152478139583,20.90368028595093],[-100.72159967560914,20.903329036437032],[-100.7217103532647,20.90297068600414],[-100.72181110520083,20.902504281202024],[-100.72181982690373,20.90235401009223],[-100.72294440117125,20.9028937728671],[-100.72294651662249,20.902300728714184],[-100.72259570722876,20.901936758963284],[-100.72203810419234,20.90136606182531],[-100.72208161049073,20.900505322168787],[-100.72215575606502,20.899669857348098],[-100.72186830016857,20.899338130358466],[-100.72190371004912,20.898959081035077],[-100.72191701966302,20.898910136780618],[-100.72202655928402,20.898735812249306],[-100.72169232660167,20.898392685207618],[-100.72135162496335,20.89805257030543],[-100.72128977155883,20.89798807791444],[-100.72063236429433,20.89737599381002],[-100.72051899201375,20.897472242755565],[-100.72035442550265,20.897302730428287],[-100.7201059328669,20.897046949833545],[-100.71978655895799,20.896707825858797],[-100.71914138056553,20.896035753703906],[-100.71881879354173,20.895699716544133],[-100.71852906122749,20.895392385949776],[-100.71825317715474,20.895103627089433],[-100.71808795178104,20.894930690293545],[-100.71831353920008,20.894746554797027],[-100.71773362946075,20.894092159634543],[-100.71746294553598,20.89431495502192],[-100.71729563722691,20.89447557934103],[-100.71700804869145,20.894356205015516],[-100.7157618144564,20.892883213758306],[-100.7149436018179,20.892162697772932],[-100.71324853652193,20.890389784825473],[-100.7150640719118,20.888907887111852],[-100.71605857490933,20.88808748553642],[-100.71660629075035,20.88762960946549],[-100.71707014406579,20.887233706168402],[-100.71751743492477,20.887669363152988],[-100.71804277897279,20.888104234349797],[-100.71961065398294,20.889617980359855],[-100.71963448352375,20.88964098067496],[-100.72096493201397,20.891082529673028],[-100.72138629789808,20.891524549215774],[-100.7219530635411,20.892166837848098],[-100.72311206895736,20.893402246195098],[-100.72410673591646,20.894486473921354],[-100.72449545855773,20.89491658748144],[-100.72833429801388,20.894296103377393],[-100.73294771479699,20.894884145789288],[-100.73081580593612,20.900176971201372]]]},"properties":{"seccion":172,"municipio":3,"electores":3707}},{"type":"Feature","geometry":{"type":"Polygon","coordinates":[[[-100.72143554253435,20.904031679983195],[-100.72133920802693,20.904389885761102],[-100.7211806624851,20.90510573890771],[-100.72024106847434,20.9049603909637],[-100.71972359217827,20.904871237029234],[-100.7186965043992,20.904753507838418],[-100.71758983262386,20.904575909886415],[-100.71717276966027,20.904485738445267],[-100.71676295603788,20.904402233400937],[-100.71610088855073,20.904213416721458],[-100.71575562593299,20.90412926073372],[-100.71507281027954,20.904008051305315],[-100.71477203738239,20.904051512364504],[-100.71449903390965,20.904013810579702],[-100.71431865647088,20.903921256468127],[-100.71413602055355,20.903796258308624],[-100.71407773717608,20.90369206420026],[-100.71390578256351,20.90356816288628],[-100.71373211879722,20.90343509891167],[-100.71348658047222,20.903289275016178],[-100.71247849732407,20.902948886639845],[-100.71346869602283,20.89983478375871],[-100.71375718287324,20.89878225173574],[-100.71325111171903,20.89500069557501],[-100.71377756524826,20.89344108375486],[-100.7143922733245,20.892579070358103],[-100.7149436018179,20.892162697772932],[-100.7157618144564,20.892883213758306],[-100.71700804869145,20.894356205015516],[-100.71729563722691,20.89447557934103],[-100.71746294553598,20.89431495502192],[-100.71773362946075,20.894092159634543],[-100.71831353920008,20.894746554797027],[-100.71808795178104,20.894930690293545],[-100.71825317715474,20.895103627089433],[-100.71852906122749,20.895392385949776],[-100.71881879354173,20.895699716544133],[-100.71914138056553,20.896035753703906],[-100.71978655895799,20.896707825858797],[-100.7201059328669,20.897046949833545],[-100.72035442550265,20.897302730428287],[-100.72051899201375,20.897472242755565],[-100.72063236429433,20.89737599381002],[-100.72128977155883,20.89798807791444],[-100.72135162496335,20.89805257030543],[-100.72169232660167,20.898392685207618],[-100.72202655928402,20.898735812249306],[-100.72191701966302,20.898910136780618],[-100.72190371004912,20.898959081035077],[-100.72186830016857,20.899338130358466],[-100.72215575606502,20.899669857348098],[-100.72208161049073,20.900505322168787],[-100.72203810419234,20.90136606182531],[-100.72259570722876,20.901936758963284],[-100.72294651662249,20.902300728714184],[-100.72294440117125,20.9028937728671],[-100.72181982690373,20.90235401009223],[-100.72181110520083,20.902504281202024],[-100.7217103532647,20.90297068600414],[-100.72159967560914,20.903329036437032],[-100.72152478139583,20.90368028595093],[-100.72143554253435,20.904031679983195]]]},"properties":{"seccion":173,"municipio":3,"electores":3809}},{"type":"Feature","geometry":{"type":"Polygon","coordinates":[[[-100.74982592297579,20.900472099760073],[-100.74992083157385,20.900619372627048],[-100.75002649026635,20.900718677341168],[-100.75009161029372,20.900726739626293],[-100.7501775026567,20.90072367748809],[-100.75027528396528,20.900744499075856],[-100.75038270811774,20.900795774346832],[-100.7504767567169,20.900895197696475],[-100.75053314542717,20.900951360374382],[-100.75060407446456,20.901059749807427],[-100.75064653065714,20.901116055194155],[-100.75071271436161,20.901215763900712],[-100.75081726737986,20.901419830893957],[-100.75073539333917,20.90156906784243],[-100.75058951276016,20.901806253522874],[-100.75038464102107,20.902163176343386],[-100.75023767345817,20.902356550186592],[-100.74982032540213,20.902936430529355],[-100.749596287859,20.90325604584201],[-100.74952690045535,20.90336744955786],[-100.74944215050266,20.903508528960487],[-100.74927442616091,20.903757597297627],[-100.74913455871925,20.904072524650267],[-100.74829570632748,20.903520265018983],[-100.74800311694061,20.90334614960648],[-100.74764719655165,20.903128404156295],[-100.74733873301851,20.902939690769923],[-100.74700654235615,20.902736460280607],[-100.74642154088465,20.902402981411523],[-100.74574103358866,20.901959782788374],[-100.74484681108056,20.902050092851407],[-100.74469400641031,20.902062569093758],[-100.74422699128257,20.90210069923249],[-100.74411633974833,20.902110502540253],[-100.74356799462653,20.902159082776123],[-100.74343407900459,20.90212355151434],[-100.74334719200871,20.902080160696503],[-100.7433664002561,20.90170360647228],[-100.74337954680927,20.901482085129434],[-100.7433932902154,20.901312214706106],[-100.74340473142158,20.900943119286676],[-100.74339616080754,20.900850513433884],[-100.74319972044543,20.900871415331597],[-100.74313954533005,20.901100796072633],[-100.74307083578275,20.901271227272566],[-100.7429387964293,20.901398027065646],[-100.74283791024975,20.90150237025908],[-100.74268948406039,20.901570300437296],[-100.74268777939969,20.90142272631905],[-100.74286642115847,20.901251173877657],[-100.74295083544725,20.90108058253842],[-100.74294102259829,20.90091095241837],[-100.74284440898025,20.900705309852444],[-100.74273093508961,20.90073967539822],[-100.74273165789485,20.900974281452015],[-100.74269585020055,20.90110163246571],[-100.7425714072325,20.90120621577707],[-100.7424149584804,20.90125946837884],[-100.74228138472186,20.901253450964973],[-100.742543248353,20.900808005861464],[-100.74259984490293,20.90026871956593],[-100.74272175790225,20.899911407325828],[-100.74302646566704,20.899680265192433],[-100.74352774155093,20.899659948589317],[-100.74324783463652,20.899237141115606],[-100.74291940205042,20.898814828048195],[-100.74281655363045,20.898314202185908],[-100.74281111110946,20.8978429873042],[-100.74280865324631,20.89763018057451],[-100.74412942715244,20.897829536468976],[-100.74445348928262,20.897873735557894],[-100.74575393787386,20.898413436871476],[-100.74590340925496,20.89839860738324],[-100.7458562446244,20.89850612472236],[-100.7458009492423,20.898631488580314],[-100.74575730137434,20.89870414522181],[-100.74566657709055,20.898902701386827],[-100.745478490211,20.899075648187736],[-100.74540644653528,20.899140993696626],[-100.74530600725498,20.899199028096156],[-100.74508917240955,20.899334262513463],[-100.74468275462593,20.8995132387811],[-100.74518350175236,20.89979696783553],[-100.7454238979623,20.89995033537703],[-100.7457228023149,20.90009633266526],[-100.74613107845103,20.900348187278993],[-100.74646576044228,20.90055708126295],[-100.74675364261265,20.900741474802555],[-100.74694084557517,20.900839473591454],[-100.74702094121467,20.900869877362172],[-100.74751545561173,20.901108357475756],[-100.74782262259842,20.901236350914367],[-100.74810335664372,20.9013771033065],[-100.74819997536193,20.90142599486844],[-100.74837065739634,20.901505503583834],[-100.74846404270875,20.90153577063972],[-100.74861744600213,20.901584157014355],[-100.74898260603524,20.901555441164263],[-100.7492616442331,20.901547600939104],[-100.74939759168898,20.901238965524215],[-100.74950071822983,20.9009631498042],[-100.74965598666799,20.90059937653023],[-100.74969426059646,20.90046160470675],[-100.74973119467434,20.900364949115612],[-100.74982592297579,20.900472099760073]]]},"properties":{"seccion":174,"municipio":3,"electores":1329}},{"type":"Feature","geometry":{"type":"Polygon","coordinates":[[[-100.75994920426324,20.88770780655677],[-100.76024057821054,20.88800160169964],[-100.76066009169607,20.888432228524604],[-100.76180651370626,20.887472625248638],[-100.76300584879516,20.88643372266282],[-100.76446803993446,20.887908684930512],[-100.76323411147818,20.88896889501871],[-100.76315297730818,20.889030009878145],[-100.76210932669733,20.889939885811323],[-100.7614283531303,20.890488119050154],[-100.76082106564861,20.890983215151167],[-100.75957009980264,20.892058562369407],[-100.7592759831589,20.892308516123553],[-100.7590920574784,20.892467536122492],[-100.75880177022937,20.89257232374216],[-100.75826658550001,20.8930563160113],[-100.75780036125879,20.89347794039817],[-100.75773139732658,20.893540306821144],[-100.75742538425145,20.893817043908093],[-100.75726312067125,20.893963783274767],[-100.75691051246184,20.894282655014536],[-100.75673731858593,20.894439277505615],[-100.75627785318974,20.894781880531077],[-100.75590614287714,20.895063337401105],[-100.75575992949028,20.895192979848204],[-100.7555686409998,20.89535512029306],[-100.75528782308659,20.895635642023368],[-100.75505207930976,20.895883665200984],[-100.7549397017956,20.895991602997416],[-100.7548497996959,20.896077953045403],[-100.75473687884212,20.896178605279953],[-100.75465501126074,20.89632784371927],[-100.75454507622163,20.89645991174075],[-100.75433479811886,20.89675013697918],[-100.75428018547346,20.896846719759896],[-100.75415323641555,20.897047937828464],[-100.75406082111232,20.897154496560933],[-100.75380673783894,20.897672132300137],[-100.75352438253466,20.898155140728495],[-100.75330970569655,20.89841697357158],[-100.75327520243734,20.898521812238062],[-100.75326428266409,20.898554992203447],[-100.75317731197505,20.898665000636697],[-100.75305727450127,20.898727337210424],[-100.75281014164568,20.89904412683903],[-100.75258138161249,20.899343269137606],[-100.75206711529268,20.899854841960746],[-100.75182007992777,20.900180358644622],[-100.75164603318133,20.900391645994137],[-100.7515362953327,20.90054116891742],[-100.7514353390419,20.900646955311323],[-100.75132539817167,20.900779021618686],[-100.75123807533646,20.900913555278034],[-100.75118850370178,20.900989927745616],[-100.75100516675299,20.90120130975363],[-100.75081726737986,20.901419830893957],[-100.75071271436161,20.901215763900712],[-100.75064653065714,20.901116055194155],[-100.75060407446456,20.901059749807427],[-100.75053314542717,20.900951360374382],[-100.7504767567169,20.900895197696475],[-100.75038270811774,20.900795774346832],[-100.75027528396528,20.900744499075856],[-100.7501775026567,20.90072367748809],[-100.75009161029372,20.900726739626293],[-100.75002649026635,20.900718677341168],[-100.74992083157385,20.900619372627048],[-100.74982592297579,20.900472099760073],[-100.74973119467434,20.900364949115612],[-100.74969426059646,20.90046160470675],[-100.74965598666799,20.90059937653023],[-100.74950071822983,20.9009631498042],[-100.74939759168898,20.901238965524215],[-100.7492616442331,20.901547600939104],[-100.74898260603524,20.901555441164263],[-100.74861744600213,20.901584157014355],[-100.74846404270875,20.90153577063972],[-100.74837065739634,20.901505503583834],[-100.74819997536193,20.90142599486844],[-100.74810335664372,20.9013771033065],[-100.74782262259842,20.901236350914367],[-100.74751545561173,20.901108357475756],[-100.74702094121467,20.900869877362172],[-100.74694084557517,20.900839473591454],[-100.74675364261265,20.900741474802555],[-100.74646576044228,20.90055708126295],[-100.74613107845103,20.900348187278993],[-100.7457228023149,20.90009633266526],[-100.7454238979623,20.89995033537703],[-100.74518350175236,20.89979696783553],[-100.74468275462593,20.8995132387811],[-100.74508917240955,20.899334262513463],[-100.74530600725498,20.899199028096156],[-100.74540644653528,20.899140993696626],[-100.745478490211,20.899075648187736],[-100.74566657709055,20.898902701386827],[-100.74575730137434,20.89870414522181],[-100.7458009492423,20.898631488580314],[-100.7458562446244,20.89850612472236],[-100.74590340925496,20.89839860738324],[-100.74575393787386,20.898413436871476],[-100.74445348928262,20.897873735557894],[-100.74412942715244,20.897829536468976],[-100.74280865324631,20.89763018057451],[-100.74275342381964,20.897490779534],[-100.7418500117163,20.894073531908802],[-100.74237118526032,20.893413543571885],[-100.74285113680563,20.893146770051086],[-100.74351825709351,20.893000296554792],[-100.74407714802238,20.8931342633391],[-100.74468914435464,20.893040723779432],[-100.74511215155594,20.892669773659037],[-100.74544288324579,20.892352140893063],[-100.74566316837667,20.892122928833622],[-100.74580935174552,20.891911932079918],[-100.7459728989207,20.891596006033268],[-100.74613684932282,20.89131499301115],[-100.746299789386,20.890946697010417],[-100.74642618343329,20.89063115020194],[-100.74656933477381,20.890158304387207],[-100.746621425752,20.889843516694622],[-100.74665393122999,20.889441635948085],[-100.74655519711821,20.888936344375225],[-100.7464760488423,20.888518145762234],[-100.74636507537375,20.887973762954687],[-100.74672964031193,20.887956878278512],[-100.74718493607809,20.887969684005956],[-100.74779862668782,20.888024515659755],[-100.74780943002915,20.88815534492037],[-100.74879675006072,20.888389667832243],[-100.74916884003594,20.888434216838885],[-100.74914644450864,20.888106752023305],[-100.74927293166061,20.887799931871722],[-100.7493813488438,20.887536943116423],[-100.7494163585035,20.886550172811468],[-100.74893067713158,20.88631945084272],[-100.74836211709668,20.886150680219266],[-100.74829548748649,20.886011692592614],[-100.748317892484,20.885540080454845],[-100.74822016702757,20.885122072663048],[-100.7484579010916,20.884796656815066],[-100.74869917198131,20.88477673052638],[-100.7489265410969,20.884866721942537],[-100.74919403422227,20.884998630266537],[-100.749427534695,20.885109722114663],[-100.74963256632853,20.885168729110834],[-100.74989332277617,20.885227165481737],[-100.75018163822828,20.885259131386384],[-100.75048802271883,20.885247265247035],[-100.75072838301799,20.88514878162404],[-100.75093220053834,20.8851030477813],[-100.75112754027627,20.88512723498521],[-100.75216309382643,20.886490029448026],[-100.75227282500416,20.88649749159193],[-100.75354295593922,20.88676104363881],[-100.75333570989248,20.88765669168283],[-100.75354623887485,20.887843442581346],[-100.75392540753944,20.887699883933156],[-100.75440623152308,20.887511634768874],[-100.75473906208981,20.887377279256278],[-100.75509853708098,20.887137898095588],[-100.75538208708018,20.886759627258602],[-100.75566533121855,20.886355171296465],[-100.75575546565098,20.88611855481414],[-100.75584143835607,20.885524080201037],[-100.7557901294615,20.885105601278816],[-100.75664477388317,20.885114280442505],[-100.75793019505123,20.885424051215107],[-100.75782195722401,20.886498865793197],[-100.75793411839663,20.886558817419306],[-100.75994920426324,20.88770780655677]]]},"properties":{"seccion":175,"municipio":3,"electores":3238}},{"type":"Feature","geometry":{"type":"Polygon","coordinates":[[[-100.75257506713433,20.902502974469233],[-100.75202287366385,20.90241253145025],[-100.7518797496124,20.9028090996258],[-100.75177509217512,20.903093148034273],[-100.75170877683323,20.903254004624962],[-100.75180783799881,20.903466554968386],[-100.7519457801143,20.903711638694762],[-100.75198744143194,20.903917838741464],[-100.75212247433275,20.904049285698186],[-100.75222601224687,20.90417367602917],[-100.7524706707271,20.90427665209848],[-100.75144385855864,20.904447360371478],[-100.75105055355174,20.904392355665156],[-100.75038752742593,20.90410396858917],[-100.7500553304707,20.903900744350402],[-100.74981335089862,20.903689216178865],[-100.74973619667462,20.903808079259473],[-100.74969010949066,20.903897105917352],[-100.74873997315949,20.90560044231281],[-100.74854656978896,20.905853326933492],[-100.74839771478081,20.905884368763537],[-100.74852667353497,20.90549193222623],[-100.74866391180596,20.90513630881521],[-100.74913455875257,20.90407252447235],[-100.74927442619422,20.903757597119704],[-100.74944215053597,20.903508528782655],[-100.74952690048866,20.90336744937994],[-100.74959628789235,20.90325604566409],[-100.7498203254355,20.90293643035134],[-100.75023767349157,20.902356550008484],[-100.75038464105457,20.902163176165185],[-100.75058951279364,20.901806253344684],[-100.75073539337266,20.90156906766423],[-100.75081726741338,20.90141983071567],[-100.75100516678658,20.901201309575253],[-100.75118850373538,20.90098992756724],[-100.75123807533646,20.900913555278034],[-100.7513253982053,20.90077902144031],[-100.75143533907553,20.900646955132945],[-100.75153629536635,20.900541168738958],[-100.75164603321497,20.90039164581567],[-100.75182007996145,20.900180358466148],[-100.75206711532635,20.899854841782194],[-100.75258138164622,20.89934326895896],[-100.75281014167948,20.899044126660378],[-100.75305727453507,20.898727337031865],[-100.75317731200886,20.898665000458053],[-100.75326428269791,20.898554992024792],[-100.75327520243734,20.898521812238062],[-100.75330970573037,20.898416973392937],[-100.7535243825685,20.898155140549743],[-100.75380673787281,20.89767213212139],[-100.75406082114624,20.897154496382097],[-100.75415323644948,20.897047937649635],[-100.75428018550743,20.896846719580974],[-100.7543347981528,20.896750136800257],[-100.75454507625561,20.896459911561827],[-100.75465501129473,20.896327843540245],[-100.75473687887616,20.89617860510094],[-100.75484979972993,20.89607795286639],[-100.75493970182964,20.895991602818402],[-100.75505207934381,20.895883665021874],[-100.75528782312067,20.895635641844265],[-100.7555686410339,20.89535512011387],[-100.75575992952442,20.895192979669012],[-100.75590614291129,20.895063337221917],[-100.75627785322393,20.894781880351793],[-100.75673731862018,20.894439277326327],[-100.75691051249612,20.894282654835248],[-100.7572631207056,20.8939637830953],[-100.75742538428578,20.89381704372872],[-100.75773139736097,20.89354030664176],[-100.75780036125879,20.89347794039817],[-100.75826658550001,20.8930563160113],[-100.7588017702639,20.8925723235626],[-100.75909205751304,20.89246753594284],[-100.75927598319352,20.89230851594381],[-100.75957009983733,20.89205856218967],[-100.76082106568346,20.890983214971325],[-100.76142835316516,20.89048811887023],[-100.76210932673223,20.889939885631396],[-100.76315297734332,20.889030009698036],[-100.76323411151331,20.888968894838595],[-100.76446803996978,20.88790868475012],[-100.769795967744,20.88356062121047],[-100.77093095763468,20.884778606815942],[-100.77178653732804,20.884769742088395],[-100.7723694638248,20.88486019999472],[-100.77326266590735,20.885140438015494],[-100.77392273173304,20.885969923947233],[-100.77468282938226,20.88657320171731],[-100.77564530070522,20.886971540989254],[-100.77696106101604,20.887617856768443],[-100.77726110155528,20.888009833409637],[-100.77739023760017,20.888286121502986],[-100.77707745344881,20.888300958155185],[-100.77687222339299,20.889804515972113],[-100.7779502500929,20.891032853374774],[-100.7779078730622,20.89435035261013],[-100.77789418614393,20.898889718710667],[-100.7784332520379,20.900490280758884],[-100.77758819473269,20.901302160790348],[-100.77681250070725,20.901694314702517],[-100.77652308580016,20.90236074340855],[-100.77623286910669,20.90573843582146],[-100.7757455128983,20.906800323874098],[-100.77272462969412,20.907725692677086],[-100.77189486856484,20.907616351131214],[-100.7708378031676,20.907391410644724],[-100.77025795947286,20.90718510893002],[-100.77085321217854,20.90656559166101],[-100.7713765207999,20.905699121235187],[-100.77088972023245,20.905576328674645],[-100.76249072317302,20.901521178763005],[-100.76120291071848,20.900879826088662],[-100.75993856588526,20.902249301334724],[-100.75909874514814,20.902984924448628],[-100.75831704768991,20.90366962569951],[-100.75814747306192,20.90365957573557],[-100.75759385917947,20.90354732026699],[-100.75661234831723,20.903339203993056],[-100.75624734281735,20.903254492619816],[-100.75585716727969,20.903164141528393],[-100.75550917873178,20.90309146088824],[-100.75512621139524,20.90298934449012],[-100.75451658189853,20.902846109314098],[-100.75393579389161,20.90273995037391],[-100.75257506713433,20.902502974469233]]]},"properties":{"seccion":176,"municipio":3,"electores":1616}},{"type":"Feature","geometry":{"type":"Polygon","coordinates":[[[-100.72149989231582,21.10177350983476],[-100.7181199833963,21.099610903123374],[-100.71521243169501,21.0975682326119],[-100.7132489966699,21.09572419310175],[-100.71241631690465,21.094966298382154],[-100.71199998018561,21.094587349247952],[-100.71158364557554,21.094208398930768],[-100.71737724426744,21.084591429176918],[-100.72730725189209,21.06810518931266],[-100.72758323538706,21.06764693299983],[-100.72845166671489,21.06639887271101],[-100.72914308104097,21.06511098562548],[-100.72948807230401,21.064405019216647],[-100.72983306051535,21.063699052275236],[-100.73034745194681,21.062371338718382],[-100.73120206186161,21.059924174864612],[-100.7330289760607,21.060156479286505],[-100.73491616279276,21.060512297326387],[-100.73662683406526,21.060869626034712],[-100.73792610157359,21.061271863626263],[-100.7390455126519,21.061386190785772],[-100.73986737867183,21.061213635330084],[-100.740278788209,21.061168703968903],[-100.74175124487616,21.061279940793924],[-100.74422782632718,21.061713221977627],[-100.74588112203729,21.06219501130949],[-100.7477736282576,21.063005506460687],[-100.74859884747886,21.06312234218049],[-100.75048945720783,21.063767414803024],[-100.75226528255132,21.06466158288911],[-100.7533895333754,21.06518928791561],[-100.75481474404303,21.066293263865205],[-100.75612277150351,21.06743960903692],[-100.75712936935889,21.06796832202691],[-100.75873309437932,21.06923609612419],[-100.7597479230665,21.070467696745062],[-100.76057028952049,21.07033638669346],[-100.76115727875856,21.070207150873248],[-100.76168735699765,21.07024382194188],[-100.76215714062553,21.070156969337308],[-100.76291630417518,21.069654042573337],[-100.76326404270333,21.069196101833015],[-100.76337640627828,21.068740241538748],[-100.76348683350905,21.0681189921455],[-100.76359774397633,21.067539089964885],[-100.76447118535336,21.066745686095366],[-100.7653446174364,21.0659522783118],[-100.76627397416458,21.06491026220818],[-100.76673985959629,21.06449262056453],[-100.76714690114619,21.064075499210784],[-100.76766968270617,21.063491945165932],[-100.76819294534624,21.062949736943228],[-100.76824742007055,21.06257709056486],[-100.76876388423153,21.061456020417577],[-100.77045907813334,21.060489892998923],[-100.77091813723243,21.059493381536598],[-100.77179149316898,21.058699945330815],[-100.77213626381852,21.05799390684849],[-100.77283941077864,21.057739547303175],[-100.773126308789,21.057116724605603],[-100.77365488090126,21.057029320141822],[-100.77399671999264,21.056075196124095],[-100.77409931274397,21.05479238929881],[-100.77256322022633,21.05426848197274],[-100.77255835934007,21.053855010690594],[-100.77591441990846,21.049028383692185],[-100.77678428092396,21.04794549762046],[-100.77712851931702,21.04719810451485],[-100.77785681475866,21.044090257072128],[-100.77854769991407,21.04280220261627],[-100.77929448012023,21.04126553881205],[-100.780403015891,21.040469967441773],[-100.78099084350423,21.040423366124266],[-100.78187136316171,21.040250092917283],[-100.78251411262474,21.03987218478646],[-100.78544844268859,21.03785046855093],[-100.78835116625021,21.03593287472599],[-100.79256134994517,21.033744777285577],[-100.79467062140743,21.039459560795162],[-100.79559052804152,21.042879023814717],[-100.79622383152287,21.045233020859072],[-100.79691563135131,21.047804347906556],[-100.79743173339156,21.04972256073607],[-100.79774346786098,21.050881165508212],[-100.79812387845884,21.052294985516845],[-100.79817301653465,21.05247760793728],[-100.80129019572016,21.06205981124382],[-100.80162145775897,21.062520127145532],[-100.80196940114087,21.062855750916416],[-100.80225237047381,21.063184481752437],[-100.80260784094585,21.063355305010177],[-100.8028705311249,21.063544572408368],[-100.80320740477507,21.063715591783733],[-100.80373110445838,21.063954464442205],[-100.80471850094511,21.06408364882975],[-100.80602291366395,21.064279294015613],[-100.80619830915352,21.064940895522877],[-100.80660026229384,21.06587944052444],[-100.80708420895901,21.067445659039596],[-100.80656597474567,21.067660690922633],[-100.80575310907392,21.068123291055688],[-100.80523508107039,21.068355776591282],[-100.80512571602353,21.06855006446229],[-100.80505811179724,21.069641088945858],[-100.80420980666584,21.07050907431793],[-100.80394258846434,21.070717650595036],[-100.80027353572125,21.07358142014168],[-100.79782697473813,21.07074783034987],[-100.79696455497353,21.072451017432403],[-100.7959785112996,21.073659106561564],[-100.79499195919122,21.074825844416196],[-100.79388967190219,21.076159025674436],[-100.79273196544318,21.077782157532525],[-100.79186354659397,21.078989165583252],[-100.79063908241915,21.07995127075934],[-100.789179704826,21.080956832907326],[-100.78766096847787,21.08192156614604],[-100.78638005743791,21.083090906281164],[-100.7851560135912,21.084094323031998],[-100.7842772053969,21.08443301740438],[-100.78383853466985,21.08466438307243],[-100.78339986252098,21.08489574769624],[-100.78358571807941,21.085679752616503],[-100.78342582740153,21.087087124314397],[-100.78314431489648,21.088164777351462],[-100.78256805572649,21.089203720810392],[-100.78218993314921,21.08957926939844],[-100.78181180867794,21.08995481726221],[-100.78116200069415,21.08975388141296],[-100.77899282394048,21.090476260998585],[-100.77605172079902,21.090626587887588],[-100.77331537013717,21.09067166199767],[-100.77057901428263,21.09071669205474],[-100.76810432849399,21.090490571338325],[-100.76674831326217,21.090295847080846],[-100.76521914085092,21.090392105967045],[-100.76439764079345,21.090606140003203],[-100.76293118877994,21.091032634668966],[-100.75524808230237,21.093374771624678],[-100.75430402108287,21.09317632153481],[-100.75347574094137,21.092811441683672],[-100.75265083551413,21.092735989180028],[-100.75188085635473,21.09308621628362],[-100.75153840322889,21.093241980408298],[-100.75077860267659,21.093703518555678],[-100.7480201736919,21.094389332893858],[-100.7449655272992,21.094912286922852],[-100.74308937982256,21.095548955891694],[-100.74103521546233,21.096063102048966],[-100.73874657098776,21.096661969526284],[-100.73610715966466,21.097470615578988],[-100.73323419905275,21.098446656021316],[-100.73112870846847,21.099622762757424],[-100.72949023576258,21.10046398852961],[-100.72737946217,21.10118522559795],[-100.72571794749386,21.10110354618534],[-100.72555622843551,21.101263482525873],[-100.72495875448048,21.101357549973237],[-100.72471849570046,21.10139331854846],[-100.72361686676273,21.1015898672742],[-100.72273353227982,21.1015561268499],[-100.72211671283138,21.101664819434742],[-100.72149989231582,21.10177350983476]]]},"properties":{"seccion":177,"municipio":3,"electores":1952}},{"type":"Feature","geometry":{"type":"Polygon","coordinates":[[[-100.69823183402899,21.105487144715706],[-100.69744134506766,21.105403284530897],[-100.69738699962348,21.10492020853919],[-100.69799698072555,21.102158104338645],[-100.697954718471,21.100072695060156],[-100.69441682452117,21.098067562309193],[-100.69449922229218,21.097813175891865],[-100.69458935513448,21.097534908090452],[-100.69483717539106,21.096769805801497],[-100.69482809518398,21.095963507572897],[-100.69480248666999,21.093689332648598],[-100.69446166694497,21.089556952193554],[-100.69430662247234,21.088855266899376],[-100.69415157969853,21.08815358130953],[-100.69379892695217,21.088197910075888],[-100.69344627394126,21.08824223812263],[-100.6915041227024,21.088258611461573],[-100.69269727366964,21.08444411228061],[-100.69381059701198,21.07876941076526],[-100.6928717961461,21.079025442654746],[-100.69110306318566,21.07875087357317],[-100.68856929411574,21.07848271645278],[-100.68811796121616,21.08022332405127],[-100.68309198587474,21.08052877302588],[-100.67311986456427,21.081134376812916],[-100.67270446494722,21.080827682339653],[-100.67228906700633,21.080520986724533],[-100.67110563236461,21.07995187283055],[-100.66933141280344,21.079180883819788],[-100.66700152374739,21.077891870799874],[-100.66628259847506,21.0769487064552],[-100.6658613451661,21.076250233269658],[-100.66543746708443,21.075344839232233],[-100.66536647379831,21.074393731042456],[-100.66474142091805,21.07362934395192],[-100.6628532622762,21.07132021942512],[-100.66720025807187,21.070356396148302],[-100.66821011152744,21.068272959253434],[-100.66943534294244,21.067311689039357],[-100.67107568253417,21.06663643922644],[-100.67207008838497,21.066090596995412],[-100.67288474071951,21.065256771077294],[-100.67345987633747,21.064052754557636],[-100.67350128018836,21.062480994394978],[-100.67336845010155,21.06111744682499],[-100.67329538341892,21.059836108557143],[-100.67292306360511,21.05810237118693],[-100.67225838206171,21.056536471112118],[-100.67177665320126,21.05554799345603],[-100.67752647633971,21.04871829866867],[-100.68659350825281,21.04918014438755],[-100.69192470440966,21.04877580552831],[-100.69517731272633,21.04852905249269],[-100.6947289165434,21.04671056310063],[-100.69412925974585,21.04427854714764],[-100.6931611081062,21.040023342715347],[-100.6927676295418,21.03829384859462],[-100.69221817696679,21.03126848049084],[-100.69440332359885,21.03145317507499],[-100.69622283817039,21.031606943503043],[-100.70064118784784,21.032107224201376],[-100.70246960207821,21.03250527973324],[-100.70542702126124,21.033886203270704],[-100.70596117495951,21.03429519654133],[-100.70625626675647,21.034375396666487],[-100.70729840050794,21.032877850432403],[-100.70798519418167,21.031176556163373],[-100.71017438186313,21.027064027201153],[-100.71117446576281,21.027055513016187],[-100.71274313994408,21.025305337942456],[-100.71419412397742,21.023556154513873],[-100.714538169049,21.02276751979253],[-100.71441159995413,21.021982901130233],[-100.7141019865154,21.02062090779717],[-100.71526488938956,21.019411758612492],[-100.71815673229334,21.020214095512895],[-100.71839532657002,21.020501521814985],[-100.7186339217788,21.02078894771007],[-100.71910829189164,21.02111570746786],[-100.71999162133916,21.02119084820389],[-100.72105142895505,21.021264471576206],[-100.72199735590091,21.021669884735218],[-100.72277293941288,21.02261433598366],[-100.72325345593161,21.023478611897197],[-100.72437824292382,21.024089236655218],[-100.72491051792885,21.02433277634588],[-100.72561738611431,21.024409403280455],[-100.72614588370577,21.02432215246978],[-100.72673509820731,21.024399786903675],[-100.728568196414,21.0252110461669],[-100.72887463866708,21.026283565117673],[-100.7296488685231,21.027103935220612],[-100.72971764195388,21.027971740148168],[-100.72998848368029,21.031070824541786],[-100.73022996129696,21.03160632017961],[-100.73092876228267,21.036107682325234],[-100.73151897342561,21.036267992943156],[-100.73275680661489,21.036464054745455],[-100.73435333276795,21.037153228670647],[-100.73831124414659,21.038524890815033],[-100.73549410710076,21.04700540786992],[-100.73120206186161,21.059924174864612],[-100.73034745194681,21.062371338718382],[-100.72983306051535,21.063699052275236],[-100.72948807230401,21.064405019216647],[-100.72914308104097,21.06511098562548],[-100.72845166671489,21.06639887271101],[-100.72758323538706,21.06764693299983],[-100.72730725189209,21.06810518931266],[-100.71737724426744,21.084591429176918],[-100.71158364557554,21.094208398930768],[-100.70615348674818,21.103269531385717],[-100.70454354275671,21.104048254720873],[-100.70293358109562,21.104826963830938],[-100.70111548874314,21.105421339503522],[-100.69934970061195,21.105436318814604],[-100.69823183402899,21.105487144715706]]]},"properties":{"seccion":179,"municipio":3,"electores":1161}},{"type":"Feature","geometry":{"type":"Polygon","coordinates":[[[-100.64435410057098,21.108672883880768],[-100.63662353759763,21.108422510082733],[-100.63598348674653,21.108401764532612],[-100.63439174158822,21.10833821763613],[-100.63221394905548,21.108530072222905],[-100.63121342296515,21.108624923356707],[-100.62962477410171,21.10880963864784],[-100.6276211304004,21.108792382271858],[-100.6257895918253,21.108400515063636],[-100.62317954407817,21.10777904222333],[-100.62245348878275,21.10760615455331],[-100.6220407971935,21.10750788319003],[-100.61999788006716,21.107021400614045],[-100.6204177979273,21.10287727635918],[-100.61480256725756,21.101454461680095],[-100.61483534951876,21.099343129837944],[-100.61563019704973,21.09505203838162],[-100.61571900277409,21.094572596147447],[-100.61739970292214,21.09231736746398],[-100.61842722985405,21.08965603980976],[-100.61919220708891,21.087204807993558],[-100.61917665350016,21.086819402182684],[-100.61995716190832,21.084753573666127],[-100.62127912599883,21.082088702683293],[-100.62260001762756,21.079341054065623],[-100.62309827840573,21.076768835385103],[-100.62370970145467,21.07382273839709],[-100.62370472441341,21.073422155416814],[-100.62369119132318,21.072332885761824],[-100.62301860775408,21.070354190376793],[-100.618651759913,21.069744273600357],[-100.61695697121165,21.06132077210602],[-100.61966059767556,21.060833114012954],[-100.62021016084987,21.062399392452118],[-100.6231205710515,21.06175196322106],[-100.6247334343472,21.061393153526225],[-100.62614027120466,21.06083817497934],[-100.62456350477369,21.052454731852723],[-100.63180428640194,21.052119332024088],[-100.63190865841129,21.05104191043607],[-100.63855688729592,21.050289184809724],[-100.6398560013247,21.050142065514425],[-100.64131953166998,21.049976314598155],[-100.64212591842507,21.049611907611947],[-100.64321673681059,21.049171363729624],[-100.64465667640445,21.04919039463097],[-100.64500176299711,21.049344659928188],[-100.64582437474716,21.04971498277359],[-100.64615769634904,21.04986503728476],[-100.64675880969479,21.050317085529315],[-100.64676373608603,21.049202948047142],[-100.6467566203939,21.048556018430894],[-100.64674585303128,21.047577047058287],[-100.64674234678515,21.04725824608949],[-100.64726901395589,21.047253140610884],[-100.64681419609795,21.045184426557068],[-100.64715241757749,21.045213768839396],[-100.64721673080162,21.044266981155694],[-100.64740389967723,21.042718795715327],[-100.64744374929805,21.04238917264433],[-100.64773687766989,21.042376985028568],[-100.65083144554141,21.042045688074236],[-100.65100129464851,21.04193636371516],[-100.65117114350086,21.041827039201163],[-100.65400196094458,21.042123734066983],[-100.65695369889492,21.042667250950785],[-100.65854316723946,21.04260647933368],[-100.6582821982083,21.045258659903354],[-100.65883888944153,21.047362787645728],[-100.65913116993543,21.048304927425658],[-100.65942345451774,21.049247066358532],[-100.65942696772152,21.049266351458748],[-100.65956913089302,21.049216450624847],[-100.6602836796221,21.049828584951157],[-100.66188580037253,21.05076099560852],[-100.66336805800381,21.051529293999753],[-100.66460951182248,21.051886620963753],[-100.66625953748897,21.051949202216566],[-100.66709769219801,21.053015086166184],[-100.66911051313262,21.053915963060774],[-100.66999311670457,21.05390865338943],[-100.67100301919056,21.054768699680757],[-100.67138983520746,21.0551583469295],[-100.67177665324954,21.05554799314529],[-100.67225838211007,21.056536470801635],[-100.67292306365364,21.058102370876995],[-100.67329538346755,21.05983610824765],[-100.67336845015018,21.061117446515862],[-100.67350128023703,21.06248099408621],[-100.67345987638615,21.06405275424932],[-100.6728847407681,21.06525677076943],[-100.67207008843337,21.066090596687825],[-100.67107568258237,21.066636438919023],[-100.66943534299027,21.067311688732143],[-100.66821011157504,21.068272958946483],[-100.66720025811925,21.0703563958419],[-100.66285326232267,21.07132021911909],[-100.66474142096492,21.073629343646523],[-100.66536647384534,21.074393730737324],[-100.66543746713144,21.07534483892737],[-100.66586134521323,21.076250232965062],[-100.66628259852229,21.07694870615088],[-100.66700152379478,21.07789187049581],[-100.66933141285132,21.079180883516095],[-100.67110563241289,21.079951872527033],[-100.67228906705486,21.080520986421277],[-100.67270446499583,21.080827682036396],[-100.67311986461299,21.081134376509837],[-100.68309198592563,21.0805287727226],[-100.68811796126818,21.080223323747887],[-100.68856929416788,21.078482716148773],[-100.69110306323839,21.07875087326934],[-100.69287179619921,21.079025442350996],[-100.69381059706531,21.07876941046133],[-100.69269727372277,21.084444111978396],[-100.69150412275529,21.08825861116044],[-100.69344627399457,21.088242237821575],[-100.69379892700556,21.088197909774827],[-100.69415157975205,21.088153581008477],[-100.69430662252584,21.088855266598504],[-100.69446166699855,21.089556951892877],[-100.69480248672367,21.093689332349083],[-100.69482809523771,21.0959635072741],[-100.69483717544475,21.09676980550298],[-100.69458935518814,21.097534907792106],[-100.69449922234578,21.09781317559362],[-100.69441682457479,21.09806756201103],[-100.69795471852545,21.10007269476263],[-100.69799698078002,21.10215810404173],[-100.69738699967782,21.104920208243097],[-100.69744134512202,21.105403284234992],[-100.69599364809014,21.105249693277745],[-100.69566881346596,21.105215228743244],[-100.69534397894472,21.105180763575728],[-100.69497615986967,21.105095706228457],[-100.69362676972584,21.104783654939503],[-100.6931012607477,21.104662125793695],[-100.69282156170095,21.104654148273898],[-100.69254186264878,21.104646170290348],[-100.6924803291201,21.10464441507925],[-100.69239661395592,21.104642027112785],[-100.69198246452841,21.104630212932147],[-100.69137041465521,21.104612751508853],[-100.69086366822333,21.10459829265106],[-100.68897691178438,21.104324714352828],[-100.68674627610558,21.10488105768728],[-100.68315860095244,21.10515928415396],[-100.68015766160356,21.10526711755929],[-100.67609907142766,21.10554913408681],[-100.66730179405236,21.10611633090244],[-100.66441977785568,21.106524188206816],[-100.66365396654624,21.106603831404044],[-100.66306634413088,21.106664940843974],[-100.66251483385071,21.10668931406512],[-100.6617707697102,21.106722194085076],[-100.66139340382426,21.106677185428012],[-100.66082657489034,21.10660957775341],[-100.6592974432527,21.106835230569818],[-100.65641276097601,21.107036034374417],[-100.65436666822357,21.107506530222015],[-100.65241730777227,21.10795475727803],[-100.65229845859282,21.107965345060318],[-100.64650867468399,21.10848103087021],[-100.64435410057098,21.108672883880768]]]},"properties":{"seccion":180,"municipio":3,"electores":1639}},{"type":"Feature","geometry":{"type":"Polygon","coordinates":[[[-100.60622014460392,21.093527024054225],[-100.60660544460711,21.091080663684806],[-100.59265906135894,21.088766131539224],[-100.59217173776848,21.08850968519083],[-100.59254606599538,21.088308425495548],[-100.5937720070869,21.08738331469199],[-100.59475673073207,21.086005746716665],[-100.59597858488264,21.084749539252204],[-100.59658778478686,21.083770943209846],[-100.59776970153975,21.08187231587525],[-100.59302232504359,21.07907251882827],[-100.598186742682,21.0726371078326],[-100.59550546156045,21.07251109018805],[-100.59586318419814,21.069284694752362],[-100.59868361930202,21.069258157149033],[-100.59877691744545,21.066014036828353],[-100.595985356079,21.065848108918917],[-100.5963094295037,21.061916628699958],[-100.59646725095568,21.060001983124682],[-100.596591198283,21.05849826933457],[-100.59673262658048,21.05678245750398],[-100.59680826391062,21.05586481421561],[-100.60316832563207,21.056145640005884],[-100.60369228655638,21.055642720258533],[-100.60780833221642,21.055055686740943],[-100.60880161786899,21.059182985589963],[-100.61609198225219,21.058061215391536],[-100.61695697117402,21.061320772415037],[-100.61865175987504,21.069744273906842],[-100.62301860771532,21.07035419068302],[-100.62369119128428,21.072332886067507],[-100.62370472437455,21.073422155722138],[-100.62370970141579,21.073822738702326],[-100.62309827836694,21.07676883568952],[-100.62260001758885,21.07934105436923],[-100.62127912596033,21.082088702986077],[-100.61995716187006,21.08475357396819],[-100.61917665346203,21.086819402484107],[-100.61919220705077,21.087204808294807],[-100.61842722981604,21.089656040110373],[-100.61739970288426,21.09231736776378],[-100.61571900273651,21.094572596446525],[-100.61563019701215,21.09505203868061],[-100.6148353494813,21.09934313013558],[-100.60750623783002,21.09748525067412],[-100.60622014460392,21.093527024054225]]]},"properties":{"seccion":181,"municipio":3,"electores":681}},{"type":"Feature","geometry":{"type":"Polygon","coordinates":[[[-100.5797963070036,21.100917557491123],[-100.57720359328208,21.100906621729195],[-100.57472469504182,21.100563179489594],[-100.57389864811411,21.100469383368836],[-100.57307260194237,21.100375583156033],[-100.57242605138623,21.10050733065435],[-100.57048389143874,21.100695629982667],[-100.56954176627272,21.10074804117702],[-100.56859964007484,21.10080044717534],[-100.56736244264619,21.100814903274],[-100.56140165107165,21.100015199473077],[-100.56004115869247,21.099575728228405],[-100.55921189139323,21.099212850669858],[-100.55708553400092,21.09878226185807],[-100.55536364871938,21.097684681253398],[-100.55412200969835,21.097326564289197],[-100.55384642793243,21.097265401273024],[-100.55345251417943,21.097177974605806],[-100.55305860082713,21.097090546993762],[-100.55208727623827,21.097163894784327],[-100.55281052954433,21.09429707116802],[-100.55186701247285,21.091061142388014],[-100.55716897551054,21.090999629946317],[-100.55825154006934,21.08792405442215],[-100.56339257832866,21.089188759652348],[-100.56430375444732,21.086570458367955],[-100.56908134168394,21.087011394075578],[-100.56958454701372,21.084770361591065],[-100.56563024480837,21.084195659443875],[-100.56619090754792,21.081829788739718],[-100.56878529785648,21.082006457266083],[-100.56922694225305,21.079604111509703],[-100.57040750221601,21.079753870639838],[-100.57129279274523,21.079866167927943],[-100.57217787992201,21.07997998780001],[-100.57359211975759,21.08000482378729],[-100.57524398598215,21.08019242958555],[-100.57648251167569,21.08030208390191],[-100.57775074228014,21.080432076279028],[-100.57901897442228,21.08056205903277],[-100.57924054096502,21.07940049293141],[-100.57946160263776,21.07819754091932],[-100.57992330067816,21.07740567788169],[-100.58126604522033,21.076396501823048],[-100.58354670254683,21.075003757629702],[-100.58442421524947,21.074496730849077],[-100.58547692019847,21.073863461829262],[-100.5874547417505,21.07228532946223],[-100.58763565903246,21.072140970236408],[-100.5916010141178,21.072327508479603],[-100.59173835787358,21.072333967730245],[-100.5918756950725,21.072340426560498],[-100.59252929746113,21.07237116328659],[-100.59350071413883,21.072416841060374],[-100.59512572718566,21.072493239581622],[-100.59527125868054,21.07250008084769],[-100.59541389655375,21.072506785965885],[-100.59550546156045,21.07251109018805],[-100.598186742682,21.0726371078326],[-100.59302232504359,21.07907251882827],[-100.59776970153975,21.08187231587525],[-100.59658778478686,21.083770943209846],[-100.59597858488264,21.084749539252204],[-100.59475673073207,21.086005746716665],[-100.5937720070869,21.08738331469199],[-100.59254606599538,21.088308425495548],[-100.59217173776848,21.08850968519083],[-100.59265906135894,21.088766131539224],[-100.60660544460711,21.091080663684806],[-100.60622014460392,21.093527024054225],[-100.60570677275572,21.094899043788843],[-100.6053665585995,21.095979263227623],[-100.60534965980104,21.104174904895487],[-100.60266243515821,21.103668793590582],[-100.59997522578105,21.103162638481628],[-100.59831699548883,21.102478670039787],[-100.5971925553059,21.102078094625192],[-100.59624739795319,21.101882342895355],[-100.59364151490922,21.100795642633194],[-100.59251619987556,21.100763073909224],[-100.58851078901844,21.100647088949422],[-100.58450537759754,21.100531008934237],[-100.58255999182532,21.10069071379567],[-100.5797963070036,21.100917557491123]]]},"properties":{"seccion":182,"municipio":3,"electores":884}},{"type":"Feature","geometry":{"type":"Polygon","coordinates":[[[-100.55186701247285,21.091061142388014],[-100.55143633775904,21.08953463063006],[-100.55012499341738,21.088266664729524],[-100.54762808395567,21.08639151661464],[-100.54695192569541,21.08546554295518],[-100.54635844741658,21.084890238663892],[-100.54600217056439,21.0845202268011],[-100.54511164614334,21.083615883451525],[-100.54457676120968,21.08299879035902],[-100.54410237692929,21.082588195736108],[-100.54362959241283,21.08238450103419],[-100.54291930060748,21.08193412530191],[-100.54241891841087,21.081041158842684],[-100.54162838707532,21.080994885372043],[-100.54119016667384,21.080969232690432],[-100.53557094302907,21.080640191298055],[-100.53559437025564,21.0806112941687],[-100.5378639352112,21.07781175495294],[-100.53789167132567,21.0776665634286],[-100.53791940739573,21.07752137190064],[-100.53348332121172,21.07587140843231],[-100.52904732619166,21.074221322672294],[-100.52883036272631,21.070837976147008],[-100.52809057563938,21.05929988703244],[-100.52384605592826,21.05884837432754],[-100.52403972035737,21.055578752184466],[-100.52220654007908,21.05493629151709],[-100.52317547250001,21.05244437097983],[-100.52332826598504,21.05058147921823],[-100.52359930471896,21.04875870220656],[-100.52368318964969,21.046110661881887],[-100.52359790243484,21.044043470016508],[-100.5239972177265,21.043046576063794],[-100.52517647642763,21.043199584630838],[-100.52588064591258,21.043026706007858],[-100.52676032582282,21.042769247561896],[-100.52786801416784,21.041930310639877],[-100.52857323364795,21.041840133720346],[-100.52983856925364,21.04172693077734],[-100.53041481039591,21.04064413439149],[-100.53111467952513,21.040056630388364],[-100.53205010735013,21.03946642622771],[-100.53650771864694,21.037883800905476],[-100.53776057179367,21.039235363424332],[-100.5389511265643,21.040297885164673],[-100.54038363971894,21.041895714580342],[-100.53878778345667,21.036450275782094],[-100.54600378870933,21.03901630720797],[-100.54666339405838,21.0400021110569],[-100.54749475845605,21.040572007182032],[-100.54832465128028,21.041017739321696],[-100.54968358494583,21.04137456966099],[-100.55075250688199,21.04210727178531],[-100.55251727751244,21.041921287715496],[-100.55233467867967,21.0414266954157],[-100.55233072907453,21.041095604095247],[-100.55285630444325,21.04071699213468],[-100.55338385299319,21.040503924289336],[-100.55367484884383,21.040210810046762],[-100.55361299395193,21.0399631736078],[-100.55300137105603,21.038066216760868],[-100.55288112236522,21.037860647931684],[-100.5522269175405,21.03733012074839],[-100.55222000749855,21.036750710617643],[-100.55262087892075,21.035794052670553],[-100.55273223909629,21.03525466603561],[-100.55784417075142,21.034243413160656],[-100.55824256432129,21.03800546864721],[-100.55929969170059,21.04267049636689],[-100.56139100513894,21.040245459520133],[-100.56342783250471,21.038193561630088],[-100.56540670992118,21.03622510060213],[-100.56989030687464,21.031950843562374],[-100.56969711582438,21.035471411510756],[-100.57127612835143,21.034542351572394],[-100.57280471924362,21.03431752914533],[-100.57903329572738,21.0331270222858],[-100.57890600527574,21.032342070878872],[-100.57860205666704,21.031559190399197],[-100.57806006347109,21.030572140157716],[-100.57822070322267,21.02924571931373],[-100.57814680129873,21.028004830832327],[-100.57866274979308,21.026839812357704],[-100.5791188050557,21.025592711175893],[-100.57951947539796,21.024636001214276],[-100.57998453475203,21.024133845241746],[-100.58074400813604,21.023628233886278],[-100.58262576821596,21.023399185002365],[-100.58314267116346,21.022316927299258],[-100.58374354611897,21.023303270099582],[-100.58497758143504,21.023081805726513],[-100.5856273050878,21.023239731867637],[-100.58651708716773,21.023767356286214],[-100.5866393787325,21.024138442667585],[-100.58758352575323,21.02429289583837],[-100.5885875645116,21.024529421530744],[-100.58888802314775,21.02502258210694],[-100.58761018856946,21.026486342050127],[-100.58814618657627,21.02697673015476],[-100.58903499268051,21.027421567715802],[-100.58933545921842,21.02791472687747],[-100.5894587690508,21.028368581848355],[-100.58993287189551,21.0286113431553],[-100.59064302092703,21.028892711044893],[-100.5915912348871,21.029378225140704],[-100.59230492158919,21.029949285262024],[-100.59256064639935,21.031601930815842],[-100.59275244455648,21.032841414290157],[-100.59306303050322,21.034162277595815],[-100.59325231326453,21.03519483160592],[-100.59302786867939,21.0361080970918],[-100.59339129497394,21.036931635989745],[-100.59369533191037,21.037714483939617],[-100.5935297763359,21.038627054122575],[-100.59365967573603,21.03961891673093],[-100.59391291365363,21.04106462858094],[-100.59404180837453,21.04197371919887],[-100.59410827754365,21.042593806638624],[-100.59406656636621,21.044001611577606],[-100.59378575230173,21.04512250148717],[-100.59332320746705,21.045831623042815],[-100.59250478140432,21.046337989359518],[-100.59027394450318,21.046943803972457],[-100.59088657894578,21.048881978292602],[-100.59153849988314,21.050323038159835],[-100.597043917728,21.049922219800774],[-100.59703319157943,21.051315716812077],[-100.59702789230946,21.05142289390065],[-100.59680826391062,21.05586481421561],[-100.59673262658048,21.05678245750398],[-100.596591198283,21.05849826933457],[-100.59646725095568,21.060001983124682],[-100.5963094295037,21.061916628699958],[-100.595985356079,21.065848108918917],[-100.59877691744545,21.066014036828353],[-100.59868361930202,21.069258157149033],[-100.59586318419814,21.069284694752362],[-100.59550546156045,21.07251109018805],[-100.59541389655375,21.072506785965885],[-100.59527125868054,21.07250008084769],[-100.59512572718566,21.072493239581622],[-100.59350071413883,21.072416841060374],[-100.59252929746113,21.07237116328659],[-100.5918756950725,21.072340426560498],[-100.59173835787358,21.072333967730245],[-100.5916010141178,21.072327508479603],[-100.58763565903246,21.072140970236408],[-100.5874547417505,21.07228532946223],[-100.58547692019847,21.073863461829262],[-100.58442421524947,21.074496730849077],[-100.58354670254683,21.075003757629702],[-100.58126604522033,21.076396501823048],[-100.57992330067816,21.07740567788169],[-100.57946160263776,21.07819754091932],[-100.57924054096502,21.07940049293141],[-100.57901897442228,21.08056205903277],[-100.57775074228014,21.080432076279028],[-100.57648251167569,21.08030208390191],[-100.57524398598215,21.08019242958555],[-100.57359211975759,21.08000482378729],[-100.57217787992201,21.07997998780001],[-100.57129279274523,21.079866167927943],[-100.57040750221601,21.079753870639838],[-100.56922694225305,21.079604111509703],[-100.56878529785648,21.082006457266083],[-100.56619090754792,21.081829788739718],[-100.56563024480837,21.084195659443875],[-100.56958454701372,21.084770361591065],[-100.56908134168394,21.087011394075578],[-100.56430375444732,21.086570458367955],[-100.56339257832866,21.089188759652348],[-100.55825154006934,21.08792405442215],[-100.55716897551054,21.090999629946317],[-100.55186701247285,21.091061142388014]]]},"properties":{"seccion":183,"municipio":3,"electores":1442}},{"type":"Feature","geometry":{"type":"Polygon","coordinates":[[[-100.62021016081167,21.06239939276077],[-100.61966059763746,21.060833114322065],[-100.61695697117402,21.061320772415037],[-100.61609198225219,21.058061215391536],[-100.60880161786899,21.059182985589963],[-100.60780833221642,21.055055686740943],[-100.60369228655638,21.055642720258533],[-100.60316832563207,21.056145640005884],[-100.59680826391062,21.05586481421561],[-100.59702789230946,21.05142289390065],[-100.59703319157943,21.051315716812077],[-100.597043917728,21.049922219800774],[-100.59153849988314,21.050323038159835],[-100.59088657894578,21.048881978292602],[-100.59027394450318,21.046943803972457],[-100.59250478140432,21.046337989359518],[-100.59332320746705,21.045831623042815],[-100.59378575230173,21.04512250148717],[-100.59406656636621,21.044001611577606],[-100.59410827754365,21.042593806638624],[-100.59404180837453,21.04197371919887],[-100.59391291365363,21.04106462858094],[-100.59365967573603,21.03961891673093],[-100.5935297763359,21.038627054122575],[-100.59369533191037,21.037714483939617],[-100.59339129497394,21.036931635989745],[-100.59302786867939,21.0361080970918],[-100.59325231326453,21.03519483160592],[-100.59306303050322,21.034162277595815],[-100.59275244455648,21.032841414290157],[-100.59256064639935,21.031601930815842],[-100.59230492158919,21.029949285262024],[-100.5915912348871,21.029378225140704],[-100.59064302092703,21.028892711044893],[-100.58993287189551,21.0286113431553],[-100.5894587690508,21.028368581848355],[-100.58933545921842,21.02791472687747],[-100.58903499268051,21.027421567715802],[-100.58814618657627,21.02697673015476],[-100.58761018856946,21.026486342050127],[-100.58888802314775,21.02502258210694],[-100.5885875645116,21.024529421530744],[-100.58758352575323,21.02429289583837],[-100.5866393787325,21.024138442667585],[-100.58651708716773,21.023767356286214],[-100.5856273050878,21.023239731867637],[-100.58497758143504,21.023081805726513],[-100.58374354611897,21.023303270099582],[-100.58314267116346,21.022316927299258],[-100.58099432199548,21.019982817277388],[-100.58292588835059,21.019008130646064],[-100.58334207310791,21.01933437647793],[-100.5839313914903,21.01936884434858],[-100.58428367733464,21.019281920806996],[-100.58572858774188,21.01702977789193],[-100.5908582523351,21.01754885665557],[-100.59162319769592,21.017498443877678],[-100.59361858094313,21.01693680444111],[-100.59491142504314,21.016714576867734],[-100.59570212491575,21.01877481429658],[-100.59630407412563,21.019843879995125],[-100.5971999360481,21.02086807486549],[-100.59510796666882,21.023169347060485],[-100.59948968610898,21.024935426932856],[-100.5996538902687,21.02500160737535],[-100.60209161783928,21.02598407688772],[-100.60140985218479,21.028020344462995],[-100.60345152476286,21.026423249268298],[-100.6036912926666,21.02632539671713],[-100.60393106023716,21.026227543846638],[-100.60585407371103,21.025442715707776],[-100.60619517728205,21.024445267976105],[-100.60634946512265,21.022622211089224],[-100.60644791828712,21.02104816613315],[-100.60568499658663,21.02126418813297],[-100.60567737720639,21.020643406736653],[-100.60662049747123,21.02071498356967],[-100.6067879934649,21.019967946795518],[-100.60711281548228,21.017646164669497],[-100.6082584627408,21.01729052349259],[-100.60992600471012,21.021337928857683],[-100.6125853646937,21.02209268585338],[-100.61329143688116,21.0220428764654],[-100.61961790703333,21.01931827874639],[-100.62021951114657,21.0203458634449],[-100.62088205386603,21.021538281059374],[-100.62219999632326,21.023343715041673],[-100.62291324709255,21.02387325631307],[-100.62350822497217,21.024362820690065],[-100.62428139406266,21.024974419837353],[-100.62470332544665,21.02575579243032],[-100.62524354141033,21.026577135888715],[-100.62630600845301,21.02677134253372],[-100.6274903574279,21.027295207583993],[-100.62759938379212,21.026590249212692],[-100.62835200653171,21.025546430706008],[-100.62981480965134,21.02478381029147],[-100.63099760772258,21.0251834966045],[-100.63217165026134,21.024879631777495],[-100.63333795243408,21.02395498666351],[-100.63433791378863,21.023860159092887],[-100.63491899139564,21.02323229142892],[-100.63583113168396,21.025539192070156],[-100.64451563374983,21.023033579374314],[-100.64365367312827,21.02474104077339],[-100.64678428296926,21.025489544957843],[-100.64557838407134,21.027946219615046],[-100.6529528353395,21.028974257058792],[-100.65306035422391,21.029023039308516],[-100.65437438048089,21.02961921609503],[-100.65590691821986,21.02972473201153],[-100.656795916256,21.030169200908784],[-100.65609609905503,21.030715804360213],[-100.65527642077934,21.03109830174703],[-100.65434783755832,21.032185762581225],[-100.65336087745983,21.033315319761883],[-100.65339216433146,21.035798381154418],[-100.65094134553061,21.037607979654073],[-100.65069873573158,21.039108816160052],[-100.65061653326505,21.039573488056984],[-100.64701044417293,21.039706759372734],[-100.64699775967979,21.038553121529155],[-100.64762899837959,21.038481074076135],[-100.64768010277488,21.03831634161712],[-100.6478659166197,21.03771737718249],[-100.64758555126102,21.037723309695075],[-100.64387058595555,21.036762831069645],[-100.64131773856698,21.036102754734973],[-100.64011532155978,21.0357218613856],[-100.63989377663529,21.037306794219845],[-100.64064035752583,21.03754309599026],[-100.64048587384467,21.039018444456524],[-100.64012033143077,21.03898224052234],[-100.64006176400048,21.039694915992143],[-100.64002715323132,21.04011607400079],[-100.6400118841389,21.040301874148902],[-100.63990343579528,21.041621507635],[-100.64101961873953,21.041854676467118],[-100.6410501284179,21.042910820933365],[-100.64107132911845,21.04425068482899],[-100.64111632086917,21.04538227157361],[-100.6418112380814,21.045888489937777],[-100.64121492904935,21.04664795893149],[-100.64061140444899,21.047485976393094],[-100.63989162971355,21.048423018726545],[-100.63908220754749,21.04950778023845],[-100.63876101573643,21.049939211435706],[-100.6385568872544,21.050289185122033],[-100.631908658371,21.05104191074809],[-100.6318042863617,21.05211933233583],[-100.62456350473474,21.052454732164275],[-100.6261402711654,21.06083817528846],[-100.62473343430821,21.06139315383516],[-100.62312057101279,21.0617519635299],[-100.62021016081167,21.06239939276077]]]},"properties":{"seccion":184,"municipio":3,"electores":1052}},{"type":"Feature","geometry":{"type":"Polygon","coordinates":[[[-100.64676373610759,21.049202947890848],[-100.6467588097379,21.050317085217078],[-100.64615769637052,21.049865037128555],[-100.64582437476864,21.049714982617395],[-100.64500176301848,21.049344659771894],[-100.6446566764258,21.049190394474675],[-100.64321673683182,21.04917136357334],[-100.64212591844615,21.049611907455752],[-100.641319531691,21.049976314441963],[-100.63985600134559,21.050142065358216],[-100.63855688731668,21.05028918465362],[-100.63876101579874,21.049939210967203],[-100.6390822076099,21.04950777976968],[-100.63989162977619,21.048423018257314],[-100.64061140451182,21.047485975923507],[-100.64121492911237,21.046647958461445],[-100.64181123814457,21.045888489467465],[-100.64111632093217,21.045382271103026],[-100.6410713291814,21.044250684357863],[-100.64105012848086,21.042910820461692],[-100.64101961880245,21.0418546759949],[-100.64103144112076,21.041600919954835],[-100.64104904284943,21.041223113437578],[-100.64210308095814,21.04136021269812],[-100.64218282016306,21.041370584137102],[-100.64280451464717,21.041451444726],[-100.6434706601591,21.041538084182406],[-100.64429289782515,21.041645021340866],[-100.64455605811199,21.041731095066375],[-100.64473340007444,21.04178909928359],[-100.6458391824257,21.042033926163263],[-100.64645333895129,21.042169900608616],[-100.64744374931966,21.042389172487038],[-100.64740389969882,21.04271879555804],[-100.6472167308232,21.04426698099859],[-100.64715241757749,21.045213768839396],[-100.64681419609795,21.045184426557068],[-100.64726901397748,21.047253140454327],[-100.64674234680668,21.047258245932927],[-100.64674585305283,21.047577046901818],[-100.64675662041547,21.048556018274517],[-100.64676373610759,21.049202947890848]]]},"properties":{"seccion":185,"municipio":3,"electores":1626}},{"type":"Feature","geometry":{"type":"Polygon","coordinates":[[[-100.64744374925483,21.042389172959005],[-100.64645333888679,21.04216990108066],[-100.64583918236139,21.0420339266354],[-100.64473340001042,21.041789099755807],[-100.64455605804804,21.041731095538605],[-100.64429289776129,21.041645021813093],[-100.64347066009546,21.04153808465472],[-100.64280451458374,21.04145144519831],[-100.64218282009979,21.041370584609496],[-100.64210308089494,21.041360213170513],[-100.64104904278653,21.04122311391006],[-100.64103144105786,21.041600920427133],[-100.64101961873953,21.041854676467118],[-100.63990343579528,21.041621507635],[-100.6400118841389,21.040301874148902],[-100.64002715323132,21.04011607400079],[-100.64006176400048,21.039694915992143],[-100.64012033143077,21.03898224052234],[-100.64048587384467,21.039018444456524],[-100.64064035752583,21.03754309599026],[-100.63989377663529,21.037306794219845],[-100.64011532155978,21.0357218613856],[-100.64131773856698,21.036102754734973],[-100.64387058595555,21.036762831069645],[-100.64758555126102,21.037723309695075],[-100.6478659166197,21.03771737718249],[-100.64768010277488,21.03831634161712],[-100.64762899837959,21.038481074076135],[-100.64699775967979,21.038553121529155],[-100.64701044417293,21.039706759372734],[-100.65061653326505,21.039573488056984],[-100.6506181678423,21.039592291538394],[-100.65083144549753,21.042045688389],[-100.64773687762664,21.042376985343235],[-100.64744374925483,21.042389172959005]]]},"properties":{"seccion":186,"municipio":3,"electores":928}},{"type":"Feature","geometry":{"type":"Polygon","coordinates":[[[-100.67177665320126,21.05554799345603],[-100.67138983515925,21.05515834724034],[-100.67100301914246,21.05476869999178],[-100.6699931166567,21.053908653700724],[-100.66911051308493,21.053915963371963],[-100.66709769215076,21.053015086477735],[-100.66625953744192,21.051949202528387],[-100.66460951177574,21.051886621275568],[-100.66336805795733,21.051529294311663],[-100.66188580032637,21.050760995920687],[-100.66028367957627,21.049828585263594],[-100.65956913084734,21.049216450937468],[-100.65942696767587,21.049266351771365],[-100.65942345447209,21.04924706667115],[-100.65913116988986,21.048304927738542],[-100.65883888939602,21.04736278795889],[-100.65828219816288,21.04525866021715],[-100.65854316719403,21.042606479648203],[-100.65695369884983,21.04266725126539],[-100.65400196090008,21.04212373438175],[-100.65117114345692,21.04182703951593],[-100.65100129460461,21.041936364029922],[-100.65083144549753,21.042045688389],[-100.6506181678423,21.039592291538394],[-100.65061653326505,21.039573488056984],[-100.65069873573158,21.039108816160052],[-100.65094134553061,21.037607979654073],[-100.65339216433146,21.035798381154418],[-100.65336087745983,21.033315319761883],[-100.65434783755832,21.032185762581225],[-100.65527642077934,21.03109830174703],[-100.65609609905503,21.030715804360213],[-100.656795916256,21.030169200908784],[-100.65590691821986,21.02972473201153],[-100.65437438048089,21.02961921609503],[-100.65306035422391,21.029023039308516],[-100.6529528353395,21.028974257058792],[-100.64557838407134,21.027946219615046],[-100.64678428296926,21.025489544957843],[-100.64945186579081,21.019622437568664],[-100.64950332650396,21.019509249852703],[-100.65129866778669,21.015560293731568],[-100.6568451025995,21.01230314288599],[-100.65891924812391,21.009173307738084],[-100.66238618881428,21.009298295689575],[-100.66519112414638,21.004442710467906],[-100.66382662615334,21.003525132770104],[-100.66562779388809,21.00169540313371],[-100.66619831221753,21.00111582514612],[-100.66731131912675,21.000628225722533],[-100.6673724138292,21.000601460327303],[-100.66801931884419,21.000318051410584],[-100.6694406431487,20.99969535752449],[-100.67258430316866,21.001060965576105],[-100.67343772807088,20.99939268309242],[-100.67545090278901,21.000069466083907],[-100.67591141405163,20.999483366188297],[-100.67578933124754,20.999236517690424],[-100.67489787495695,20.998751606551206],[-100.67424472920435,20.998429128045565],[-100.67382696420101,20.998103454000454],[-100.67358792864894,20.997899607824625],[-100.67370122841196,20.99764956466175],[-100.67399106053402,20.997397126672716],[-100.67602224505448,20.99836547498895],[-100.68057996517032,21.000538187478586],[-100.68691982842087,21.004640227032997],[-100.68711933652924,21.006162265806555],[-100.68743422663344,21.00856446634285],[-100.68844989900687,21.009961966594883],[-100.69087549095532,21.011182222962177],[-100.69406767600874,21.012561408720636],[-100.69637059915637,21.013327730791147],[-100.70106568108282,21.014839811682176],[-100.71526488938956,21.019411758612492],[-100.7141019865154,21.02062090779717],[-100.71441159995413,21.021982901130233],[-100.714538169049,21.02276751979253],[-100.71419412397742,21.023556154513873],[-100.71274313994408,21.025305337942456],[-100.71117446576281,21.027055513016187],[-100.71017438186313,21.027064027201153],[-100.70798519418167,21.031176556163373],[-100.70729840050794,21.032877850432403],[-100.70625626675647,21.034375396666487],[-100.70596117495951,21.03429519654133],[-100.70542702126124,21.033886203270704],[-100.70246960207821,21.03250527973324],[-100.70064118784784,21.032107224201376],[-100.69622283817039,21.031606943503043],[-100.69440332359885,21.03145317507499],[-100.69221817696679,21.03126848049084],[-100.6927676295418,21.03829384859462],[-100.6931611081062,21.040023342715347],[-100.69412925974585,21.04427854714764],[-100.6947289165434,21.04671056310063],[-100.69517731272633,21.04852905249269],[-100.69192470440966,21.04877580552831],[-100.68659350825281,21.04918014438755],[-100.67752647633971,21.04871829866867],[-100.67177665320126,21.05554799345603]]]},"properties":{"seccion":187,"municipio":3,"electores":564}},{"type":"Feature","geometry":{"type":"Polygon","coordinates":[[[-100.780403015891,21.040469967441773],[-100.77980299447167,21.039482890907404],[-100.7790892196147,21.03882763771081],[-100.77843623096386,21.038337244741115],[-100.7775508463129,21.038097028732707],[-100.7754256414772,21.037495682347235],[-100.77371420838622,21.03705603696298],[-100.77218170275256,21.036821542671245],[-100.77065599258476,21.037165895771825],[-100.76936996054474,21.037880275621685],[-100.76849331142179,21.038384262477376],[-100.76808585357233,21.038760035759047],[-100.76797255091697,21.039133203496906],[-100.76679011230885,21.03864745125191],[-100.76584155388166,21.038035567397863],[-100.76507529884171,21.03791828644231],[-100.76442428966119,21.037593225583826],[-100.76420310553426,21.037471617149492],[-100.76353602710266,21.037104850147582],[-100.76288454149183,21.036738435446686],[-100.76211636337635,21.036455750716183],[-100.76216505593479,21.03558693540243],[-100.7619220121751,21.03492745144789],[-100.76156468917902,21.03455843654756],[-100.76132743980938,21.034395121069533],[-100.76161724565195,21.034020400794773],[-100.76201988246639,21.033231167951733],[-100.76230968446215,21.0328564467276],[-100.76224747640032,21.032567533335552],[-100.76212499172506,21.032155096278398],[-100.7619981643823,21.031370531802086],[-100.76216885844973,21.03087280592218],[-100.76216354956834,21.030417983702286],[-100.76186120555168,21.029717669912394],[-100.76161962199393,21.02918222680648],[-100.76147086426694,21.029038806792602],[-100.76132210682536,21.028895386626047],[-100.76096721200344,21.028733106652254],[-100.76020968397359,21.029360055440133],[-100.75933160235542,21.029739951541217],[-100.7586285556876,21.02999424830134],[-100.75822253693379,21.030494041102862],[-100.75775527988354,21.030787612479557],[-100.75699580269396,21.031249158134948],[-100.7562363206662,21.03171070070061],[-100.75553422039873,21.032047680847672],[-100.75495073656258,21.032466321002342],[-100.75401235115545,21.032722665069496],[-100.75330735914928,21.032811550709784],[-100.75242779763725,21.03306737060657],[-100.75155015185877,21.033488576941412],[-100.75026165016492,21.03399607802777],[-100.74955904494475,21.034291687354656],[-100.74868282004813,21.034836923140883],[-100.74780754613903,21.03546485036092],[-100.74687391238076,21.03613463494168],[-100.74623299099,21.036677804771728],[-100.74518167947335,21.037348607773982],[-100.74436377363575,21.03785196254838],[-100.74366161505883,21.038188897279074],[-100.73831124414659,21.038524890815033],[-100.73910249646323,21.035706078077396],[-100.74058537962343,21.03164068981407],[-100.74147028856102,21.029296603859926],[-100.74235517233706,21.026952514610166],[-100.74287638545547,21.025400672961155],[-100.74372024545956,21.0228881304998],[-100.74398727588172,21.02194149385978],[-100.74507665545231,21.018079476308724],[-100.74621490293768,21.014761390670802],[-100.74788235207548,21.01121922510581],[-100.7480522644496,21.010858270095135],[-100.74911343406502,21.011055766984335],[-100.75052849026967,21.011332867301807],[-100.75264988389426,21.011645125549144],[-100.75418211238541,21.011879816929806],[-100.75548002032419,21.012199253438556],[-100.75684011932414,21.01280759701125],[-100.75784729871623,21.013419029913486],[-100.75933035671453,21.0144811422353],[-100.76081536278916,21.01570863032464],[-100.76182595216055,21.016609469821493],[-100.76277869543969,21.0175935160169],[-100.76294454988822,21.016682314634497],[-100.76305061533787,21.01568893673629],[-100.76339100278543,21.014610788957444],[-100.76386930157402,21.01526819870391],[-100.76458241154302,21.015882182731573],[-100.765295527316,21.016496163313107],[-100.76851544281176,21.015935599689335],[-100.77015149855389,21.01558857296308],[-100.77062837401921,21.01495662978319],[-100.77153551266159,21.0137407831573],[-100.77291121709662,21.01449647102636],[-100.77510472812227,21.01176019441921],[-100.77953500181192,21.00995386974355],[-100.77826601549788,21.008317098034286],[-100.78484644494112,21.008217515200908],[-100.78514447188718,21.00920382665587],[-100.78718278393411,21.015949145484242],[-100.7873442253854,21.016483367386428],[-100.78850842100685,21.020335643648732],[-100.78944999461189,21.023451099722514],[-100.78956564332293,21.023833744728226],[-100.79046635313172,21.026813828739666],[-100.79256134994517,21.033744777285577],[-100.78835116625021,21.03593287472599],[-100.78544844268859,21.03785046855093],[-100.78251411262474,21.03987218478646],[-100.78187136316171,21.040250092917283],[-100.78099084350423,21.040423366124266],[-100.780403015891,21.040469967441773]]]},"properties":{"seccion":188,"municipio":3,"electores":2372}},{"type":"Feature","geometry":{"type":"Polygon","coordinates":[[[-100.80746700785662,21.025629266075324],[-100.80705127456372,21.02530223362438],[-100.80627764862368,21.024564938398093],[-100.80590887689699,21.02324505241099],[-100.80618816004454,21.02200198821701],[-100.80652626238056,21.020758389923117],[-100.8072138316339,21.019222161868587],[-100.80768836979368,21.019548661167704],[-100.807873251492,21.020249948941586],[-100.80864537508471,21.020863198888488],[-100.80970369302717,21.02081222726298],[-100.81059148984275,21.021259011966265],[-100.81119013472444,21.02212193322597],[-100.81226185765142,21.02318729746482],[-100.81303897853705,21.024213988437932],[-100.81433956868146,21.024739690129817],[-100.81582061905536,21.02559454008718],[-100.81694973148271,21.02653529418063],[-100.81801853883846,21.027352538955924],[-100.81950212652191,21.028414084129682],[-100.82092740761841,21.029517499894254],[-100.82468476907223,21.028862768518213],[-100.82507455224905,21.02703975911669],[-100.82465178338116,21.026133927791328],[-100.82347229565701,21.025896651790333],[-100.82234564638583,21.025162674284697],[-100.8211013598657,21.024429766402363],[-100.819914912057,21.023613617545788],[-100.81854702690413,21.022385611208303],[-100.81789051317958,21.021605949328087],[-100.81859140932426,21.02118603224243],[-100.81976786479565,21.021175268220066],[-100.82106296209065,21.021246110775124],[-100.82222943769463,21.020408406419772],[-100.82281441727274,21.02013426309426],[-100.82339939458542,21.019860117903278],[-100.82451501632369,21.019684476953262],[-100.82581109971954,21.019837976291004],[-100.82715300027414,21.018915927248237],[-100.8274884188336,21.017465569718336],[-100.82759155186461,21.01626545212977],[-100.82792946406578,21.015021824336973],[-100.82865938728145,21.015072925837355],[-100.83576005322372,21.015569873014044],[-100.83835115226822,21.01579400218217],[-100.83905900638439,21.01595284778811],[-100.8399438258132,21.01615140049145],[-100.84444798237857,21.0188800631343],[-100.84447371416145,21.019201666222205],[-100.84458683734454,21.020615486529284],[-100.84494886132258,21.021356425723166],[-100.84490773715717,21.02143066712556],[-100.84437326781361,21.022395536926528],[-100.84356388996662,21.023560870562957],[-100.84322205816336,21.02447375489087],[-100.84329703683744,21.02579626910298],[-100.8435409161993,21.026496958126998],[-100.84385119851373,21.02781728408108],[-100.84410569327677,21.02938622960252],[-100.84427764680724,21.02989429489756],[-100.84459398176556,21.03082894836799],[-100.84507823643217,21.031940900201192],[-100.84544636269283,21.03317798196716],[-100.84599552979779,21.034785528716892],[-100.84641794612116,21.035649949252267],[-100.84718219812893,21.035601477511882],[-100.84764724863138,21.035142289947164],[-100.84840845802673,21.034845739992274],[-100.84923153169943,21.03479671066486],[-100.84970316253059,21.034875009015586],[-100.85064896110664,21.03523832882944],[-100.85142284818467,21.035975401102306],[-100.85172222287731,21.03666271815636],[-100.85190717177916,21.037087327852262],[-100.85232962861026,21.03795173046081],[-100.85275259848073,21.038857476937277],[-100.85223227932462,21.03960664575814],[-100.8515983570946,21.04068767633955],[-100.85072657012458,21.0415641771158],[-100.8496757472497,21.042235595180802],[-100.84862339426334,21.04278297106906],[-100.84827547947759,21.043199719236608],[-100.84840226198658,21.04394283935164],[-100.8492908073435,21.044430747586876],[-100.84988469558228,21.044880053111925],[-100.8500130098708,21.04574720737272],[-100.85002214070445,21.04649142442497],[-100.85044411072647,21.047314484282005],[-100.85080116296062,21.04764194822512],[-100.85092694830958,21.048302374161732],[-100.8512890809645,21.049043290289617],[-100.85099948618338,21.049418148786867],[-100.85076973812029,21.049875147648994],[-100.85072359448597,21.0509093314625],[-100.85096476627697,21.051382602882022],[-100.85120593969076,21.05185587382109],[-100.85132608847728,21.05301575503035],[-100.85137282886626,21.053466966151674],[-100.85140783245049,21.0539214895607],[-100.85131352464428,21.055824474792878],[-100.85186336476951,21.057473333002235],[-100.85253292482172,21.059286467675875],[-100.85314569951714,21.0612655302374],[-100.85311279817563,21.06337468861771],[-100.85260562627832,21.065198838937945],[-100.8520360453833,21.066734122486803],[-100.8518676599357,21.067397298998515],[-100.85145628905119,21.067442499680336],[-100.85028152231222,21.06761889083897],[-100.84970175408239,21.068327262834195],[-100.84830074888094,21.069250056997067],[-100.84780542187762,21.069647509042497],[-100.84731009220727,21.07004495981817],[-100.84578934540458,21.070803452576232],[-100.84456076535024,21.071393809266727],[-100.8422654325121,21.07137383708931],[-100.84091055556446,21.07126239083278],[-100.83944102632634,21.07140010003841],[-100.83850157554332,21.071574226068908],[-100.83708835949167,21.071504641102205],[-100.83555544404304,21.071270752502397],[-100.8345470726099,21.07061848964221],[-100.83301517486478,21.070467268438453],[-100.83237495880441,21.071052095184967],[-100.83185242209883,21.07163583181968],[-100.83133591500943,21.07271571548943],[-100.83145661734271,21.07296270184486],[-100.83151696866898,21.073086194976884],[-100.8315773201017,21.073209688078357],[-100.8301635844586,21.073098700609506],[-100.8287498499463,21.072987701203296],[-100.82606933439747,21.07032463680567],[-100.82571177251249,21.06995577581978],[-100.82523953550036,21.069836072456898],[-100.82465111847763,21.0698414883242],[-100.82012479711139,21.07025523597001],[-100.81951340277462,21.0701995406724],[-100.81930000976625,21.070180100988352],[-100.8182967003216,21.069941195853612],[-100.81735722424948,21.07011520594345],[-100.81589215396544,21.070624826475097],[-100.8143667360088,21.071010934726324],[-100.81330408614626,21.070731191736446],[-100.81276703992036,21.070115837059316],[-100.81234817961617,21.06954075208958],[-100.81228088092556,21.068838404678377],[-100.81239259473996,21.06834117645014],[-100.81262199057224,21.06784287369721],[-100.81320393395126,21.06730000026261],[-100.8137300190014,21.067005739517146],[-100.81437079575052,21.066462324942552],[-100.81483654057733,21.06604456059008],[-100.81524194790741,21.065503294932274],[-100.80512571602353,21.06855006446229],[-100.80523508107039,21.068355776591282],[-100.80575310907392,21.068123291055688],[-100.80656597474567,21.067660690922633],[-100.80708420895901,21.067445659039596],[-100.80660026229384,21.06587944052444],[-100.80619830915352,21.064940895522877],[-100.80602291366395,21.064279294015613],[-100.80471850094511,21.06408364882975],[-100.80373110445838,21.063954464442205],[-100.80320740477507,21.063715591783733],[-100.8028705311249,21.063544572408368],[-100.80260784094585,21.063355305010177],[-100.80225237047381,21.063184481752437],[-100.80196940114087,21.062855750916416],[-100.80162145775897,21.062520127145532],[-100.8012901958229,21.062059811579005],[-100.79817301653465,21.05247760793728],[-100.79812387845884,21.052294985516845],[-100.79774346786098,21.050881165508212],[-100.79743173339156,21.04972256073607],[-100.79691563135131,21.047804347906556],[-100.79622383152287,21.045233020859072],[-100.79559052804152,21.042879023814717],[-100.79467062140743,21.039459560795162],[-100.79256134994517,21.033744777285577],[-100.79414505069055,21.033337683411034],[-100.79572874171377,21.032930575372816],[-100.79643517130715,21.03296555553639],[-100.79796026887036,21.032579631386586],[-100.80006870352942,21.031774909929354],[-100.8015893355587,21.03101683541091],[-100.80235260777862,21.030885872846795],[-100.80329970797781,21.030614888208813],[-100.80338065570417,21.03104788878203],[-100.80412192720968,21.031999303133762],[-100.80409625571018,21.03333082085744],[-100.80627145037944,21.03387545647118],[-100.80707577605887,21.03486533976633],[-100.8080625637301,21.035422581383173],[-100.8089311638493,21.034826026309897],[-100.80997222931158,21.034697480788722],[-100.81116321047202,21.03455229865962],[-100.81182193023476,21.03418834677585],[-100.81159615641755,21.032761626856466],[-100.8118371174852,21.031995552710665],[-100.81096739288176,21.030771464372645],[-100.8096864245642,21.02829881441593],[-100.80831873546735,21.027275780380098],[-100.80781010388277,21.02659599032173],[-100.80746700785662,21.025629266075324]]]},"properties":{"seccion":189,"municipio":3,"electores":1347}},{"type":"Feature","geometry":{"type":"Polygon","coordinates":[[[-100.75007854275228,21.005257657006176],[-100.7505969222949,21.00405006412414],[-100.75105531574414,21.003034656799326],[-100.75098254335283,21.00299786342207],[-100.75090033673823,21.00296831796053],[-100.75078223407805,21.002962382128686],[-100.75065272062986,21.002957457458113],[-100.75063369123112,21.002794970555595],[-100.75058069023027,21.002657861198482],[-100.75051489631092,21.002566470307737],[-100.75042712536758,21.002549495882928],[-100.75032726610534,21.00247543864209],[-100.75028003864232,21.002343632948477],[-100.75028997560045,21.001632667298704],[-100.75033081400858,21.00082086548384],[-100.75031953101985,21.00050634242241],[-100.75025251391224,21.00043239421436],[-100.75019597574943,20.999869396157166],[-100.75013916939245,20.999732325664343],[-100.75012070398684,20.99961810129891],[-100.7501003976504,20.999509259025125],[-100.7500595489355,20.999434594694687],[-100.7500164216297,20.999327774772485],[-100.74997195359734,20.999269237131127],[-100.74989693078052,20.99920252193127],[-100.74983529936017,20.99910058496203],[-100.74983559468194,20.999044268657855],[-100.74985560913353,20.99900562685519],[-100.7498716394702,20.998951830367066],[-100.74989343933912,20.998862220105806],[-100.74992297815878,20.99878325661502],[-100.74995833159859,20.99871317195272],[-100.74995967761537,20.998665336529616],[-100.74995537049602,20.998622475464988],[-100.74996256762779,20.998586647013898],[-100.74997159529836,20.99854454271266],[-100.74997033096061,20.998517739869552],[-100.74995759364288,20.998486585674957],[-100.74994107021051,20.998457258126965],[-100.74993025722355,20.998427871868255],[-100.74991276122513,20.9983967665927],[-100.74987418109825,20.99835336401312],[-100.74983751489113,20.998310835609043],[-100.7498178653964,20.99825829978447],[-100.74980167905262,20.998176230925697],[-100.74990627322747,20.998003534253787],[-100.75001905936021,20.997880362616012],[-100.75009802569559,20.997795527750913],[-100.75012981939894,20.99774670887316],[-100.75012959623355,20.997645928292105],[-100.75010327247274,20.997510778937052],[-100.75028990489407,20.997108633510397],[-100.75041698502056,20.996905314082735],[-100.75056119487267,20.996211982374653],[-100.75079529122941,20.995064538386934],[-100.75106937877382,20.99375595017399],[-100.7511002390726,20.993410608735257],[-100.75128099225117,20.992584728358416],[-100.75146290403083,20.991914854377974],[-100.75156314355429,20.99179558643248],[-100.7516263336899,20.99167214523738],[-100.75159272202217,20.991301722618037],[-100.75159841246719,20.99110196447891],[-100.75163368138008,20.990978523283868],[-100.75166013306475,20.99092855899055],[-100.7517012801298,20.990881533773397],[-100.75176447026539,20.99083597809422],[-100.7524433968385,20.9920336515945],[-100.75324209076169,20.991584707724133],[-100.75363225311058,20.991287126271594],[-100.75404813237506,20.99105200018571],[-100.754325221056,20.991607840927266],[-100.7547516827591,20.992426691451932],[-100.75507953455889,20.99311471280692],[-100.75525663142238,20.99344540293001],[-100.75533199378647,20.993459821526006],[-100.75540411441467,20.993441200695933],[-100.75548583567446,20.993429631717916],[-100.75564946626366,20.993422581184234],[-100.75571521752626,20.993429053985267],[-100.75741563232056,20.989646573354445],[-100.75818377979607,20.98796339861615],[-100.75879474023498,20.986735415893918],[-100.75943950004874,20.98551533193863],[-100.76012338631277,20.984246385843583],[-100.76032967271472,20.98385493764897],[-100.76108581986254,20.982427838975042],[-100.76162800957054,20.981423403274338],[-100.76177624922005,20.981158702735442],[-100.76201982514971,20.980698369945273],[-100.76211963800237,20.98049914877449],[-100.7631544922066,20.978542190260384],[-100.76416002360847,20.976633260350155],[-100.76512697963688,20.974823156872954],[-100.76541392987194,20.974303355128782],[-100.76635675651883,20.972564062733394],[-100.76733759015039,20.970712991484916],[-100.76757118877717,20.970287795106053],[-100.7678441554675,20.96976206787322],[-100.76808699662818,20.969312756618397],[-100.76846393313464,20.96858643744353],[-100.76866697863728,20.969006231734433],[-100.76903117519359,20.969709492404494],[-100.7691890916204,20.97002785378057],[-100.76933976931093,20.97029712798186],[-100.76948932825925,20.97063300597747],[-100.76982070656837,20.97129638162036],[-100.77020230702327,20.972102698613238],[-100.77056876974623,20.972835428588123],[-100.77180181045372,20.975389764497677],[-100.77248181178258,20.976560792457484],[-100.77291706571005,20.97731425242991],[-100.77340891383315,20.978024216747002],[-100.77373968832953,20.97847216948514],[-100.77466798267075,20.979712109161984],[-100.77541520270884,20.980768902476797],[-100.77564623478042,20.980668170198427],[-100.77736665739711,20.979837713530806],[-100.77753513425847,20.97975908405517],[-100.77773566946773,20.979655091948135],[-100.7778595711289,20.979589664797935],[-100.77795891865615,20.979540359756776],[-100.77807827098015,20.979492633543273],[-100.77815508922575,20.979469708773973],[-100.77826512635204,20.979439062886893],[-100.778401734308,20.97940188254583],[-100.77855743775082,20.979369865831593],[-100.77870184883196,20.97934869313287],[-100.77882916273579,20.979330380421267],[-100.7789651468536,20.979320915593433],[-100.77907268866076,20.979320686254834],[-100.7792169711669,20.979317582093763],[-100.77934303935548,20.97932590702402],[-100.77948874055369,20.979333323473146],[-100.77960983767787,20.979352616937966],[-100.77974146598648,20.979377163394982],[-100.77984079273536,20.97940651653479],[-100.77999362110413,20.979453187578812],[-100.78016166674323,20.97949999969189],[-100.78027833340995,20.979544999691967],[-100.78038666674334,20.979591666358598],[-100.78050166674335,20.979641666358624],[-100.7805595718978,20.979668809043353],[-100.78060833341004,20.97969166635868],[-100.78072166674343,20.97974666635869],[-100.78084833341013,20.979803333025355],[-100.78097833341018,20.979858333025337],[-100.78110333341023,20.979906666358737],[-100.78124166674358,20.97995166635871],[-100.78138166674366,20.9799933330254],[-100.78152166674367,20.980024999692063],[-100.78165666674374,20.98004666635873],[-100.78178833341043,20.980059999692134],[-100.78193166674382,20.980071666358707],[-100.78208000007723,20.980078333025443],[-100.78222500007723,20.98008166635878],[-100.78236833341063,20.980084999692128],[-100.78257436331162,20.98010753751256],[-100.7828114088584,20.980113101224568],[-100.783582341176,20.980075980102757],[-100.78420380356877,20.98007483452697],[-100.78440375754458,20.98008257225093],[-100.78456479122701,20.980098762171846],[-100.78483378107612,20.98014957475437],[-100.78507333341148,20.980213333025493],[-100.78734626348286,20.981263780724834],[-100.79029166674653,20.98265833302615],[-100.79068071527749,20.98226740827992],[-100.79083948176996,20.981853674916277],[-100.79090785168438,20.981521338320587],[-100.79091282235785,20.98129961168745],[-100.79101261296607,20.981048284862393],[-100.7911828500488,20.980638899884987],[-100.79128050870835,20.98020882571497],[-100.79127414496956,20.979994369061295],[-100.79123360890375,20.979787422553315],[-100.79119504675599,20.979426713354172],[-100.79117575512333,20.979245465004546],[-100.79121502565683,20.979026953046972],[-100.79133346283793,20.978743251474388],[-100.79137324698995,20.97824853494314],[-100.7914208969815,20.97809429191136],[-100.79141157943516,20.977951374157406],[-100.79132425970332,20.9776519593538],[-100.79139454119762,20.97732049634478],[-100.79230192952143,20.97599878257632],[-100.79251792377913,20.97607516862284],[-100.79272072410863,20.976162419403963],[-100.79289324479947,20.97626429017659],[-100.79301057420565,20.976366741668233],[-100.7932464034906,20.97622187539711],[-100.79377703772516,20.976296838155296],[-100.79425918567375,20.976951806829234],[-100.79485893045606,20.97760504568798],[-100.79522054786197,20.978096269503048],[-100.79581145939007,20.978253095875456],[-100.7965207020566,20.978449558163888],[-100.79740264966672,20.978436585883088],[-100.7980494109133,20.978427069980608],[-100.7991665433092,20.978410627648586],[-100.800518122208,20.9783493467368],[-100.8012214632582,20.978214851057462],[-100.80286775798815,20.978190587231666],[-100.80398414642632,20.978132746279115],[-100.80457358626663,20.978206807253862],[-100.80476919682765,20.979279750686093],[-100.8048420411984,20.980064858821205],[-100.8050883203548,20.98068189530211],[-100.8051619071628,20.981508370131923],[-100.80511568113029,20.98221247895581],[-100.80512381576942,20.98266751728034],[-100.8050150939512,20.983165658195045],[-100.80485127063609,20.98387150236323],[-100.80498143922752,20.984573007891694],[-100.8048719765521,20.985029781630185],[-100.8047669503326,20.98573475800279],[-100.8044847858164,20.986400970221514],[-100.80426289744312,20.98714904877008],[-100.8040373103268,20.98769029152681],[-100.80376031464235,20.988646072754165],[-100.80371630050814,20.98947428263081],[-100.803907489915,20.990299022419265],[-100.80426990883892,20.99083158906799],[-100.80445814524766,20.99149085940023],[-100.80458092527333,20.991778693428294],[-100.80476620579397,20.9922724948435],[-100.80477360272286,20.992686165633184],[-100.8047303345569,20.993555742154303],[-100.80450326211631,20.994014251563122],[-100.80421664625247,20.994432261447567],[-100.80386900763123,20.994727037352867],[-100.80292594730776,20.994616815998143],[-100.8025098940661,20.994374684086615],[-100.801682963653,20.99417998692439],[-100.80067815048727,20.99390515095154],[-100.80026284097508,20.993704380302233],[-100.80003280047502,20.993997416000145],[-100.80021585429347,20.994367121589544],[-100.8002790879861,20.994614458257228],[-100.80099210763031,20.99501773136355],[-100.80128833829083,20.995137499180423],[-100.80241002751787,20.99536922939981],[-100.80293999318727,20.99540279110678],[-100.80364488882357,20.995351014240587],[-100.80429024124584,20.995258735245258],[-100.80546555754749,20.995200007710388],[-100.80593745984005,20.995275795330347],[-100.80476732181798,20.995624095603322],[-100.8037854195847,20.996631658653534],[-100.80333347797033,20.997672776763654],[-100.8028219870111,20.998673394332787],[-100.80254792600215,20.999794642822476],[-100.80243660032848,21.000147997814732],[-100.80232527419251,21.00050135275798],[-100.80385346259506,21.000437429270782],[-100.80456245032762,21.000613165704202],[-100.805271439496,21.000788899059135],[-100.80644087499154,21.000399225690153],[-100.80825789496626,21.00004135031125],[-100.8092471965904,20.999447431755264],[-100.80994135793118,20.998795807219068],[-100.81063551324134,20.998144180240235],[-100.81069209255429,20.998019209415368],[-100.81143058223046,20.99656005503237],[-100.81199784323032,20.99539307799379],[-100.81391606029482,20.994123335574425],[-100.81530428779966,20.99282005171185],[-100.81710335470396,20.99146928683443],[-100.81843421615825,20.990249586469474],[-100.81924254929986,20.989410033841548],[-100.8200523610543,20.98865321140611],[-100.82091451599632,20.98808808370963],[-100.82121496092094,20.987891145291126],[-100.82214160816012,20.98709120052081],[-100.82307047913902,20.986415351343886],[-100.82350849083849,20.986243328775444],[-100.8237274962828,20.986157317094833],[-100.82394650145689,20.986071305149935],[-100.82495650784843,20.986635570999574],[-100.8253762963509,20.987084480181224],[-100.82597397539188,20.987613496127683],[-100.82681654917212,20.98867677352468],[-100.82759884349295,20.989658188399883],[-100.82826354787143,20.990641350791904],[-100.828862744032,20.99125308759744],[-100.82964431924763,20.99219312434639],[-100.83024800766734,20.993053054039144],[-100.83067455217211,20.993874245325774],[-100.8309849921818,20.99477992205857],[-100.83134900874782,20.995395155797677],[-100.83206210501825,20.99579829230509],[-100.8324796989525,20.996123080912557],[-100.8328972946679,20.99644786835046],[-100.83355757929677,20.99718280644131],[-100.8337539190115,20.997325271053448],[-100.83445158582384,20.997831495705736],[-100.83507436815565,20.99822819039436],[-100.83529102206806,20.998366191722226],[-100.83540365465862,20.998437934713223],[-100.8354789207992,20.999347114546666],[-100.83552521130592,20.999504332095505],[-100.83555559572356,20.999607527200837],[-100.83585494311612,21.00062419665164],[-100.83742306952232,21.002363674892987],[-100.83748163300089,21.002342457966254],[-100.83754019646148,21.002321241020613],[-100.83771161369506,21.00190614998019],[-100.83818213057035,21.001901796893844],[-100.83866119788067,21.002600322299855],[-100.83937653666722,21.00337935915377],[-100.84009742067073,21.00461319647278],[-100.84092990496657,21.005349789557627],[-100.84222838982893,21.005709900732114],[-100.84387927198014,21.006025378316966],[-100.84564930701976,21.006463782603458],[-100.8459459132012,21.006667776100773],[-100.84591336297598,21.008818298207277],[-100.84556854154049,21.009483111181858],[-100.8454589876317,21.010145735917177],[-100.84594266359638,21.01121634665583],[-100.8460724259761,21.012207547914016],[-100.84573062998055,21.013120435402527],[-100.84551202544942,21.014487030434843],[-100.84570364094434,21.0157257583105],[-100.84559459065072,21.016429728604404],[-100.84589475508888,21.016923139934963],[-100.84590284095698,21.017584669989972],[-100.8452598569866,21.01792145461134],[-100.84467771102281,21.018423072684744],[-100.84444798257648,21.01888006248997],[-100.83994382600756,21.016151399845437],[-100.83905900657808,21.015952847142035],[-100.83835115246134,21.01579400153599],[-100.83576005341493,21.015569872367713],[-100.8286593874673,21.015072925190815],[-100.82792946425113,21.015021823690436],[-100.8275915520497,21.01626545148397],[-100.82748841901864,21.017465569073263],[-100.82715300045896,21.018915926604063],[-100.82581109990342,21.019837975647285],[-100.82451501650658,21.019684476309557],[-100.8233993947675,21.019860117259675],[-100.82281441745447,21.020134262450842],[-100.82222943787589,21.02040840577654],[-100.82106296227107,21.021246110132356],[-100.81976786497518,21.021175267577217],[-100.81859140950289,21.02118603159969],[-100.81789051335775,21.021605948685625],[-100.81854702708274,21.022385610566193],[-100.81991491223664,21.02361361690447],[-100.82110136004621,21.024429765761496],[-100.82234564656726,21.02516267364426],[-100.82347229583925,21.025896651150344],[-100.82465178356426,21.026133927151513],[-100.82507455243247,21.02703975847732],[-100.8246847692554,21.028862767879833],[-100.82092740779886,21.02951749925636],[-100.81950212670134,21.028414083491175],[-100.81801853901678,21.02735253831689],[-100.81694973166029,21.02653529354106],[-100.81582061923211,21.02559453944708],[-100.81433956885714,21.024739689489177],[-100.8130389787118,21.024213987797037],[-100.8122618578256,21.023187296823206],[-100.81119013489787,21.022121932583744],[-100.81059149001578,21.021259011323586],[-100.80970369319955,21.02081222662004],[-100.80864537525636,21.020863198245554],[-100.80787325166311,21.020249948298307],[-100.80768836996467,21.019548660524052],[-100.80721383180455,21.019222161224764],[-100.80652626255076,21.020758389280203],[-100.80618816021453,21.022001987574818],[-100.80590887706681,21.02324505176952],[-100.80627764879377,21.024564937757436],[-100.80705127473438,21.025302232984167],[-100.80746700802752,21.025629265435292],[-100.80781010405393,21.026595989682228],[-100.80831873563885,21.027275779740958],[-100.80968642473668,21.028298813777496],[-100.81096739305521,21.03077146373556],[-100.81183711765927,21.031995552074388],[-100.81159615659145,21.03276162622064],[-100.81182193040884,21.034188346140933],[-100.81116321064565,21.034552298024874],[-100.80997222948434,21.034697480154087],[-100.80893116402137,21.03482602567527],[-100.80806256390159,21.03542258074892],[-100.80707577622965,21.03486533913172],[-100.80627145054969,21.033875455836025],[-100.80409625587889,21.033330820222037],[-100.80412192737839,21.031999302497546],[-100.80338065587237,21.03104788814527],[-100.80329970814597,21.030614887571705],[-100.80235260794612,21.030885872209875],[-100.80158933572568,21.031016834774086],[-100.80006870369536,21.031774909292984],[-100.79796026903495,21.032579630750693],[-100.79643517147072,21.032965554900763],[-100.79572874187689,21.032930574737208],[-100.79414505085258,21.03333768277571],[-100.79256135010621,21.033744776650444],[-100.79046635329128,21.02681382810048],[-100.78956564348186,21.02383374408725],[-100.78944999477076,21.02345109908126],[-100.788508421165,21.020335643005694],[-100.7873442255428,21.016483366741127],[-100.78718278409137,21.015949144838594],[-100.78514447204309,21.009203826006246],[-100.7848464450968,21.008217514550758],[-100.77826601564942,21.008317097384175],[-100.77953500196425,21.00995386909443],[-100.77510472827188,21.011760193771202],[-100.77291121724491,21.014496470379992],[-100.77153551280904,21.01374078251049],[-100.77062837416615,21.014956629137007],[-100.77015149866384,21.01558857247879],[-100.76851544292099,21.015935599205235],[-100.76529552742377,21.016496162829295],[-100.76458241165047,21.0158821822474],[-100.76386930168117,21.01526819821956],[-100.7633910028923,21.014610788472734],[-100.76305061544464,21.015688936252136],[-100.76294454999496,21.016682314150792],[-100.76277869554637,21.01759351553355],[-100.7618259522668,21.01660946933761],[-100.76081536289497,21.015708629840407],[-100.75933035681963,21.01448114175062],[-100.75784729882069,21.013419029428267],[-100.75684011942813,21.012807596525764],[-100.75548002042763,21.0121992529529],[-100.75418211248828,21.01187981644397],[-100.75264988399644,21.01164512506323],[-100.75052849037097,21.011332866815714],[-100.74911343416572,21.011055766498163],[-100.7480522644496,21.010858270095135],[-100.74791207630105,21.010800754482172],[-100.74988417978736,21.006394658846038],[-100.74980185292702,21.006191705218125],[-100.74974224414429,21.005977791598205],[-100.75007854275228,21.005257657006176]]]},"properties":{"seccion":190,"municipio":3,"electores":1878}},{"type":"Feature","geometry":{"type":"Polygon","coordinates":[[[-100.73462687080539,20.971409958642766],[-100.73550220420367,20.97116212722194],[-100.7357460414541,20.971083987263246],[-100.73605535859896,20.9710016666467],[-100.7376313413182,20.970544489669145],[-100.73851623456528,20.97029406050647],[-100.7387230698903,20.970279620434898],[-100.74291251586875,20.969044824584515],[-100.74478919057412,20.968472371255217],[-100.74515852000609,20.968443549997975],[-100.74718673337138,20.967407004730397],[-100.74830934676203,20.969287312159867],[-100.74933356124033,20.970468833852287],[-100.7502026184753,20.971634926565425],[-100.75116811900735,20.972849414944182],[-100.75209692568566,20.973871904287336],[-100.75285769693038,20.974767791377126],[-100.75384879242607,20.975951039536113],[-100.75506975149135,20.977772999398955],[-100.75508289674862,20.978137602039034],[-100.75506315247857,20.979642662878586],[-100.75715004202476,20.979818122611956],[-100.75868360816976,20.97994501886253],[-100.76007762234211,20.980145122171013],[-100.7611799724546,20.980329867787862],[-100.76211963800237,20.98049914877449],[-100.76201982514971,20.980698369945273],[-100.76177624922005,20.981158702735442],[-100.76162800957054,20.981423403274338],[-100.76108581986254,20.982427838975042],[-100.76032967271472,20.98385493764897],[-100.76012338631277,20.984246385843583],[-100.75943950004874,20.98551533193863],[-100.75879474023498,20.986735415893918],[-100.75818377979607,20.98796339861615],[-100.75741563232056,20.989646573354445],[-100.75571521752626,20.993429053985267],[-100.75564946626366,20.993422581184234],[-100.75548583567446,20.993429631717916],[-100.75540411441467,20.993441200695933],[-100.75533199378647,20.993459821526006],[-100.75525663142238,20.99344540293001],[-100.75507953455889,20.99311471280692],[-100.7547516827591,20.992426691451932],[-100.754325221056,20.991607840927266],[-100.75404813237506,20.99105200018571],[-100.75363225311058,20.991287126271594],[-100.75324209076169,20.991584707724133],[-100.7524433968385,20.9920336515945],[-100.75176447026539,20.99083597809422],[-100.7517012801298,20.990881533773397],[-100.75166013306475,20.99092855899055],[-100.75163368138008,20.990978523283868],[-100.75159841246719,20.99110196447891],[-100.75159272202217,20.991301722618037],[-100.7516263336899,20.99167214523738],[-100.75156314355429,20.99179558643248],[-100.75146290403083,20.991914854377974],[-100.75128099225117,20.992584728358416],[-100.7511002390726,20.993410608735257],[-100.75106937877382,20.99375595017399],[-100.75079529122941,20.995064538386934],[-100.75056119487267,20.996211982374653],[-100.75041698502056,20.996905314082735],[-100.75028990489407,20.997108633510397],[-100.75010327247274,20.997510778937052],[-100.75012959623355,20.997645928292105],[-100.75012981939894,20.99774670887316],[-100.75009802569559,20.997795527750913],[-100.75001905936021,20.997880362616012],[-100.74990627322747,20.998003534253787],[-100.74980167905262,20.998176230925697],[-100.7498178653964,20.99825829978447],[-100.74983751489113,20.998310835609043],[-100.74987418109825,20.99835336401312],[-100.74991276122513,20.9983967665927],[-100.74993025722355,20.998427871868255],[-100.74994107021051,20.998457258126965],[-100.74995759364288,20.998486585674957],[-100.74997033096061,20.998517739869552],[-100.74997159529836,20.99854454271266],[-100.74996256762779,20.998586647013898],[-100.74995537049602,20.998622475464988],[-100.74995967761537,20.998665336529616],[-100.74995833159859,20.99871317195272],[-100.74992297815878,20.99878325661502],[-100.74989343933912,20.998862220105806],[-100.7498716394702,20.998951830367066],[-100.74985560913353,20.99900562685519],[-100.74983559468194,20.999044268657855],[-100.74983529936017,20.99910058496203],[-100.74989693078052,20.99920252193127],[-100.74997195359734,20.999269237131127],[-100.7500164216297,20.999327774772485],[-100.7500595489355,20.999434594694687],[-100.7501003976504,20.999509259025125],[-100.75012070398684,20.99961810129891],[-100.75013916939245,20.999732325664343],[-100.75019597574943,20.999869396157166],[-100.75025251391224,21.00043239421436],[-100.75031953101985,21.00050634242241],[-100.75033081400858,21.00082086548384],[-100.75028997560045,21.001632667298704],[-100.75028003864232,21.002343632948477],[-100.75032726610534,21.00247543864209],[-100.75042712536758,21.002549495882928],[-100.75051489631092,21.002566470307737],[-100.75058069023027,21.002657861198482],[-100.75063369123112,21.002794970555595],[-100.75065272062986,21.002957457458113],[-100.75078223407805,21.002962382128686],[-100.75090033673823,21.00296831796053],[-100.75098254335283,21.00299786342207],[-100.75105531574414,21.003034656799326],[-100.7505969222949,21.00405006412414],[-100.75007854275228,21.005257657006176],[-100.74974224414429,21.005977791598205],[-100.74980185292702,21.006191705218125],[-100.74988417978736,21.006394658846038],[-100.74791207630105,21.010800754482172],[-100.7480522644496,21.010858270095135],[-100.74788235217565,21.011219224619737],[-100.74621490303718,21.014761390186177],[-100.74507665555136,21.018079475825644],[-100.74398727598033,21.021941493378417],[-100.74372024555811,21.022888130018888],[-100.74287638555369,21.025400672481332],[-100.74235517243507,21.02695251413108],[-100.74147028865872,21.02929660338183],[-100.74058537972078,21.031640689337063],[-100.73910249655998,21.035706077602207],[-100.73831124424304,21.038524890341105],[-100.7343533328628,21.037153228196114],[-100.73275680670909,21.03646405427065],[-100.73151897351931,21.03626799246826],[-100.73092876237614,21.03610768185025],[-100.73022996139011,21.031606319702647],[-100.72998848377334,21.031070824064553],[-100.7297176420468,21.027971739669585],[-100.72964886861597,21.027103934741668],[-100.72887463875968,21.026283564638277],[-100.72856819650644,21.02521104568705],[-100.72673509829902,21.024399786423484],[-100.72614588379723,21.02432215198958],[-100.72561738620556,21.024409402800256],[-100.72491051801985,21.024332775865602],[-100.72437824301457,21.024089236174937],[-100.72325345602196,21.02347861141665],[-100.72277293950303,21.022614335502666],[-100.72199735599077,21.021669884253857],[-100.72105142904451,21.021264471094586],[-100.71999162142822,21.021190847722277],[-100.71910829198036,21.02111570698625],[-100.71863392186735,21.020788947228276],[-100.71839532665845,21.02050152133311],[-100.71815673238169,21.020214095030923],[-100.7152648894768,21.019411758130175],[-100.7010656811648,21.014839811197838],[-100.6963705992367,21.013327730306198],[-100.69406767608824,21.01256140823523],[-100.69087549103372,21.01118222247624],[-100.69276198774908,21.01153855977638],[-100.69423395028073,21.01165024493243],[-100.69558641300299,21.01159751156337],[-100.69711812763525,21.011791374341936],[-100.69800186407343,21.011907982887358],[-100.69859009300376,21.011903021398787],[-100.70460314762616,21.007799613716855],[-100.70742132347898,21.00062645784288],[-100.71180542055966,20.992365462116208],[-100.71304500132653,20.989283497856434],[-100.71631580212448,20.981327679602455],[-100.72356832339861,20.978825185824434],[-100.72484928905476,20.978061932486757],[-100.72487608567903,20.976280627743364],[-100.72427731388042,20.975709085347294],[-100.72355790015627,20.9749735431154],[-100.72301722777843,20.97435977392279],[-100.72259571543391,20.97382718740494],[-100.72055141945108,20.974683817677228],[-100.71875667061583,20.9730519462277],[-100.72101627488153,20.96780214353317],[-100.72089117532536,20.967389702363526],[-100.72169025937433,20.96601188294218],[-100.72492741871395,20.966049900258174],[-100.72546070606431,20.965326953663343],[-100.72584323294035,20.965381157526956],[-100.72612100075204,20.96542675431233],[-100.7264202077029,20.965482149279453],[-100.72680366233872,20.965600123628604],[-100.72714332688633,20.96569642259933],[-100.72751820432734,20.965841191028584],[-100.72786486132443,20.966004607023827],[-100.72814152508931,20.966108637160154],[-100.72838561194581,20.966238871383855],[-100.72870181204446,20.966380893521887],[-100.72915814707119,20.9664997923293],[-100.72947477607836,20.966601745380117],[-100.72965261168713,20.966611625684337],[-100.72998642104845,20.966584867243167],[-100.73024941871684,20.96658219730407],[-100.73040306768,20.96665241718841],[-100.73065940900821,20.966843452996336],[-100.73079916893757,20.96694219163811],[-100.73091858693046,20.96701067204291],[-100.73136430153728,20.96713301117851],[-100.731597679699,20.96722036485514],[-100.73245859820378,20.967708857332564],[-100.73267239986697,20.967832298373672],[-100.73286635640125,20.967930066798406],[-100.73315547543801,20.9680347963424],[-100.73331243097984,20.968083278917007],[-100.73345160994315,20.96811211925454],[-100.73352496038636,20.96811554635342],[-100.73357568581798,20.96810271926687],[-100.73360899141109,20.968081931552465],[-100.73371129769839,20.967918551547555],[-100.7338147921741,20.967742639669577],[-100.734025114577,20.967333191069763],[-100.73407794379241,20.967290921073126],[-100.73413387888243,20.967286804640114],[-100.73417308152267,20.967295795516144],[-100.734205286805,20.967314456050726],[-100.73426661025087,20.967392288981234],[-100.73435866293185,20.96751488018129],[-100.73445446236225,20.967654126160824],[-100.73452776307191,20.967691773940288],[-100.73461315632684,20.96769925124871],[-100.73480639892018,20.967658055682616],[-100.73480943487887,20.96784415140259],[-100.73478880845492,20.968058866051685],[-100.73479620033542,20.968237405584755],[-100.73485281434336,20.96852311366795],[-100.73478048797905,20.970572077135976],[-100.73462687080539,20.971409958642766]]]},"properties":{"seccion":191,"municipio":3,"electores":1275}},{"type":"Feature","geometry":{"type":"Polygon","coordinates":[[[-100.65129866778669,21.015560293731568],[-100.64513823232508,21.008461352396626],[-100.64851241590851,21.001265374855443],[-100.6486816513081,21.001274324200445],[-100.64873933477408,21.001277374523603],[-100.6492090700493,21.001372207475807],[-100.64983388263526,21.001820478683683],[-100.6504872167589,21.002112295989797],[-100.65052028945969,21.003744711427828],[-100.65056613980403,21.005164037066027],[-100.6510520995356,21.005358090661172],[-100.65171869434427,21.005479401113494],[-100.65573465306642,21.006320629521817],[-100.65582321930765,21.006368148655334],[-100.65591178560267,21.006415667738658],[-100.65929018886683,21.00221783254224],[-100.66038506815589,21.000857328685726],[-100.66093170251601,21.000359444248264],[-100.66408412376411,20.995755328205465],[-100.66586740091276,20.993150706931466],[-100.66703628436228,20.99152197813226],[-100.66714028878275,20.991377055800896],[-100.67143230289216,20.98539617441734],[-100.67269960263599,20.98363009853749],[-100.67649893064083,20.978335165690886],[-100.67699664668173,20.977641491775127],[-100.67908082426392,20.97902138546615],[-100.68122314337195,20.980359042807976],[-100.68276244969104,20.980876527018914],[-100.68418996230749,20.981726860507973],[-100.6859153532833,20.98278020901831],[-100.68651548916904,20.983434709080615],[-100.68754518170219,20.981763963044692],[-100.68801588308496,20.981757541945164],[-100.6882372668244,20.98096758747942],[-100.68846085392198,20.980301855462038],[-100.69006637271262,20.981232544290076],[-100.69068562532684,20.97965022063782],[-100.69353924820206,20.981267922484705],[-100.69236477484942,20.984721632936644],[-100.69253834542174,20.98455359021485],[-100.69317967773364,20.984213481731146],[-100.6940026792062,20.984160808409257],[-100.6949440935425,20.984147928223617],[-100.69588698187265,20.984217857560168],[-100.69689092173012,20.984411197779163],[-100.69783823875717,20.984729560025574],[-100.69855094303398,20.985092549942532],[-100.69943721368755,20.985287487351215],[-100.70019990086624,20.985152776051283],[-100.70090374789422,20.985018868690574],[-100.70137150081264,20.984846781089697],[-100.70178189204242,20.984758314271332],[-100.7022525991566,20.984751853212803],[-100.70254974755314,20.98491344319714],[-100.70267112026039,20.98511886350403],[-100.70256009554274,20.985493143988297],[-100.70262558676079,20.985865000897537],[-100.70292643414575,20.98623362596366],[-100.70305224444017,20.98668748894998],[-100.70306481303484,20.987391410985083],[-100.70284719844632,20.988388415385657],[-100.70355327570812,20.98837871773441],[-100.70479670282374,20.98550383858255],[-100.70562710290874,20.98586518015781],[-100.70681127998083,20.986263068895113],[-100.70847284157523,20.98702713380246],[-100.71007780365896,20.98791621280592],[-100.7107280024308,20.98807292405872],[-100.71304500124039,20.9892834983522],[-100.71180542047395,20.992365462610614],[-100.70742132339483,21.000626458333652],[-100.70460314754294,21.00779961420436],[-100.69859009292267,21.011903021884383],[-100.69800186399256,21.01190798337295],[-100.69711812755467,21.011791374827617],[-100.69558641292296,21.01159751204913],[-100.6942339502012,21.011650245418192],[-100.69276198767004,21.011538560262228],[-100.69087549095532,21.011182222962177],[-100.68844989900687,21.009961966594883],[-100.68743422663344,21.00856446634285],[-100.68711933652924,21.006162265806555],[-100.68691982842087,21.004640227032997],[-100.68057996517032,21.000538187478586],[-100.67602224505448,20.99836547498895],[-100.67399106053402,20.997397126672716],[-100.67370122841196,20.99764956466175],[-100.67358792864894,20.997899607824625],[-100.67382696420101,20.998103454000454],[-100.67424472920435,20.998429128045565],[-100.67489787495695,20.998751606551206],[-100.67578933124754,20.999236517690424],[-100.67591141405163,20.999483366188297],[-100.67545090278901,21.000069466083907],[-100.67343772807088,20.99939268309242],[-100.67258430316866,21.001060965576105],[-100.6694406431487,20.99969535752449],[-100.66801931884419,21.000318051410584],[-100.6673724138292,21.000601460327303],[-100.66731131912675,21.000628225722533],[-100.66619831221753,21.00111582514612],[-100.66562779388809,21.00169540313371],[-100.66382662615334,21.003525132770104],[-100.66519112414638,21.004442710467906],[-100.66238618881428,21.009298295689575],[-100.65891924812391,21.009173307738084],[-100.6568451025995,21.01230314288599],[-100.65129866778669,21.015560293731568]]]},"properties":{"seccion":192,"municipio":3,"electores":635}},{"type":"Feature","geometry":{"type":"Polygon","coordinates":[[[-100.6274903574279,21.027295207583993],[-100.62630600845301,21.02677134253372],[-100.62524354141033,21.026577135888715],[-100.62470332544665,21.02575579243032],[-100.62428139406266,21.024974419837353],[-100.62350822497217,21.024362820690065],[-100.62291324709255,21.02387325631307],[-100.62219999632326,21.023343715041673],[-100.62088205386603,21.021538281059374],[-100.62021951114657,21.0203458634449],[-100.61961790703333,21.01931827874639],[-100.62150413329128,21.019461272690283],[-100.6226755929325,21.018950549490988],[-100.62313740655672,21.018199975102878],[-100.62424997047508,21.017689947402214],[-100.62293769787256,21.01633976253007],[-100.6220442610498,21.015522637910838],[-100.62133003072384,21.01491031945593],[-100.62079039401657,21.01413034350142],[-100.61995227833707,21.01302280540456],[-100.61953603895665,21.012696652938168],[-100.61964663235207,21.012115852303488],[-100.61922886180979,21.011665543280692],[-100.61887508493643,21.011628381253693],[-100.61863701807866,21.01142427027447],[-100.61817008747545,21.01176098101723],[-100.6165517901193,21.009462395660517],[-100.61934309681118,21.006614437125275],[-100.61979722199548,21.005243094009163],[-100.62031788817048,21.004491823974778],[-100.61966464037675,21.004044330648778],[-100.61913681421797,21.004216205659475],[-100.61866479460747,21.00413906414688],[-100.61860183099031,21.003808685749263],[-100.61935850707619,21.003095989583148],[-100.618927985233,21.001611046642786],[-100.61929927065539,21.000774736928193],[-100.6207852967788,20.998207693078307],[-100.62126149292725,20.99849265416044],[-100.62258779562988,21.00022518081961],[-100.62399725997659,20.99999559627977],[-100.6272886951867,20.999612789145065],[-100.62775457659302,20.999313799451283],[-100.62851854932056,20.999218964097192],[-100.62806347300585,20.99846710909765],[-100.6265164872702,20.995911183872003],[-100.62597919960562,20.995501986556192],[-100.62620586849239,20.9949979636245],[-100.6284639343569,20.996132469871256],[-100.62863319227918,20.99571274121253],[-100.62856767095154,20.995338234968706],[-100.62895620564463,20.99399738638696],[-100.62996138384472,20.990895079146025],[-100.63034482482789,20.99093107708417],[-100.63072826593154,20.990967074146266],[-100.63173582925701,20.991327514267226],[-100.63505219510355,20.992362685773568],[-100.63772242477386,20.993490904137136],[-100.64038972704769,20.994452241307606],[-100.64169246746339,20.99484991652809],[-100.64761705208228,20.990213489870577],[-100.64597412402107,20.983938420401206],[-100.64958402870413,20.98492718470617],[-100.65460845644913,20.985978004679595],[-100.65408677809444,20.986444784362856],[-100.653453304004,20.987247006892854],[-100.65270579488481,20.988259544690138],[-100.65132180237035,20.989907460041273],[-100.65368132026703,20.990122258005304],[-100.65628007543654,20.99054201612909],[-100.65523744235924,20.991517294076818],[-100.65431627549135,20.992699336436058],[-100.65322739893678,20.99438454096837],[-100.65248655811583,20.995772459056788],[-100.65452734380695,20.99720034828312],[-100.65523000343663,20.9976919700496],[-100.65632933607819,20.99823861548861],[-100.6574286763452,20.998785253259147],[-100.66093170251601,21.000359444248264],[-100.66038506815589,21.000857328685726],[-100.65929018886683,21.00221783254224],[-100.65591178560267,21.006415667738658],[-100.65582321930765,21.006368148655334],[-100.65573465306642,21.006320629521817],[-100.65171869434427,21.005479401113494],[-100.6510520995356,21.005358090661172],[-100.65056613980403,21.005164037066027],[-100.65052028945969,21.003744711427828],[-100.6504872167589,21.002112295989797],[-100.64983388263526,21.001820478683683],[-100.6492090700493,21.001372207475807],[-100.64873933477408,21.001277374523603],[-100.6486816513081,21.001274324200445],[-100.64851241590851,21.001265374855443],[-100.64513823232508,21.008461352396626],[-100.65129866778669,21.015560293731568],[-100.64950332650396,21.019509249852703],[-100.64945186579081,21.019622437568664],[-100.64678428296926,21.025489544957843],[-100.64365367312827,21.02474104077339],[-100.64451563374983,21.023033579374314],[-100.63583113168396,21.025539192070156],[-100.63491899139564,21.02323229142892],[-100.63433791378863,21.023860159092887],[-100.63333795243408,21.02395498666351],[-100.63217165026134,21.024879631777495],[-100.63099760772258,21.0251834966045],[-100.62981480965134,21.02478381029147],[-100.62835200653171,21.025546430706008],[-100.62759938379212,21.026590249212692],[-100.6274903574279,21.027295207583993]]]},"properties":{"seccion":193,"municipio":3,"electores":650}},{"type":"Feature","geometry":{"type":"Polygon","coordinates":[[[-100.55929969170059,21.04267049636689],[-100.55824256432129,21.03800546864721],[-100.55784417075142,21.034243413160656],[-100.55273223909629,21.03525466603561],[-100.55262087892075,21.035794052670553],[-100.55222000749855,21.036750710617643],[-100.5522269175405,21.03733012074839],[-100.55288112236522,21.037860647931684],[-100.55300137105603,21.038066216760868],[-100.55361299395193,21.0399631736078],[-100.55367484884383,21.040210810046762],[-100.55338385299319,21.040503924289336],[-100.55285630444325,21.04071699213468],[-100.55233072907453,21.041095604095247],[-100.55233467867967,21.0414266954157],[-100.55251727751244,21.041921287715496],[-100.55075250688199,21.04210727178531],[-100.54968358494583,21.04137456966099],[-100.54832465128028,21.041017739321696],[-100.54749475845605,21.040572007182032],[-100.54666339405838,21.0400021110569],[-100.54600378870933,21.03901630720797],[-100.53878778345667,21.036450275782094],[-100.54038363971894,21.041895714580342],[-100.5389511265643,21.040297885164673],[-100.53776057179367,21.039235363424332],[-100.53650771864694,21.037883800905476],[-100.53205010735013,21.03946642622771],[-100.53111467952513,21.040056630388364],[-100.53041481039591,21.04064413439149],[-100.52983856925364,21.04172693077734],[-100.52857323364795,21.041840133720346],[-100.5286188433092,21.04080560736638],[-100.52895820159519,21.039726613739965],[-100.52906902358691,21.039187739022264],[-100.52840730951188,21.038077965858953],[-100.52849906203059,21.03605026845685],[-100.52825040379626,21.035018851242924],[-100.5269880086388,21.032964094754107],[-100.52650342728307,21.031893802789078],[-100.52578661719588,21.031074130459324],[-100.5259520675663,21.03020378579952],[-100.52552741284848,21.029215581325495],[-100.52580369174056,21.02780636328052],[-100.52502329857415,21.026615099997475],[-100.5249501779084,21.025499100053093],[-100.52516866524195,21.024173215655704],[-100.5243352596618,21.0234374875211],[-100.52397265566974,21.022696794438755],[-100.52360635911239,21.02166660576156],[-100.52297142162715,21.01803344256221],[-100.5233870485188,21.018318599130563],[-100.52391192322136,21.01794081262471],[-100.52390717085022,21.017568605233194],[-100.52254735373558,21.0170865823836],[-100.52160000007513,21.01664157095727],[-100.52135775760831,21.016106413763698],[-100.52128836547537,21.015279904029864],[-100.52122213778988,21.014701532819576],[-100.520858518609,21.013878117226188],[-100.52055638423099,21.01326086416967],[-100.52048805285091,21.012517066434626],[-100.52000570013159,21.011612172541728],[-100.51911565382413,21.011042456445416],[-100.52033242486982,21.009540637127497],[-100.52390924402054,21.008510313902587],[-100.52531620795273,21.0080818698956],[-100.52560699107086,21.007809951926998],[-100.52589777313432,21.007538033517363],[-100.52613314580981,21.00753555166456],[-100.5263165455163,21.008071322971638],[-100.52690867967976,21.008354610701666],[-100.5283755332498,21.008008233884063],[-100.52812852264341,21.00710087934717],[-100.52524001273403,21.000811699483222],[-100.52617293702136,21.000255963436317],[-100.52655355469571,21.00012534889239],[-100.52674386326517,21.000060041315564],[-100.52693417165621,20.99999473353563],[-100.52787347549453,20.99981439296478],[-100.52892557134817,20.99934037872723],[-100.52939131191346,20.999020790302854],[-100.52985705045359,20.99870120071361],[-100.53040826864714,20.99821349730348],[-100.53095948324373,20.997725792300507],[-100.5313663314194,20.997407043535222],[-100.53177317784618,20.99708829389189],[-100.53275639865886,20.996031141755775],[-100.53336754704975,20.995605151858502],[-100.53397869190249,20.99517915995925],[-100.53461785029037,20.99466932027882],[-100.53434744475219,20.992628841558567],[-100.53446734206416,20.992752284675394],[-100.53458723957453,20.992875727693903],[-100.53488876407685,20.99328861344016],[-100.53553788119054,20.993362731066846],[-100.53592096500122,20.993378087052896],[-100.53630404883026,20.993393442171804],[-100.53688858552314,20.993134709583657],[-100.53713266057629,20.99363186023517],[-100.53743704411862,20.994211586484937],[-100.53820891903774,20.99457597975016],[-100.53985189583582,20.99421856510079],[-100.54230849028372,20.99322359004757],[-100.54359958417032,20.992954653106693],[-100.54480449585814,20.99281211424868],[-100.54600940466786,20.992669566999968],[-100.54715113811595,20.992277594246517],[-100.5477220024289,20.992081605129787],[-100.54829286513437,20.99188561418656],[-100.54803015354734,20.990303990794192],[-100.54812573121997,20.989009243380433],[-100.54880937822924,20.987664280700734],[-100.54991589897817,20.98693902790727],[-100.55120262406204,20.98641977045238],[-100.55249507293077,20.986234192686066],[-100.55374082929343,20.98675854587753],[-100.55467211888406,20.986119242515],[-100.5554346599496,20.985941314329924],[-100.55637598493401,20.98588595683119],[-100.55719381007138,20.985498612812723],[-100.55818467157523,20.98490014921507],[-100.55905777107436,20.984303388251444],[-100.55969607536316,20.983751750971756],[-100.5602869985482,20.98386834121367],[-100.56076448241059,20.98423690411123],[-100.56112709067587,20.984774018626204],[-100.56149113988663,20.98539455401556],[-100.5619147890229,20.986055944330545],[-100.56227884485367,20.986676477546855],[-100.56293729379298,20.987292733171273],[-100.56341623457288,20.987744709137427],[-100.56395189689106,20.988070695260873],[-100.56478555394284,20.98860095380708],[-100.56567953613535,20.989213773142154],[-100.56680759950095,20.98973973880931],[-100.56712289733798,20.990945067181322],[-100.5677885951917,20.991978408869233],[-100.5682791047512,20.993097740876664],[-100.56817071994398,20.993641695114505],[-100.56789001965727,20.994438485553196],[-100.56778595952811,20.995232704023874],[-100.5678571000596,20.995940929215347],[-100.56830736471885,20.996435027675226],[-100.5687576323741,20.996929124729625],[-100.570002806709,20.997411638459333],[-100.57113022472521,20.997895859505373],[-100.57261094186316,20.998374919067956],[-100.57300577268035,20.997367851100353],[-100.57382939245649,20.997314111196825],[-100.57648774478896,20.997775945031073],[-100.57674669408712,20.99572782717559],[-100.57701866412253,20.994430498618556],[-100.57733575945892,20.99233980900435],[-100.57717820030447,20.990047449630392],[-100.57640626738655,20.989683237367686],[-100.5769718996627,20.98833989744251],[-100.57957411611291,20.9889693953011],[-100.58143212476524,20.98744025086589],[-100.5835582406148,20.987784608168866],[-100.58362437157925,20.988200849913955],[-100.583759536481,20.98920017486761],[-100.58453801302028,20.989939746402207],[-100.58565960545035,20.99009018919262],[-100.5869542032472,20.990029481608914],[-100.58874090321845,20.991171448888032],[-100.59019978029583,20.990399048246324],[-100.59068389985536,20.991142913311812],[-100.59134320599037,20.991800760359304],[-100.59235870415861,20.99262025168449],[-100.59384233572449,20.993265966523712],[-100.5947298976073,20.993503232251552],[-100.59561746198784,20.9937404931647],[-100.59658251941688,20.988302570909486],[-100.5998229602542,20.98837998443423],[-100.60066184380871,20.98920202943944],[-100.60256681128958,20.98700443915193],[-100.60810267216674,20.98700607825006],[-100.60947807349336,20.98819562654827],[-100.60933490986729,20.98842720937252],[-100.60919174581687,20.988658792098743],[-100.60873024922634,20.98920799078477],[-100.6077359228499,20.989598187863198],[-100.60691602848414,20.989860637941142],[-100.60650754361802,20.99007528138729],[-100.60604676433097,20.990666183539542],[-100.60783213859852,20.991724520767917],[-100.60790053526765,20.99226587808093],[-100.60225214148396,20.995937330875936],[-100.60432719895762,21.000078759437333],[-100.604006640274,21.00027123868958],[-100.60368608074185,21.00046371738655],[-100.60304495913203,21.00084867311454],[-100.60332082294174,21.001341535581446],[-100.60203572437571,21.002184602108155],[-100.6082584627408,21.01729052349259],[-100.60711281548228,21.017646164669497],[-100.6067879934649,21.019967946795518],[-100.60662049747123,21.02071498356967],[-100.60567737720639,21.020643406736653],[-100.60568499658663,21.02126418813297],[-100.60644791828712,21.02104816613315],[-100.60634946512265,21.022622211089224],[-100.60619517728205,21.024445267976105],[-100.60585407371103,21.025442715707776],[-100.60393106023716,21.026227543846638],[-100.6036912926666,21.02632539671713],[-100.60345152476286,21.026423249268298],[-100.60140985218479,21.028020344462995],[-100.60209161783928,21.02598407688772],[-100.5996538902687,21.02500160737535],[-100.59948968610898,21.024935426932856],[-100.59510796666882,21.023169347060485],[-100.5971999360481,21.02086807486549],[-100.59630407412563,21.019843879995125],[-100.59570212491575,21.01877481429658],[-100.59491142504314,21.016714576867734],[-100.59361858094313,21.01693680444111],[-100.59162319769592,21.017498443877678],[-100.5908582523351,21.01754885665557],[-100.58572858774188,21.01702977789193],[-100.58428367733464,21.019281920806996],[-100.5839313914903,21.01936884434858],[-100.58334207310791,21.01933437647793],[-100.58292588835059,21.019008130646064],[-100.58099432199548,21.019982817277388],[-100.58314267116346,21.022316927299258],[-100.58262576821596,21.023399185002365],[-100.58074400813604,21.023628233886278],[-100.57998453475203,21.024133845241746],[-100.57951947539796,21.024636001214276],[-100.5791188050557,21.025592711175893],[-100.57866274979308,21.026839812357704],[-100.57814680129873,21.028004830832327],[-100.57822070322267,21.02924571931373],[-100.57806006347109,21.030572140157716],[-100.57860205666704,21.031559190399197],[-100.57890600527574,21.032342070878872],[-100.57903329572738,21.0331270222858],[-100.57280471924362,21.03431752914533],[-100.57127612835143,21.034542351572394],[-100.56969711582438,21.035471411510756],[-100.56989030687464,21.031950843562374],[-100.56540670992118,21.03622510060213],[-100.56342783250471,21.038193561630088],[-100.56139100513894,21.040245459520133],[-100.55929969170059,21.04267049636689]]]},"properties":{"seccion":194,"municipio":3,"electores":1734}},{"type":"Feature","geometry":{"type":"Polygon","coordinates":[[[-100.6125853646937,21.02209268585338],[-100.60992600471012,21.021337928857683],[-100.6082584627408,21.01729052349259],[-100.60203572437571,21.002184602108155],[-100.60332082294174,21.001341535581446],[-100.60304495913203,21.00084867311454],[-100.60368608074185,21.00046371738655],[-100.604006640274,21.00027123868958],[-100.60432719895762,21.000078759437333],[-100.60225214148396,20.995937330875936],[-100.60790053526765,20.99226587808093],[-100.60783213859852,20.991724520767917],[-100.60604676433097,20.990666183539542],[-100.60650754361802,20.99007528138729],[-100.60691602848414,20.989860637941142],[-100.6077359228499,20.989598187863198],[-100.60873024922634,20.98920799078477],[-100.60919174581687,20.988658792098743],[-100.60933490986729,20.98842720937252],[-100.60947807349336,20.98819562654827],[-100.61083102410716,20.984754499181122],[-100.6113455119046,20.98387074523043],[-100.61197920967938,20.983068665313493],[-100.6126180335525,20.982558552096712],[-100.6131994454478,20.98213272894866],[-100.61383826109198,20.9816226116255],[-100.61435859067826,20.981072528371723],[-100.61470449659224,20.980650192403406],[-100.61522408579249,20.980058397098958],[-100.61542390451544,20.979700807612243],[-100.61956222356609,20.98562627423612],[-100.61822351711314,20.986522294382244],[-100.61807554955365,20.988151594657275],[-100.61814177547559,20.98856781681052],[-100.61850201905033,20.98895881128371],[-100.61886226452043,20.989349804855507],[-100.61934136926064,20.9898016121722],[-100.620177418958,20.990456715012844],[-100.62106867450393,20.990902389777116],[-100.62219618224725,20.99138626544791],[-100.6232502157524,20.99199469030352],[-100.624873681393,20.99293178797186],[-100.62542053865762,20.99388321281487],[-100.62577823363893,20.994128206474226],[-100.62560823182153,20.994506223310555],[-100.62572967555558,20.994713016156346],[-100.6258511196389,20.994919808888834],[-100.62620586849239,20.9949979636245],[-100.62597919960562,20.995501986556192],[-100.6265164872702,20.995911183872003],[-100.62806347300585,20.99846710909765],[-100.62851854932056,20.999218964097192],[-100.62775457659302,20.999313799451283],[-100.6272886951867,20.999612789145065],[-100.62399725997659,20.99999559627977],[-100.62258779562988,21.00022518081961],[-100.62126149292725,20.99849265416044],[-100.6207852967788,20.998207693078307],[-100.61929927065539,21.000774736928193],[-100.618927985233,21.001611046642786],[-100.61935850707619,21.003095989583148],[-100.61860183099031,21.003808685749263],[-100.61866479460747,21.00413906414688],[-100.61913681421797,21.004216205659475],[-100.61966464037675,21.004044330648778],[-100.62031788817048,21.004491823974778],[-100.61979722199548,21.005243094009163],[-100.61934309681118,21.006614437125275],[-100.6165517901193,21.009462395660517],[-100.61817008747545,21.01176098101723],[-100.61863701807866,21.01142427027447],[-100.61887508493643,21.011628381253693],[-100.61922886180979,21.011665543280692],[-100.61964663235207,21.012115852303488],[-100.61953603895665,21.012696652938168],[-100.61995227833707,21.01302280540456],[-100.62079039401657,21.01413034350142],[-100.62133003072384,21.01491031945593],[-100.6220442610498,21.015522637910838],[-100.62293769787256,21.01633976253007],[-100.62424997047508,21.017689947402214],[-100.62313740655672,21.018199975102878],[-100.6226755929325,21.018950549490988],[-100.62150413329128,21.019461272690283],[-100.61961790703333,21.01931827874639],[-100.61329143688116,21.0220428764654],[-100.6125853646937,21.02209268585338]]]},"properties":{"seccion":196,"municipio":3,"electores":296}},{"type":"Feature","geometry":{"type":"Polygon","coordinates":[[[-100.60066184380871,20.98920202943944],[-100.5998229602542,20.98837998443423],[-100.59658251941688,20.988302570909486],[-100.59694581661519,20.985501922057356],[-100.59708380873698,20.983288682932354],[-100.59681988128128,20.98166545467145],[-100.59279557328072,20.981872909543846],[-100.58865971959615,20.97994618817652],[-100.59148081589403,20.977835177757044],[-100.58968075974678,20.97751488630242],[-100.5893636287606,20.977370102677895],[-100.58445710506646,20.975129954199584],[-100.5833881287329,20.97122382634207],[-100.58667401907735,20.970549863905614],[-100.58983341558734,20.969377043829216],[-100.59172164666037,20.969491594564854],[-100.59341911860149,20.96987511954826],[-100.59368846748491,20.969949675743212],[-100.59375163228282,20.970185980795367],[-100.59380709836962,20.97039348356768],[-100.59383606065335,20.970501833364132],[-100.59425942536645,20.97103039052517],[-100.59453197218986,20.97140620803021],[-100.59474739975971,20.97132011036509],[-100.59498446156239,20.97116374188341],[-100.59563007229268,20.97084239153282],[-100.59586487936264,20.971176519303445],[-100.59573888973702,20.97125477401813],[-100.59659911073298,20.97194602558516],[-100.59680714165921,20.972094455907794],[-100.59696104141281,20.9722034093568],[-100.59747721228591,20.972530382860562],[-100.5980162550032,20.972852002750887],[-100.59815104474698,20.972899786159477],[-100.59832613339184,20.97296675476692],[-100.59850122218184,20.973033723183832],[-100.59870534678178,20.973111796982455],[-100.59882344896222,20.973101875606208],[-100.60001438891229,20.973442842575167],[-100.60148145471139,20.975714925668502],[-100.60215285563845,20.975060288662576],[-100.60258099156131,20.97436281990037],[-100.60423159078971,20.974463617348523],[-100.60599774080559,20.974437528845012],[-100.60775730362788,20.974036032403095],[-100.610399923714,20.973621449342577],[-100.61213787230487,20.97322483583141],[-100.61274597245061,20.973086057991924],[-100.61539295921598,20.972921658253483],[-100.61557764361505,20.9733778465136],[-100.6157667326612,20.97408429319082],[-100.61572327351696,20.97496107192725],[-100.61609558759523,20.976040285842355],[-100.61605873725006,20.977292452251366],[-100.61584233208725,20.97838039983948],[-100.61562372233224,20.97934321793823],[-100.61552381353711,20.97952201279864],[-100.61542390451544,20.979700807612243],[-100.61522408579249,20.980058397098958],[-100.61470449659224,20.980650192403406],[-100.61435859067826,20.981072528371723],[-100.61383826109198,20.9816226116255],[-100.6131994454478,20.98213272894866],[-100.6126180335525,20.982558552096712],[-100.61197920967938,20.983068665313493],[-100.6113455119046,20.98387074523043],[-100.61083102410716,20.984754499181122],[-100.60947807349336,20.98819562654827],[-100.60810267216674,20.98700607825006],[-100.60256681128958,20.98700443915193],[-100.60066184380871,20.98920202943944]]]},"properties":{"seccion":197,"municipio":3,"electores":1791}},{"type":"Feature","geometry":{"type":"Polygon","coordinates":[[[-100.51854405191663,21.012372045474315],[-100.51788991246158,21.01184120738042],[-100.51776432916644,21.01122209491012],[-100.51711072357008,21.010732609822046],[-100.51615764235002,21.009832642110965],[-100.51584449807409,21.00834689054513],[-100.5154767215755,21.007192607365724],[-100.51498443645488,21.005501920202192],[-100.51497340527757,21.00463343125374],[-100.51360585876719,21.003530977647753],[-100.51186896256337,21.000752188992163],[-100.51131642128051,20.99942494923302],[-100.5111200149412,20.9982595286662],[-100.51115491309922,20.996840485253266],[-100.51082664083197,20.994842500043266],[-100.51021595698623,20.993557803413555],[-100.50924706138332,20.991986141756986],[-100.50810365761541,20.99054211874451],[-100.50690209998211,20.989140634606223],[-100.50617019629351,20.987649030778623],[-100.5058342775674,20.985192195498318],[-100.50535761815755,20.984865182615245],[-100.50457812774474,20.984041798583874],[-100.50402712718832,20.982797949338433],[-100.50382307401186,20.981173679598697],[-100.50342780291952,20.98218061484781],[-100.50305134292732,20.98080912058833],[-100.50215272805877,20.97990396759686],[-100.50125342179983,20.978957096885463],[-100.50006325545976,20.978222949317516],[-100.49875675140541,20.977573883215058],[-100.49733250639837,20.97692647131487],[-100.49613676786804,20.97585859522825],[-100.49505669514704,20.97466390924869],[-100.49409298871608,20.973384127936974],[-100.49359749197122,20.971930842516088],[-100.49340477177871,20.970973949610627],[-100.49332715539177,20.97073514177726],[-100.49324953927491,20.97049633388739],[-100.4930943078514,20.970018717937613],[-100.4924873847527,20.968942501215803],[-100.49180970874565,20.96715799976912],[-100.49214615506547,20.966151917885725],[-100.4918259204809,20.96461270733844],[-100.49068569833807,20.96333539039901],[-100.48883486168052,20.961817740602232],[-100.48728399406589,20.960629626402774],[-100.48684608583557,20.95909205895025],[-100.48681957003161,20.95750697881103],[-100.48566619542368,20.9554370808209],[-100.4842711132211,20.952995067980314],[-100.48339890546745,20.950128470411602],[-100.48252743067609,20.947303578246004],[-100.48188030910275,20.94380796852441],[-100.48128721415682,20.940019537231894],[-100.4804559315671,20.93606755185902],[-100.48247845791332,20.933786147214374],[-100.483289261635,20.932982032873213],[-100.48392835502884,20.932472385342912],[-100.48433270584792,20.93200775630825],[-100.48497109489294,20.931456392463172],[-100.48520025840014,20.93107766854964],[-100.48601869908491,20.93073238347021],[-100.48672499666152,20.93072245233954],[-100.4873163668473,20.930881025219545],[-100.48814456598923,20.93111970877548],[-100.48891181602322,20.931234078460573],[-100.49009177294742,20.931384355590097],[-100.49091788352898,20.93149788717655],[-100.49262547215619,20.931515545112546],[-100.49368631858152,20.93158403126041],[-100.49474296944379,20.931402235121734],[-100.49532595485694,20.931060228399815],[-100.49578982259999,20.9306364563779],[-100.4962550871966,20.93029610839214],[-100.49707209489527,20.929867346900252],[-100.49777208330103,20.92948195733464],[-100.49818338420415,20.92943442383573],[-100.49983138736042,20.92941113012128],[-100.50083266090677,20.929438692247164],[-100.50159710325366,20.929386154940424],[-100.50223962238512,20.929085005579662],[-100.50235382947771,20.928874777192437],[-100.5031091472807,20.92827997147526],[-100.50381262030285,20.92810312062371],[-100.50463380450549,20.927924599364815],[-100.50545639094875,20.927829499069862],[-100.50592162365831,20.927489126461982],[-100.50632729562977,20.92710787471192],[-100.50667551463933,20.92681088137332],[-100.50714214669375,20.926553930504237],[-100.5079661290677,20.92654224336222],[-100.50861143431608,20.9264079207979],[-100.50919225679276,20.925940732579456],[-100.50983193102861,20.92547270703312],[-100.51046667644846,20.92471269313235],[-100.51064042735881,20.924543336541024],[-100.51093751703972,20.924706006436114],[-100.51141469170676,20.92507472905864],[-100.51182808586815,20.925152300485365],[-100.51212869799205,20.925523529515026],[-100.51231371287487,20.92602156758819],[-100.51273908144266,20.926808244977583],[-100.5130439251431,20.92742974546042],[-100.5135295671776,20.92829900800421],[-100.51430174695464,20.928705248758305],[-100.51484766720249,20.929657093922682],[-100.5154468114832,20.930274401789237],[-100.51557298671379,20.930773272641545],[-100.51564171564576,20.93135640536504],[-100.51605301302354,20.931308828829657],[-100.51582957114249,20.9320212868052],[-100.5157280745862,20.93298234204509],[-100.51580526844775,20.934066020306638],[-100.51570729742284,20.935235636149006],[-100.51578378812954,20.936277601940752],[-100.5159247830263,20.937652426649187],[-100.51735718311691,20.938800248930377],[-100.51783018382332,20.938918676818062],[-100.51871520825546,20.939031231271716],[-100.51954349242537,20.93926975643097],[-100.52019731699893,20.939635931970283],[-100.52072494234024,20.93950323990776],[-100.52155252470656,20.93970004293741],[-100.52219999127334,20.939690802447853],[-100.52285523816339,20.940140391225285],[-100.52420549616636,20.939912497104853],[-100.52508628130168,20.93977474624968],[-100.52614364586766,20.93963446649069],[-100.52708541275447,20.93962099966608],[-100.52755842186495,20.939739399935956],[-100.52797398864034,20.939942064739572],[-100.52833069590241,20.940145570747845],[-100.53066703926436,20.940779673750065],[-100.53300340026469,20.941413743487285],[-100.53309963157389,20.94149872373124],[-100.53384024058369,20.942152737773096],[-100.53443951139498,20.94276997021779],[-100.53467851043074,20.942975150800685],[-100.53497210714534,20.94292921615831],[-100.53544513151118,20.943047593486064],[-100.53562527070831,20.94325361742183],[-100.53622028638796,20.94362057276355],[-100.53651672848311,20.943741482084896],[-100.53681317102533,20.943862390859902],[-100.53746065050079,20.943853091390466],[-100.53763296671106,20.943600284895403],[-100.5380995900898,20.94334324987891],[-100.53898251296657,20.94333056170956],[-100.5399250089851,20.943358734228397],[-100.5407462202325,20.94318003695081],[-100.54156814184822,20.94304304739691],[-100.54198159643086,20.9431205416017],[-100.54263263542306,20.94331978041249],[-100.54310637859045,20.943479847562227],[-100.54363755783966,20.943555642669054],[-100.54469920413736,20.9436655163262],[-100.54576727542064,20.94415078647718],[-100.54659705002935,20.944472598615395],[-100.54731124693697,20.944921238685055],[-100.54819989066416,20.94524219356723],[-100.54950843571598,20.946016021241892],[-100.55028294064839,20.94654722076352],[-100.55118018356528,20.94736869512406],[-100.55266821366638,20.948306790315065],[-100.55302353954266,20.948426818594587],[-100.55361360233879,20.948501730173554],[-100.55408235847027,20.94836978611768],[-100.55460997665588,20.948236989294116],[-100.55537591146879,20.948267628820016],[-100.55625813866469,20.94821313826862],[-100.55714179893876,20.948242065593742],[-100.55760983334834,20.948068400885973],[-100.55801828662442,20.947853876489972],[-100.55866434139715,20.94776107317213],[-100.55931254803124,20.947793400924855],[-100.55984159397703,20.947744010613086],[-100.56195130814079,20.947171033252744],[-100.56224705653389,20.947250184968873],[-100.56301514130176,20.947405923641618],[-100.5637279591583,20.947771068734184],[-100.56414359136514,20.947973640791723],[-100.56455922463842,20.948176211760938],[-100.56527636526708,20.948791616037894],[-100.56563817505449,20.949287016446426],[-100.56629286416627,20.94969471614101],[-100.56717581155314,20.94968187980439],[-100.56776300288556,20.949589897783163],[-100.5685842050453,20.949411066493553],[-100.56940828676179,20.94939907508756],[-100.57041039830723,20.949467930565497],[-100.57170970946892,20.949699336526418],[-100.5726551241681,20.949894168660567],[-100.57342034376379,20.94988301550669],[-100.57354600752333,20.950340118529297],[-100.57290211931837,20.95055811087862],[-100.57220008693234,20.950818669448218],[-100.57114775443901,20.951251213038102],[-100.57021314318762,20.951682036523824],[-100.56968913327918,20.952023436034544],[-100.56927924678233,20.95215456612092],[-100.5673496912534,20.952933623238952],[-100.56824274017855,20.953504733342385],[-100.56872086056511,20.95391499096383],[-100.56949186682237,20.954237541401],[-100.57014226316791,20.954394958722705],[-100.5709089486029,20.95446723713998],[-100.57173089336226,20.95433010020293],[-100.57249541444492,20.954277238934818],[-100.57291468325965,20.95468834172472],[-100.57374023556936,20.95475974920294],[-100.57477669827148,20.953409551315104],[-100.57547801498367,20.953107270948696],[-100.57641695247617,20.95292668361926],[-100.57661097295147,20.952874522331864],[-100.57723743659409,20.952706099464056],[-100.57793874445531,20.952403809470596],[-100.57793440717617,20.952153545094415],[-100.57792211845945,20.951444462651157],[-100.57791127576982,20.950818801617938],[-100.57778848964496,20.95052854567113],[-100.57760684098538,20.950239149125963],[-100.57801888223777,20.950233131992043],[-100.57854937240776,20.950267104942785],[-100.5789628597651,20.950344506961954],[-100.57919614238254,20.950215934704467],[-100.57919108016895,20.94992395971352],[-100.57924343442168,20.949547703223683],[-100.57923692590349,20.949172306783954],[-100.57923114063779,20.948838621044466],[-100.57934091055681,20.948378083026473],[-100.58004508746315,20.948242628596944],[-100.58010684318145,20.94840861108285],[-100.58011046012264,20.94861716458681],[-100.58017438633803,20.948908279120772],[-100.58035459100381,20.949114251377626],[-100.58059076460314,20.949152520144487],[-100.58100497320416,20.949271628027432],[-100.58141701108211,20.949265602856492],[-100.58212480941802,20.94933869298541],[-100.58247870876538,20.949375236931342],[-100.58283405656466,20.949495201404332],[-100.58307240385898,20.94965859854806],[-100.58325261324461,20.9498645674145],[-100.5834909615655,20.95002796390012],[-100.58372786153016,20.950107938789664],[-100.58401782848125,20.949853366750908],[-100.58418789563461,20.949475386044554],[-100.58430054872693,20.94918168822842],[-100.58441682437928,20.949096543376783],[-100.58465227391633,20.949093095853843],[-100.58529903512712,20.949041902908146],[-100.58600683312535,20.949114976868476],[-100.58636000716868,20.94910980216912],[-100.5867102802166,20.94893778452519],[-100.58729745189349,20.948845736155715],[-100.58788389716248,20.948711975279434],[-100.58853428339515,20.94886932282103],[-100.58930166929946,20.94898323028838],[-100.5899527839471,20.949182282728238],[-100.59013300160925,20.949388243767782],[-100.590256536049,20.94972019987435],[-100.59020275711231,20.950013037043412],[-100.59038442873,20.950302418647315],[-100.59056246940763,20.950383247695363],[-100.59097523471868,20.95041890970787],[-100.59157330765973,20.950952503043048],[-100.59240465654986,20.951357504266966],[-100.59370691490923,20.95175558089373],[-100.59368148310513,20.951985420570256],[-100.59365605124853,20.952215260242102],[-100.59354705108612,20.952717515044803],[-100.59326509489112,20.953430916808703],[-100.5930456358989,20.954352005230163],[-100.59277167246026,20.955524220661168],[-100.59267866316252,20.956944103528198],[-100.59246646744019,20.958282295206075],[-100.59293593886395,20.958191955049042],[-100.59340468232423,20.95805990327276],[-100.59393301787776,20.95796869527549],[-100.59451730774363,20.957709778794467],[-100.59522005392907,20.95749083924658],[-100.5956873369405,20.957275360816976],[-100.59615170636894,20.95689303996275],[-100.59644020678168,20.95655502688897],[-100.59654992712828,20.95609448119632],[-100.59660005419859,20.95559309136565],[-100.59664654040152,20.954883149988092],[-100.59733588240331,20.955002085201865],[-100.60154831658693,20.955728809553854],[-100.60473648904484,20.956224144118917],[-100.6067481159444,20.95677852648246],[-100.60677370079297,20.958238378881063],[-100.60679782505498,20.9596148108897],[-100.6053268240962,20.966395320748322],[-100.60472530333493,20.96903261785052],[-100.6040009093761,20.97137968135783],[-100.60338255075341,20.973057643633627],[-100.60258099156131,20.97436281990037],[-100.60215285563845,20.975060288662576],[-100.60148145471139,20.975714925668502],[-100.60001438891229,20.973442842575167],[-100.59882344896222,20.973101875606208],[-100.59870534678178,20.973111796982455],[-100.59850122218184,20.973033723183832],[-100.59832613339184,20.97296675476692],[-100.59815104474698,20.972899786159477],[-100.5980162550032,20.972852002750887],[-100.59747721228591,20.972530382860562],[-100.59696104141281,20.9722034093568],[-100.59680714165921,20.972094455907794],[-100.59659911073298,20.97194602558516],[-100.59573888973702,20.97125477401813],[-100.59586487936264,20.971176519303445],[-100.59563007229268,20.97084239153282],[-100.59498446156239,20.97116374188341],[-100.59474739975971,20.97132011036509],[-100.59453197218986,20.97140620803021],[-100.59425942536645,20.97103039052517],[-100.59383606065335,20.970501833364132],[-100.59380709836962,20.97039348356768],[-100.59375163228282,20.970185980795367],[-100.59368846748491,20.969949675743212],[-100.59341911860149,20.96987511954826],[-100.59172164666037,20.969491594564854],[-100.58983341558734,20.969377043829216],[-100.58667401907735,20.970549863905614],[-100.5833881287329,20.97122382634207],[-100.58445710506646,20.975129954199584],[-100.5893636287606,20.977370102677895],[-100.58968075974678,20.97751488630242],[-100.59148081589403,20.977835177757044],[-100.58865971959615,20.97994618817652],[-100.59279557328072,20.981872909543846],[-100.59681988128128,20.98166545467145],[-100.59708380873698,20.983288682932354],[-100.59694581661519,20.985501922057356],[-100.59658251941688,20.988302570909486],[-100.59561746198784,20.9937404931647],[-100.5947298976073,20.993503232251552],[-100.59384233572449,20.993265966523712],[-100.59235870415861,20.99262025168449],[-100.59134320599037,20.991800760359304],[-100.59068389985536,20.991142913311812],[-100.59019978029583,20.990399048246324],[-100.58874090321845,20.991171448888032],[-100.5869542032472,20.990029481608914],[-100.58565960545035,20.99009018919262],[-100.58453801302028,20.989939746402207],[-100.583759536481,20.98920017486761],[-100.58362437157925,20.988200849913955],[-100.5835582406148,20.987784608168866],[-100.58143212476524,20.98744025086589],[-100.57957411611291,20.9889693953011],[-100.5769718996627,20.98833989744251],[-100.57640626738655,20.989683237367686],[-100.57717820030447,20.990047449630392],[-100.57733575945892,20.99233980900435],[-100.57701866412253,20.994430498618556],[-100.57674669408712,20.99572782717559],[-100.57648774478896,20.997775945031073],[-100.57382939245649,20.997314111196825],[-100.57300577268035,20.997367851100353],[-100.57261094186316,20.998374919067956],[-100.57113022472521,20.997895859505373],[-100.570002806709,20.997411638459333],[-100.5687576323741,20.996929124729625],[-100.56830736471885,20.996435027675226],[-100.5678571000596,20.995940929215347],[-100.56778595952811,20.995232704023874],[-100.56789001965727,20.994438485553196],[-100.56817071994398,20.993641695114505],[-100.5682791047512,20.993097740876664],[-100.5677885951917,20.991978408869233],[-100.56712289733798,20.990945067181322],[-100.56680759950095,20.98973973880931],[-100.56567953613535,20.989213773142154],[-100.56478555394284,20.98860095380708],[-100.56395189689106,20.988070695260873],[-100.56341623457288,20.987744709137427],[-100.56293729379298,20.987292733171273],[-100.56227884485367,20.986676477546855],[-100.5619147890229,20.986055944330545],[-100.56149113988663,20.98539455401556],[-100.56112709067587,20.984774018626204],[-100.56076448241059,20.98423690411123],[-100.5602869985482,20.98386834121367],[-100.55969607536316,20.983751750971756],[-100.55905777107436,20.984303388251444],[-100.55818467157523,20.98490014921507],[-100.55719381007138,20.985498612812723],[-100.55637598493401,20.98588595683119],[-100.5554346599496,20.985941314329924],[-100.55467211888406,20.986119242515],[-100.55374082929343,20.98675854587753],[-100.55249507293077,20.986234192686066],[-100.55120262406204,20.98641977045238],[-100.54991589897817,20.98693902790727],[-100.54880937822924,20.987664280700734],[-100.54812573121997,20.989009243380433],[-100.54803015354734,20.990303990794192],[-100.54829286513437,20.99188561418656],[-100.5477220024289,20.992081605129787],[-100.54715113811595,20.992277594246517],[-100.54600940466786,20.992669566999968],[-100.54480449585814,20.99281211424868],[-100.54359958417032,20.992954653106693],[-100.54230849028372,20.99322359004757],[-100.53985189583582,20.99421856510079],[-100.53820891903774,20.99457597975016],[-100.53743704411862,20.994211586484937],[-100.53713266057629,20.99363186023517],[-100.53688858552314,20.993134709583657],[-100.53630404883026,20.993393442171804],[-100.53592096500122,20.993378087052896],[-100.53553788119054,20.993362731066846],[-100.53488876407685,20.99328861344016],[-100.53458723957453,20.992875727693903],[-100.53446734206416,20.992752284675394],[-100.53434744475219,20.992628841558567],[-100.53461785029037,20.99466932027882],[-100.53397869190249,20.99517915995925],[-100.53336754704975,20.995605151858502],[-100.53275639865886,20.996031141755775],[-100.53177317784618,20.99708829389189],[-100.5313663314194,20.997407043535222],[-100.53095948324373,20.997725792300507],[-100.53040826864714,20.99821349730348],[-100.52985705045359,20.99870120071361],[-100.52939131191346,20.999020790302854],[-100.52892557134817,20.99934037872723],[-100.52787347549453,20.99981439296478],[-100.52693417165621,20.99999473353563],[-100.52674386326517,21.000060041315564],[-100.52655355469571,21.00012534889239],[-100.52617293702136,21.000255963436317],[-100.52524001273403,21.000811699483222],[-100.52812852264341,21.00710087934717],[-100.5283755332498,21.008008233884063],[-100.52690867967976,21.008354610701666],[-100.5263165455163,21.008071322971638],[-100.52613314580981,21.00753555166456],[-100.52589777313432,21.007538033517363],[-100.52560699107086,21.007809951926998],[-100.52531620795273,21.0080818698956],[-100.52390924402054,21.008510313902587],[-100.52033242486982,21.009540637127497],[-100.51911565382413,21.011042456445416],[-100.5188860664662,21.011499850524395],[-100.51854405191663,21.012372045474315]]]},"properties":{"seccion":195,"municipio":3,"electores":591}},{"type":"Feature","geometry":{"type":"Polygon","coordinates":[[[-100.66093170251601,21.000359444248264],[-100.6574286763452,20.998785253259147],[-100.65632933607819,20.99823861548861],[-100.65523000343663,20.9976919700496],[-100.65452734380695,20.99720034828312],[-100.65248655811583,20.995772459056788],[-100.65322739893678,20.99438454096837],[-100.65431627549135,20.992699336436058],[-100.65523744235924,20.991517294076818],[-100.65628007543654,20.99054201612909],[-100.65368132026703,20.990122258005304],[-100.65132180237035,20.989907460041273],[-100.65270579488481,20.988259544690138],[-100.653453304004,20.987247006892854],[-100.65408677809444,20.986444784362856],[-100.65460845644913,20.985978004679595],[-100.64958402870413,20.98492718470617],[-100.64597412402107,20.983938420401206],[-100.64761705208228,20.990213489870577],[-100.64169246746339,20.99484991652809],[-100.64038972704769,20.994452241307606],[-100.63772242477386,20.993490904137136],[-100.63505219510355,20.992362685773568],[-100.63173582925701,20.991327514267226],[-100.63072826593154,20.990967074146266],[-100.63034482482789,20.99093107708417],[-100.62996138384472,20.990895079146025],[-100.62895620564463,20.99399738638696],[-100.62856767095154,20.995338234968706],[-100.62863319227918,20.99571274121253],[-100.6284639343569,20.996132469871256],[-100.62620586849239,20.9949979636245],[-100.6258511196389,20.994919808888834],[-100.62572967555558,20.994713016156346],[-100.62560823182153,20.994506223310555],[-100.62577823363893,20.994128206474226],[-100.62542053865762,20.99388321281487],[-100.624873681393,20.99293178797186],[-100.6232502157524,20.99199469030352],[-100.62219618224725,20.99138626544791],[-100.62106867450393,20.990902389777116],[-100.620177418958,20.990456715012844],[-100.61934136926064,20.9898016121722],[-100.61886226452043,20.989349804855507],[-100.61850201905033,20.98895881128371],[-100.61814177547559,20.98856781681052],[-100.61807554955365,20.988151594657275],[-100.61822351711314,20.986522294382244],[-100.61956222356609,20.98562627423612],[-100.61542390451544,20.979700807612243],[-100.61552381353711,20.97952201279864],[-100.61562372233224,20.97934321793823],[-100.61584233208725,20.97838039983948],[-100.61605873725006,20.977292452251366],[-100.61609558759523,20.976040285842355],[-100.61572327351696,20.97496107192725],[-100.6157667326612,20.97408429319082],[-100.61557764361505,20.9733778465136],[-100.61539295921598,20.972921658253483],[-100.61669178585629,20.973110993389863],[-100.62076195265273,20.973509474454783],[-100.62324188450248,20.973889802915778],[-100.62820399019803,20.974775477508228],[-100.63176041951502,20.972761563160724],[-100.63195032071685,20.97350969643194],[-100.632668583498,20.974166499177635],[-100.63415660861635,20.97506212087352],[-100.63505371986906,20.975841401242988],[-100.6358375345327,20.97687269273346],[-100.63607671920644,20.977077717993957],[-100.63888479024325,20.976034414510206],[-100.64175613695025,20.975240440068003],[-100.6409493256593,20.97291619188395],[-100.63991329282271,20.971677024728734],[-100.63882769172686,20.97098309423502],[-100.63815429920801,20.969404724699537],[-100.6380461798498,20.968085059902606],[-100.64028766871039,20.9654998809097],[-100.64119917172006,20.963775694128298],[-100.64211065493276,20.96205150351462],[-100.6441727259126,20.958808126297715],[-100.64392318358182,20.95801918156788],[-100.64406886093711,20.95793355656142],[-100.64421453812085,20.95784793144056],[-100.64444702810434,20.957677563631865],[-100.64480317745377,20.95783910352506],[-100.64516155247297,20.95812577023183],[-100.64522709155217,20.95850027000793],[-100.64517193571226,20.958709699058492],[-100.6454052358864,20.958804666211005],[-100.6457328557872,20.958938026381894],[-100.64665467257902,20.95931325413171],[-100.64734546627598,20.959584282892358],[-100.6472026801389,20.959975572250798],[-100.64775075585564,20.960218786669397],[-100.6489661569688,20.960444075783435],[-100.6490152506056,20.9600956856162],[-100.65019264300344,20.960427962026234],[-100.65054239033383,20.96053969571044],[-100.65122885745217,20.961580866163153],[-100.65158502258532,20.961742390715663],[-100.65205891900617,20.961902143507313],[-100.65253281634782,20.96206189491113],[-100.65277199695787,20.962266897122483],[-100.65342770080787,20.962715951496545],[-100.65378387073889,20.9628774710966],[-100.65471827599372,20.96244620091182],[-100.65547384613197,20.961892459232278],[-100.65616831132968,20.961214474642606],[-100.65645518714744,20.960792950560503],[-100.65691865499582,20.960368764757156],[-100.6550193559694,20.959521254447772],[-100.65091312173215,20.957079827722122],[-100.65270962649916,20.955467439995303],[-100.64951961499759,20.953745304375456],[-100.65528989622032,20.950651082921212],[-100.65527663738922,20.947543680846174],[-100.65603734520795,20.947281903960377],[-100.65726817985573,20.946971320211016],[-100.65796927666456,20.94666871303334],[-100.6585541426018,20.946451295782904],[-100.65896019443024,20.94611141230751],[-100.65948247129073,20.945686334847384],[-100.65983115113204,20.945430755038554],[-100.66012246220735,20.945259480301903],[-100.66023868824824,20.945174286709406],[-100.66165427465553,20.94531980709961],[-100.66170648999035,20.948239428968666],[-100.66206636246903,20.948609477554506],[-100.66371443496637,20.948584588557143],[-100.66566203346915,20.948847196168614],[-100.66656585518334,20.95000169130646],[-100.66628276381458,20.950631773448364],[-100.66512497697781,20.9517340000672],[-100.66596980195426,20.95320731806714],[-100.6662297645974,20.953125934939973],[-100.66646040429393,20.953138116197255],[-100.67006577814264,20.94984049882591],[-100.67194562421207,20.951684212088406],[-100.67260696983975,20.9523830013624],[-100.67328984308436,20.95184285768466],[-100.67614921641447,20.949654537999265],[-100.67834946987728,20.947636626742323],[-100.67823119452696,20.949196747751394],[-100.67782454753521,20.95456053480024],[-100.6776663530523,20.955598128227198],[-100.67756405902902,20.956469291423797],[-100.67746249571007,20.95738186246926],[-100.6776057573753,20.95882954237194],[-100.67782468140396,20.961228804597933],[-100.67821059365563,20.963087366645237],[-100.67853988176105,20.96507094936032],[-100.67879607199671,20.966247876720338],[-100.67883611646707,20.96643183734376],[-100.67905226691973,20.967424803268923],[-100.67937498879802,20.96903571168609],[-100.67969771886895,20.970646618733667],[-100.67989473057231,20.97180363813219],[-100.67990571900316,20.972424754928102],[-100.67979684102163,20.97292324766628],[-100.67980489919933,20.973378733284836],[-100.6796349879823,20.97375380225118],[-100.67940624102357,20.974129670645116],[-100.67699664668173,20.977641491775127],[-100.67649893064083,20.978335165690886],[-100.67269960263599,20.98363009853749],[-100.67143230289216,20.98539617441734],[-100.66714028878275,20.991377055800896],[-100.66703628436228,20.99152197813226],[-100.66586740091276,20.993150706931466],[-100.66408412376411,20.995755328205465],[-100.66093170251601,21.000359444248264]]]},"properties":{"seccion":198,"municipio":3,"electores":613}},{"type":"Feature","geometry":{"type":"Polygon","coordinates":[[[-100.72116282137505,20.945121823358658],[-100.72309348113994,20.945538541697353],[-100.72438296311353,20.94566557465876],[-100.72419951744999,20.945784280767935],[-100.72407248848906,20.94586402234018],[-100.72386122540445,20.94599761574443],[-100.72356675946986,20.946197570082703],[-100.72337624358715,20.946319685440095],[-100.72316645033492,20.946465365685757],[-100.72287450439423,20.946652773650545],[-100.72264191762714,20.946825392493427],[-100.72246613975274,20.946993264051653],[-100.72229749729395,20.947163567355897],[-100.72222745709352,20.947254417324512],[-100.72218190990998,20.94731163376357],[-100.72211483110746,20.947350705207533],[-100.72200575856203,20.9474469571452],[-100.7213738204765,20.948166131688584],[-100.72084305263837,20.94903076527482],[-100.72010522156023,20.950203387225926],[-100.71956262262562,20.951083577948953],[-100.71926847298352,20.95162364444114],[-100.7189798014203,20.95209896952136],[-100.71838248819212,20.953013094888192],[-100.71738415507704,20.953435472756507],[-100.71699928151129,20.953579153610747],[-100.71691429650099,20.95360671835739],[-100.71686626584726,20.953680234361954],[-100.71682598823523,20.9537323885705],[-100.71680009698967,20.953799421721293],[-100.71677584927689,20.953854753141044],[-100.71677804515603,20.953891455882673],[-100.71729635508353,20.954539771667562],[-100.71738898153353,20.954558870442984],[-100.71756498803765,20.95456544407821],[-100.71765050700144,20.954584614305983],[-100.7177201293357,20.954612291193698],[-100.71777557475465,20.95464344950294],[-100.71782576578177,20.954681337973835],[-100.71787072147927,20.95472762572912],[-100.71789615054796,20.954775779524333],[-100.71795558820261,20.95484529168554],[-100.71801080502948,20.95485642048762],[-100.71807834568583,20.954857409226168],[-100.71815136948847,20.954871697166375],[-100.71824760717615,20.954895766995598],[-100.71836560598604,20.954958011587212],[-100.71848541990644,20.955023576416394],[-100.7186283906512,20.95509391566551],[-100.71886040610886,20.955180884868476],[-100.71906959440561,20.95526722141767],[-100.71932365171888,20.955395113874214],[-100.7195252227544,20.955509355474163],[-100.71989520319354,20.955719975013974],[-100.7201069239726,20.95584167604252],[-100.72040444864315,20.95600835899885],[-100.72064527006836,20.956144654441562],[-100.72089343316014,20.95628489302007],[-100.72106993423573,20.956384733234238],[-100.72386951806027,20.95797696123875],[-100.72700873448231,20.959759488984233],[-100.7280735583094,20.9603567728746],[-100.7285234275538,20.960620681611797],[-100.72674496603796,20.963432590708315],[-100.72546070606431,20.965326953663343],[-100.72492741862351,20.966049900764283],[-100.72169025928514,20.966011883448363],[-100.72089117532536,20.967389702363526],[-100.72101627488153,20.96780214353317],[-100.71875667061583,20.9730519462277],[-100.72055141945108,20.974683817677228],[-100.72259571543391,20.97382718740494],[-100.72301722777843,20.97435977392279],[-100.72355790015627,20.9749735431154],[-100.72427731388042,20.975709085347294],[-100.72487608567903,20.976280627743364],[-100.72484928905476,20.978061932486757],[-100.72356832330857,20.978825186324855],[-100.71631580203719,20.98132768010176],[-100.71304500124039,20.9892834983522],[-100.7107280024308,20.98807292405872],[-100.71007780365896,20.98791621280592],[-100.70847284157523,20.98702713380246],[-100.70681127998083,20.986263068895113],[-100.70562710290874,20.98586518015781],[-100.70479670282374,20.98550383858255],[-100.70355327570812,20.98837871773441],[-100.70284719844632,20.988388415385657],[-100.70306481303484,20.987391410985083],[-100.70305224444017,20.98668748894998],[-100.70292643414575,20.98623362596366],[-100.70262558676079,20.985865000897537],[-100.70256009554274,20.985493143988297],[-100.70267112026039,20.98511886350403],[-100.70254974755314,20.98491344319714],[-100.7022525991566,20.984751853212803],[-100.70178189204242,20.984758314271332],[-100.70137150081264,20.984846781089697],[-100.70090374789422,20.985018868690574],[-100.70019990086624,20.985152776051283],[-100.69943721368755,20.985287487351215],[-100.69855094303398,20.985092549942532],[-100.69783823875717,20.984729560025574],[-100.69689092173012,20.984411197779163],[-100.69588698187265,20.984217857560168],[-100.6949440935425,20.984147928223617],[-100.6940026792062,20.984160808409257],[-100.69317967773364,20.984213481731146],[-100.69253834542174,20.98455359021485],[-100.69236477484942,20.984721632936644],[-100.69353924820206,20.981267922484705],[-100.69068562532684,20.97965022063782],[-100.69006637271262,20.981232544290076],[-100.68846085392198,20.980301855462038],[-100.6882372668244,20.98096758747942],[-100.68801588308496,20.981757541945164],[-100.68754518170219,20.981763963044692],[-100.68651548916904,20.983434709080615],[-100.6859153532833,20.98278020901831],[-100.68418996230749,20.981726860507973],[-100.68276244969104,20.980876527018914],[-100.68122314337195,20.980359042807976],[-100.67908082426392,20.97902138546615],[-100.67699664668173,20.977641491775127],[-100.67940624102357,20.974129670645116],[-100.6796349879823,20.97375380225118],[-100.67980489919933,20.973378733284836],[-100.67979684102163,20.97292324766628],[-100.67990571900316,20.972424754928102],[-100.67989473057231,20.97180363813219],[-100.67969771886895,20.970646618733667],[-100.67937498879802,20.96903571168609],[-100.67905226691973,20.967424803268923],[-100.67883611646707,20.96643183734376],[-100.67879607199671,20.966247876720338],[-100.67853988176105,20.96507094936032],[-100.67821059365563,20.963087366645237],[-100.67782468140396,20.961228804597933],[-100.6776057573753,20.95882954237194],[-100.67746249571007,20.95738186246926],[-100.67756405902902,20.956469291423797],[-100.6776663530523,20.955598128227198],[-100.67782454753521,20.95456053480024],[-100.67823119452696,20.949196747751394],[-100.67834946987728,20.947636626742323],[-100.67842688674183,20.945357592639514],[-100.67859750589308,20.945023933594737],[-100.6788262162408,20.94464806790908],[-100.67928436531469,20.943937743742264],[-100.67971200115275,20.943165706099474],[-100.68013963282381,20.94239366761383],[-100.68049329989144,20.94243028139131],[-100.6810234346605,20.94246449670592],[-100.68220208200422,20.942572730907905],[-100.68378735806773,20.942385500824866],[-100.68632552225668,20.94284796607719],[-100.69198202942303,20.94330926599783],[-100.69686261404169,20.943949852478564],[-100.69941281460055,20.94428451306098],[-100.69993263292501,20.94373896429507],[-100.70102665470651,20.942398611839046],[-100.70206552532781,20.941266097138566],[-100.70281544213881,20.940427462786946],[-100.70385723917998,20.93946056838202],[-100.70454757844149,20.938581327180994],[-100.70541067610026,20.937492624248613],[-100.70586941378643,20.93682364548653],[-100.70585598044975,20.93718059825914],[-100.70713496469217,20.938960040012493],[-100.70727334238536,20.939080223279944],[-100.70855599579548,20.940089983352102],[-100.7101171122764,20.94081805054131],[-100.71085893616319,20.941144892969433],[-100.71123855386152,20.941286818831287],[-100.71235866846051,20.941805649910382],[-100.71366661353737,20.942357447623692],[-100.7139309560804,20.94242540833674],[-100.71510988685661,20.943010670168242],[-100.71609695490079,20.943458408572557],[-100.71678588338384,20.94379472544186],[-100.71740500786166,20.94401732577255],[-100.71785611414433,20.944191558806786],[-100.71921152950083,20.944564057815796],[-100.72116282137505,20.945121823358658]]]},"properties":{"seccion":199,"municipio":3,"electores":528}},{"type":"Feature","geometry":{"type":"Polygon","coordinates":[[[-100.77695377231606,20.933478160511886],[-100.77706393921758,20.93128314965567],[-100.7771105341318,20.930844969235903],[-100.77839462858967,20.93121255577963],[-100.77940190755868,20.931653030116788],[-100.78040480399758,20.931845290255875],[-100.78170452387332,20.93219872500546],[-100.78197525536572,20.932244762325357],[-100.78236693559755,20.931138185718837],[-100.78262902214394,20.93039772922252],[-100.78306705722389,20.9302186510303],[-100.78376005554864,20.929935335277985],[-100.78440645403916,20.929671067344056],[-100.78417709125775,20.929059209654987],[-100.78392660402992,20.9281939197195],[-100.78349832492216,20.927248469626758],[-100.78330808598872,20.926465055229958],[-100.7831549227904,20.9261155744076],[-100.77958712739975,20.92447638425385],[-100.77828347990823,20.923597332006796],[-100.77705700766752,20.92407761809692],[-100.77431259972197,20.920410575450614],[-100.77533315855622,20.91993756651858],[-100.77724588815221,20.920001601464737],[-100.78151008177952,20.91993489623018],[-100.78456109270101,20.92086063318586],[-100.78461034872925,20.92032199124402],[-100.78614507152238,20.920671963115613],[-100.78702815178474,20.920741804495904],[-100.78767247007042,20.92060824217384],[-100.78771511772953,20.919697289457876],[-100.78735514526879,20.9192887703771],[-100.78704955155611,20.918631183412298],[-100.78702964379237,20.91846441479213],[-100.7869805192097,20.91805289284721],[-100.78786431706548,20.918164098858885],[-100.7882779293885,20.91828218195324],[-100.78846158115894,20.918693279856964],[-100.78864816702124,20.919269848804092],[-100.78888986170355,20.919638717901382],[-100.78918886472844,20.919923990432984],[-100.7899529255842,20.91991280225285],[-100.7903070363826,20.919990372904735],[-100.79066848585593,20.920481620584837],[-100.79085434883241,20.92101681846458],[-100.79120993060292,20.921177122538815],[-100.79168526431481,20.921459806310285],[-100.79186525863054,20.921664060738323],[-100.79183954236895,20.92187133018608],[-100.80415709056663,20.920957034479134],[-100.80485997376012,20.922193619317262],[-100.80503604407436,20.923100197258403],[-100.80509491880098,20.9237182735417],[-100.8054464905636,20.9245425746523],[-100.80550544048577,20.92528425716093],[-100.80509602428877,20.92561357569377],[-100.80480358988983,20.925860574751106],[-100.8044527581243,20.92631354150143],[-100.80427754423758,20.926890243589984],[-100.80398534396691,20.927549263792926],[-100.80375182426747,20.92849674244952],[-100.80369363985116,20.92907353047295],[-100.80322614164604,20.930185644681828],[-100.80305096689595,20.93084475039692],[-100.80305125032002,20.93133917718161],[-100.80264188345954,20.93179209789934],[-100.80211561790273,20.932492144020642],[-100.80147237990604,20.933315707952403],[-100.80094610386978,20.934015751126868],[-100.80036123486589,20.934592142007215],[-100.79960084839617,20.935250802563274],[-100.7986064209432,20.93599168595779],[-100.79796299281065,20.936526822650528],[-100.79702702478335,20.93718533818834],[-100.79609107024748,20.937885051472414],[-100.79533064807461,20.938543695301036],[-100.79462891242946,20.939532001089837],[-100.79392718919647,20.940561506917795],[-100.79340093841485,20.94142634011921],[-100.79321051181797,20.941133583839832],[-100.7920458920235,20.94177134395013],[-100.79079602588499,20.9425758599773],[-100.7905858798714,20.942330669730406],[-100.79010901031563,20.941965252785316],[-100.78977983312,20.94163904881081],[-100.78945065735745,20.94131284408623],[-100.78855791582342,20.94070524372342],[-100.78790250954171,20.94021829905087],[-100.78719199279274,20.93993905073003],[-100.78677685362203,20.939738233956],[-100.78621821351246,20.939782198519737],[-100.78613098752493,20.939789062974015],[-100.7853161044029,20.94025614692513],[-100.78515790929016,20.940337097912792],[-100.78415072063153,20.940852487258763],[-100.78351217249569,20.941316985208033],[-100.78293679683208,20.942028829224647],[-100.78165382308644,20.942626871957778],[-100.78119160909957,20.943088786468042],[-100.78036967108086,20.943412516099116],[-100.77959889838039,20.94341398563718],[-100.77965143436526,20.943141937408058],[-100.7796870706627,20.942887891019897],[-100.77972454388266,20.94216340876767],[-100.7796863358937,20.941287564097514],[-100.77957171192682,20.940542508312753],[-100.77950411317711,20.94019128872185],[-100.77930719508014,20.93955057013764],[-100.77908749914359,20.93896826569045],[-100.77872305371044,20.93828750219473],[-100.77834428028137,20.937603064854027],[-100.77812238003776,20.937165877287995],[-100.77783802442761,20.936561713462467],[-100.77750664360025,20.93581390229388],[-100.77738385264244,20.93552064988405],[-100.77728942680096,20.935254572180057],[-100.77722392284896,20.935064362052728],[-100.77715161667207,20.934840557959802],[-100.77708935303963,20.934585617450704],[-100.77699714077161,20.934099849058423],[-100.77695377231606,20.933478160511886]]]},"properties":{"seccion":205,"municipio":3,"electores":1496}},{"type":"Feature","geometry":{"type":"Polygon","coordinates":[[[-100.77959889838039,20.94341398563718],[-100.78036967108086,20.943412516099116],[-100.78119160909957,20.943088786468042],[-100.78165382308644,20.942626871957778],[-100.78293679683208,20.942028829224647],[-100.78351217249569,20.941316985208033],[-100.78415072063153,20.940852487258763],[-100.78515790929016,20.940337097912792],[-100.7853161044029,20.94025614692513],[-100.78613098752493,20.939789062974015],[-100.78621821351246,20.939782198519737],[-100.78677685362203,20.939738233956],[-100.78719199279274,20.93993905073003],[-100.78790250954171,20.94021829905087],[-100.78855791582342,20.94070524372342],[-100.78945065735745,20.94131284408623],[-100.78977983312,20.94163904881081],[-100.79010901031563,20.941965252785316],[-100.7905858798714,20.942330669730406],[-100.79079602588499,20.9425758599773],[-100.7920458920235,20.94177134395013],[-100.79321051181797,20.941133583839832],[-100.79340093841485,20.94142634011921],[-100.79322592258337,20.942497462738594],[-100.79357778196814,20.94389862120835],[-100.79375347938777,20.944145973991894],[-100.7939294559687,20.944928957115497],[-100.79416419520041,20.94616521160745],[-100.7943988094005,20.947154251346678],[-100.79506885477623,20.947267356262067],[-100.79568289196315,20.94759273274619],[-100.79570362543535,20.947984689664324],[-100.7958192482038,20.94825497808492],[-100.79614448412899,20.948598477117404],[-100.79762693237583,20.94903536658578],[-100.79754308533222,20.949180968061512],[-100.79660443312551,20.950810929308474],[-100.79585736060169,20.95119801268142],[-100.795742679183,20.951257432525455],[-100.79574555901986,20.951498740702412],[-100.79582925474115,20.95178444872829],[-100.79589653559678,20.95204016226187],[-100.79610777363219,20.952249108466226],[-100.79632027266379,20.95256362664152],[-100.79650012181281,20.952833237543953],[-100.79666427652229,20.953133180880876],[-100.79674689446126,20.953328397716486],[-100.79697311009966,20.95344668292889],[-100.79718381119156,20.953610382280026],[-100.79723558048485,20.95391150947208],[-100.79739883704673,20.95413604316164],[-100.79762667624868,20.954390063035337],[-100.79771145883731,20.954766260103934],[-100.79782709131456,20.95503654632097],[-100.7981020176854,20.95519956705527],[-100.79823406733986,20.955499847042965],[-100.79842997927217,20.955769285972313],[-100.79869047498897,20.956068210523206],[-100.79893527683762,20.956397467459578],[-100.79903323395936,20.956532186455455],[-100.7994110016901,20.95693375853248],[-100.79978877145817,20.957335329608078],[-100.80090139661527,20.958366210671823],[-100.80131150016233,20.959066949794504],[-100.80160474066818,20.960097218586164],[-100.80178097452861,20.961209804861642],[-100.80166439395866,20.96203376133023],[-100.80154790818803,20.963022526197744],[-100.80137296244105,20.964134854339644],[-100.80131495754125,20.96504125780989],[-100.80125697630558,20.965988863326686],[-100.80149162997333,20.966895481308878],[-100.80190185922143,20.967761024807054],[-100.80219483475113,20.968296865142147],[-100.80242930425231,20.96887386437041],[-100.80272928587614,20.969717324480715],[-100.80283971613153,20.970027819041015],[-100.80354275277145,20.971099578549286],[-100.80403971880403,20.971478729907584],[-100.80414159132906,20.971556451294987],[-100.80418197461935,20.971587265328875],[-100.80404524672805,20.97167686468052],[-100.80366604341728,20.971847969049133],[-100.8032868391894,20.972019072632698],[-100.80223593513898,20.97244834450793],[-100.80118871550391,20.973084446626075],[-100.79996141376664,20.973516303709538],[-100.79908097153319,20.973612021771917],[-100.79861061508731,20.973618944433074],[-100.79814025849181,20.973625865798095],[-100.79684677708282,20.973644892868975],[-100.79549744636091,20.97383024391381],[-100.79378650828407,20.973524357226395],[-100.79260840650193,20.97341752247921],[-100.79095847742396,20.973234845928626],[-100.79175727052369,20.97429026799021],[-100.79240449658641,20.974620726049462],[-100.792640412431,20.975075238921733],[-100.79281788744042,20.975736382542976],[-100.7932464034906,20.97622187539711],[-100.79301057420565,20.976366741668233],[-100.79289324479947,20.97626429017659],[-100.79272072410863,20.976162419403963],[-100.79251792377913,20.97607516862284],[-100.79230192952143,20.97599878257632],[-100.79139454119762,20.97732049634478],[-100.79132425970332,20.9776519593538],[-100.79141157943516,20.977951374157406],[-100.7914208969815,20.97809429191136],[-100.79137324698995,20.97824853494314],[-100.79133346283793,20.978743251474388],[-100.79121502565683,20.979026953046972],[-100.79117575512333,20.979245465004546],[-100.79119504675599,20.979426713354172],[-100.79123360890375,20.979787422553315],[-100.79127414496956,20.979994369061295],[-100.79128050870835,20.98020882571497],[-100.7911828500488,20.980638899884987],[-100.79101261296607,20.981048284862393],[-100.79091282235785,20.98129961168745],[-100.79090785168438,20.981521338320587],[-100.79083948176996,20.981853674916277],[-100.79068071527749,20.98226740827992],[-100.79029166674653,20.98265833302615],[-100.78734626348286,20.981263780724834],[-100.78507333341148,20.980213333025493],[-100.78483378107612,20.98014957475437],[-100.78456479122701,20.980098762171846],[-100.78440375754458,20.98008257225093],[-100.78420380356877,20.98007483452697],[-100.783582341176,20.980075980102757],[-100.7828114088584,20.980113101224568],[-100.78257436331162,20.98010753751256],[-100.78236833341063,20.980084999692128],[-100.78222500007723,20.98008166635878],[-100.78208000007723,20.980078333025443],[-100.78193166674382,20.980071666358707],[-100.78178833341043,20.980059999692134],[-100.78165666674374,20.98004666635873],[-100.78152166674367,20.980024999692063],[-100.78138166674366,20.9799933330254],[-100.78124166674358,20.97995166635871],[-100.78110333341023,20.979906666358737],[-100.78097833341018,20.979858333025337],[-100.78084833341013,20.979803333025355],[-100.78072166674343,20.97974666635869],[-100.78060833341004,20.97969166635868],[-100.7805595718978,20.979668809043353],[-100.78050166674335,20.979641666358624],[-100.78038666674334,20.979591666358598],[-100.78027833340995,20.979544999691967],[-100.78016166674323,20.97949999969189],[-100.77999362110413,20.979453187578812],[-100.77984079273536,20.97940651653479],[-100.77974146598648,20.979377163394982],[-100.77960983767787,20.979352616937966],[-100.77948874055369,20.979333323473146],[-100.77934303935548,20.97932590702402],[-100.7792169711669,20.979317582093763],[-100.77907268866076,20.979320686254834],[-100.7789651468536,20.979320915593433],[-100.77882916273579,20.979330380421267],[-100.77870184883196,20.97934869313287],[-100.77855743775082,20.979369865831593],[-100.778401734308,20.97940188254583],[-100.77826512635204,20.979439062886893],[-100.77815508922575,20.979469708773973],[-100.77807827098015,20.979492633543273],[-100.77795891865615,20.979540359756776],[-100.7778595711289,20.979589664797935],[-100.77773566946773,20.979655091948135],[-100.77753513425847,20.97975908405517],[-100.77736665739711,20.979837713530806],[-100.77564623478042,20.980668170198427],[-100.77541520270884,20.980768902476797],[-100.77466798267075,20.979712109161984],[-100.77373968832953,20.97847216948514],[-100.77340891383315,20.978024216747002],[-100.77291706571005,20.97731425242991],[-100.77248181178258,20.976560792457484],[-100.77180181045372,20.975389764497677],[-100.77056876974623,20.972835428588123],[-100.77020230702327,20.972102698613238],[-100.76982070656837,20.97129638162036],[-100.76948932825925,20.97063300597747],[-100.76933976931093,20.97029712798186],[-100.7691890916204,20.97002785378057],[-100.76903117519359,20.969709492404494],[-100.76866697863728,20.969006231734433],[-100.76846393313464,20.96858643744353],[-100.76920531507444,20.96718817200125],[-100.76972149030998,20.96620064244033],[-100.7711961717302,20.963468036460384],[-100.77190559121763,20.96202127626283],[-100.77231742925258,20.961148003284276],[-100.77271640882962,20.960150186957115],[-100.77330569358257,20.958740899979553],[-100.77460219351578,20.955675076249623],[-100.77506105676783,20.954567779338724],[-100.77553204370872,20.95341676367116],[-100.77604527986823,20.952151124036703],[-100.77653537080361,20.950950878844914],[-100.7772672007461,20.949207271963903],[-100.77774075937857,20.948079034135883],[-100.77817932463651,20.947050633048356],[-100.77863524881256,20.94593608029336],[-100.77916611942844,20.944681462194144],[-100.77941520612573,20.944060582373467],[-100.77954158639692,20.94365352033718],[-100.77959889838039,20.94341398563718]]]},"properties":{"seccion":200,"municipio":3,"electores":2977}},{"type":"Feature","geometry":{"type":"Polygon","coordinates":[[[-100.79095847742396,20.973234845928626],[-100.79260840650193,20.97341752247921],[-100.79378650828407,20.973524357226395],[-100.79549744636091,20.97383024391381],[-100.79684677708282,20.973644892868975],[-100.79814025849181,20.973625865798095],[-100.79861061508731,20.973618944433074],[-100.79908097153319,20.973612021771917],[-100.79996141376664,20.973516303709538],[-100.80118871550391,20.973084446626075],[-100.80223593513898,20.97244834450793],[-100.8032868391894,20.972019072632698],[-100.80366604341728,20.971847969049133],[-100.80404524672805,20.97167686468052],[-100.80418197461935,20.971587265328875],[-100.80451227440514,20.97137081523873],[-100.8048565310132,20.971002848793066],[-100.80515413583281,20.970839874601392],[-100.80545173997851,20.97067689993355],[-100.80555539698356,20.9706201348472],[-100.80590002251847,20.97015989033808],[-100.80635631555771,20.96936697243815],[-100.80675381170973,20.968574921522297],[-100.80721083561411,20.96782336901312],[-100.80749000057226,20.96699168574598],[-100.80735318530704,20.965917876179354],[-100.80745079630125,20.96479922703477],[-100.80748887649851,20.96364007868659],[-100.80739976243478,20.961944893054653],[-100.80783531538381,20.959993692236395],[-100.81265847758681,20.956777678367157],[-100.81548504556707,20.95505475846828],[-100.81620667783882,20.954614877892293],[-100.81905974076824,20.953041609288785],[-100.82015761809826,20.952382235014507],[-100.82202659511918,20.951259717347458],[-100.82359222232222,20.950036509385615],[-100.82498519200988,20.949022743753957],[-100.8264957097562,20.948007219771107],[-100.82847572678777,20.946943319399217],[-100.82940656884102,20.946391553062902],[-100.829833577341,20.946224779443924],[-100.82970510456715,20.947208225297558],[-100.8295889250299,20.949202921980437],[-100.83000258312447,20.94985808074509],[-100.83059427129017,20.950304756105332],[-100.83073048186986,20.951337171124507],[-100.83045370745808,20.952292982344744],[-100.83017991237905,20.953414259881853],[-100.82978257766793,20.954206354838952],[-100.8293219803821,20.954751124434654],[-100.82898044319649,20.955376875982758],[-100.82939567511139,20.955577582375312],[-100.83027448902095,20.955398983274584],[-100.83080729530775,20.955597934745917],[-100.83107295302925,20.955656043197603],[-100.8313386109234,20.955714151219706],[-100.8317493698979,20.955666651950086],[-100.8328112568905,20.955857710584464],[-100.83310966796353,20.956101527053054],[-100.83312758383218,20.957094324580883],[-100.83277710149629,20.957223684008348],[-100.83212745955174,20.957067858642354],[-100.83142425413747,20.957202473016647],[-100.8307872931252,20.957749874875823],[-100.830439044279,20.95800332960958],[-100.83032743569595,20.95833601412688],[-100.83039815604914,20.95899700429406],[-100.83046291049305,20.959327061420577],[-100.83012882715158,20.960366481549002],[-100.82979026546687,20.96115770150797],[-100.8292604221741,20.961124214875685],[-100.82908331075775,20.961085474534446],[-100.82891392220944,20.961353609302368],[-100.82874026947776,20.961628493000944],[-100.82857806545528,20.96241708513024],[-100.82845790587021,20.963137074213552],[-100.82841884161901,20.963371143745473],[-100.82850223036043,20.96473536763622],[-100.82881332830287,20.965682423278412],[-100.82937078001645,20.967246474575965],[-100.82927557046438,20.96848922396557],[-100.82947059086683,20.969520761636932],[-100.82548167300489,20.97007666785742],[-100.82854345560507,20.97354820739239],[-100.82962934136728,20.975063006606078],[-100.8302396688837,20.976295241894185],[-100.83132409983463,20.977727294105918],[-100.83189601608703,20.97894967782092],[-100.83199698297213,20.97916547662711],[-100.83320128653898,20.980719859038793],[-100.83156992834473,20.981571747452573],[-100.82993855073944,20.982423621511415],[-100.82924492589888,20.983096000207865],[-100.82831610481291,20.98377187979068],[-100.8270940317152,20.984493498613627],[-100.82615624739275,20.9846729685692],[-100.82557050344637,20.984805818053736],[-100.82498475830577,20.98493866559648],[-100.82471903062961,20.985081705771034],[-100.82387802071078,20.98553441375563],[-100.82391226091202,20.985802859796493],[-100.82394650127497,20.986071305813585],[-100.82372749610103,20.98615731775839],[-100.82350849065683,20.986243329439002],[-100.8230704789577,20.986415352007345],[-100.82214160797943,20.98709120118381],[-100.82121496074096,20.98789114595368],[-100.82091451581654,20.988088084372084],[-100.82005236087511,20.988653212068186],[-100.81924254912123,20.989410034503173],[-100.81843421598022,20.99024958713064],[-100.81710335452686,20.99146928749477],[-100.81530428762377,20.992820052371453],[-100.81391606011992,20.994123336233198],[-100.81199784305672,20.995393078651823],[-100.81143058205728,20.996560055689773],[-100.81069209238159,20.998019210071863],[-100.81063551306868,20.998144180896634],[-100.80994135775894,20.998795807875016],[-100.80924719641865,20.999447432410843],[-100.8082578947952,21.000041350966455],[-100.80644087482173,21.000399226345174],[-100.80527143932694,21.000788899713875],[-100.80456245015907,21.000613166359113],[-100.803853462427,21.000437429925693],[-100.8023252740255,21.000501353412968],[-100.80243660016134,21.0001479984698],[-100.80254792583497,20.999794643477824],[-100.80282198684375,20.998673394988767],[-100.8033334778027,20.997672777420266],[-100.80378541941674,20.996631659310793],[-100.80476732164938,20.995624096261228],[-100.80593745967063,20.995275795988334],[-100.80546555737844,20.995200008368467],[-100.80429024107755,20.995258735903327],[-100.80364488865573,20.99535101489856],[-100.80293999301989,20.995402791764754],[-100.80241002735087,20.99536923005777],[-100.80128833812462,20.99513749983847],[-100.80099210746425,20.99501773202169],[-100.80027908782056,20.99461445891563],[-100.80021585412798,20.994367122248033],[-100.80003280030964,20.993997416658903],[-100.80026284080952,20.99370438096118],[-100.80067815032146,20.993905151610306],[-100.80168296348653,20.99417998758298],[-100.80250989389909,20.99437468474512],[-100.8029259471404,20.994616816656468],[-100.80386900746323,20.994727038011206],[-100.80421664608427,20.994432262106088],[-100.8045032619479,20.994014252221824],[-100.80473033438835,20.993555742813278],[-100.80477360255432,20.992686166292707],[-100.80476620562544,20.992272495503293],[-100.80458092510491,20.99177869408844],[-100.80445814507934,20.991490860060555],[-100.8042699086707,20.990831589728682],[-100.80390748974708,20.99029902308022],[-100.80371630034035,20.989474283292218],[-100.80376031447456,20.98864607341602],[-100.80403731015882,20.987690292189303],[-100.804262897275,20.987149049432936],[-100.80448478564816,20.986400970884826],[-100.80476695016415,20.985734758666457],[-100.8048719763836,20.985029782294315],[-100.80498143905895,20.98457300855609],[-100.80485127046761,20.98387150302798],[-100.80501509378263,20.983165658860262],[-100.80512381560077,20.982667517945824],[-100.80511568096163,20.98221247962165],[-100.80516190699414,20.981508370798128],[-100.8050883201862,20.98068189596876],[-100.80484204103,20.980064859488227],[-100.8047691966593,20.97927975135355],[-100.80457358609846,20.97820680792205],[-100.80398414625853,20.978132746947292],[-100.80286775782113,20.978190587899846],[-100.80122146309225,20.978214851725625],[-100.80051812204256,20.978349347404777],[-100.79916654314466,20.978410628316553],[-100.79804941074948,20.97842707064855],[-100.79740264950337,20.97843658655103],[-100.79652070189378,20.978449558831738],[-100.79581145922772,20.978253096543483],[-100.79522054770004,20.978096270171164],[-100.7948589302944,20.977605046356366],[-100.79425918551246,20.97695180749806],[-100.7937770375642,20.976296838824478],[-100.79324640332999,20.976221876066372],[-100.79281788744042,20.975736382542976],[-100.792640412431,20.975075238921733],[-100.79240449658641,20.974620726049462],[-100.79175727052369,20.97429026799021],[-100.79095847742396,20.973234845928626]]]},"properties":{"seccion":201,"municipio":3,"electores":1464}},{"type":"Feature","geometry":{"type":"Polygon","coordinates":[[[-100.8374230693301,21.002363675547095],[-100.83585494292514,21.000624197306813],[-100.83555559553281,20.99960752785664],[-100.83552521111518,20.99950433275122],[-100.83547892060852,20.999347115202568],[-100.835403654468,20.99843793536966],[-100.83529102187752,20.998366192378754],[-100.8350743679652,20.998228191050885],[-100.83445158563391,20.997831496362533],[-100.83375391882214,20.997325271710594],[-100.83355757910755,20.997182807098444],[-100.8328972944792,20.996447869007962],[-100.8324796987641,20.996123081570325],[-100.83206210483014,20.99579829296303],[-100.8313490085603,20.99539515645588],[-100.83098499199454,20.994779922717132],[-100.83067455198508,20.993874245984873],[-100.83024800748066,20.993053054698702],[-100.82964431906142,20.99219312500648],[-100.82886274384634,20.991253088257974],[-100.82826354768623,20.990641351452883],[-100.82759884330828,20.989658189061483],[-100.82681654898802,20.98867677418682],[-100.82597397520841,20.987613496790452],[-100.82537629616789,20.98708448084434],[-100.82495650766573,20.986635571662877],[-100.82394650127497,20.986071305813585],[-100.82391226091202,20.985802859796493],[-100.82387802071078,20.98553441375563],[-100.82471903062961,20.985081705771034],[-100.82498475830577,20.98493866559648],[-100.82557050344637,20.984805818053736],[-100.82615624739275,20.9846729685692],[-100.8270940317152,20.984493498613627],[-100.82831610481291,20.98377187979068],[-100.82924492589888,20.983096000207865],[-100.82993855073944,20.982423621511415],[-100.83156992834473,20.981571747452573],[-100.83320128653898,20.980719859038793],[-100.83199698297213,20.97916547662711],[-100.83189601608703,20.97894967782092],[-100.83132409983463,20.977727294105918],[-100.8302396688837,20.976295241894185],[-100.82962934136728,20.975063006606078],[-100.82854345560507,20.97354820739239],[-100.82548167300489,20.97007666785742],[-100.82947059086683,20.969520761636932],[-100.82927557046438,20.96848922396557],[-100.82937078001645,20.967246474575965],[-100.82881332830287,20.965682423278412],[-100.82850223036043,20.96473536763622],[-100.82841884161901,20.963371143745473],[-100.82845790587021,20.963137074213552],[-100.82857806545528,20.96241708513024],[-100.82874026947776,20.961628493000944],[-100.82891392220944,20.961353609302368],[-100.82908331075775,20.961085474534446],[-100.8292604221741,20.961124214875685],[-100.82979026546687,20.96115770150797],[-100.83012882715157,20.960366481549002],[-100.83046291049305,20.959327061420577],[-100.83039815604914,20.958997004294144],[-100.83032743569595,20.95833601412688],[-100.830439044279,20.95800332960958],[-100.8307872931252,20.957749874875823],[-100.83142425413747,20.957202473016647],[-100.83212745955174,20.957067858642354],[-100.83277710149629,20.957223684008348],[-100.83312758383218,20.957094324580883],[-100.83310966796353,20.956101527053054],[-100.8328112568905,20.955857710584464],[-100.8317493698979,20.955666651950086],[-100.8313386109234,20.955714151219706],[-100.83107295302925,20.955656043197603],[-100.83080729530775,20.955597934745917],[-100.83027448902095,20.955398983274584],[-100.82939567511139,20.955577582375405],[-100.82898044319649,20.955376875982758],[-100.8293219803821,20.954751124434654],[-100.82978257766793,20.954206354838952],[-100.83017991237905,20.953414259881853],[-100.83045370745808,20.952292982344744],[-100.83073048186986,20.951337171124507],[-100.83059427129017,20.950304756105332],[-100.83000258312447,20.94985808074509],[-100.8295889250299,20.949202921980437],[-100.82970510456715,20.947208225297558],[-100.829833577341,20.946224779443924],[-100.83012020018617,20.94412040811212],[-100.83171686303939,20.944081367231767],[-100.8321171482885,20.94345473620826],[-100.8322867801279,20.943079808441084],[-100.83245641118575,20.94270488055181],[-100.83326591908332,20.94194801470612],[-100.83396606678657,20.941647931415236],[-100.83484479329839,20.94146931486866],[-100.83612676619475,20.940829521370027],[-100.83668181892409,20.940635037121176],[-100.83723687008835,20.940440551167097],[-100.83811184734199,20.940055085936137],[-100.83910363198812,20.93962649359361],[-100.84062068744686,20.93898315564061],[-100.8414993878894,20.93880450647899],[-100.84231631242591,20.938461266561013],[-100.8431897659165,20.937993044180605],[-100.84387938788124,20.93711379333135],[-100.845046721031,20.936641163083358],[-100.84604445667186,20.936543464129795],[-100.84693213104593,20.936861184360982],[-100.84746788684522,20.937225552625247],[-100.84800664538065,20.937755384156],[-100.84860043561534,20.938077500852135],[-100.84913770036216,20.938524595717325],[-100.8494993809365,20.93901570035775],[-100.85003965435257,20.939628256814018],[-100.85051814924365,20.940076228527058],[-100.85094237279924,20.94077327822022],[-100.85188735866666,20.94100735515367],[-100.85341563762724,20.940984398680833],[-100.85523555788077,20.940832911362147],[-100.85687236067487,20.940311763651692],[-100.85772089987296,20.940092107918556],[-100.85856943626324,20.939872448142093],[-100.86014969588446,20.939476253432932],[-100.86155134790911,20.93895860479083],[-100.86271335038421,20.93819629529585],[-100.86346691061378,20.93760564873705],[-100.86480145297602,20.93663383728516],[-100.86590237792372,20.935748297834643],[-100.86671317995817,20.93507401960787],[-100.86818411914653,20.935134554639866],[-100.86889851316012,20.935620285118056],[-100.86972971060116,20.936062869158444],[-100.87044713844324,20.936714055340772],[-100.8710507985463,20.93757384494217],[-100.87164841330232,20.93810270624054],[-100.87212696213598,20.938550612930406],[-100.87277957857683,20.938871751697363],[-100.87366579745537,20.93910659612712],[-100.87449021072003,20.939176863682636],[-100.87554822300544,20.939160833071895],[-100.87613449163842,20.939069193190303],[-100.87714054662489,20.939426333744503],[-100.87741111521063,20.939753246919302],[-100.87768168499608,20.94008015956409],[-100.87798467884765,20.9405720879589],[-100.87828767477207,20.94106401563876],[-100.87832085668023,20.94127039731742],[-100.87835403870307,20.941476778977936],[-100.87848145811303,20.942012746910272],[-100.87851388204803,20.94217776299037],[-100.8785463060691,20.942342779055895],[-100.87860811999442,20.94250734914771],[-100.8777370422117,20.94309984300301],[-100.87698275952337,20.943649184595007],[-100.87628497759145,20.944073535418692],[-100.87541539665693,20.94474874981295],[-100.87454429268125,20.945341229134442],[-100.87367469633293,20.94601643569527],[-100.8729776506597,20.946482140018638],[-100.87245467423729,20.94682107517981],[-100.87210501269426,20.94699187696642],[-100.87134160820729,20.947044808519184],[-100.8708758944234,20.94730011833019],[-100.87058879426594,20.947676856172155],[-100.87036123128722,20.94809407006661],[-100.8698955125139,20.948349377538563],[-100.86914041736637,20.948857322543557],[-100.86838456100122,20.949323898835175],[-100.86786534292835,20.949869649984965],[-100.86734687684539,20.95045676554609],[-100.86693841729193,20.950628446008373],[-100.86617650148828,20.95076408746345],[-100.86517718508202,20.950779178566048],[-100.86429317004912,20.95066839193654],[-100.8629939000275,20.95035697933807],[-100.86204959638414,20.95016433577569],[-100.86039386618238,20.949651391342986],[-100.85962817895131,20.949580173925305],[-100.85915339366818,20.949339062308386],[-100.85856631694844,20.949389281495442],[-100.8570999845653,20.948531289333996],[-100.8533957972104,20.94636376151812],[-100.85244927233315,20.946046963492837],[-100.85155251793199,20.94523288326314],[-100.85151401980369,20.946350652314027],[-100.85165111804451,20.947424406846782],[-100.85219669322237,20.94832651594181],[-100.85245286898864,20.94948123524148],[-100.85258697192158,20.95038952348669],[-100.85237288284786,20.951551307309533],[-100.8520947454788,20.95242441126594],[-100.85169978719097,20.95334064702437],[-100.85083604553857,20.95434667665402],[-100.85009737513171,20.955764599228818],[-100.84983198714093,20.95734092514308],[-100.85014394822491,20.95832929994075],[-100.8503986293607,20.959401288703887],[-100.85042267235643,20.960725004489817],[-100.85074291248498,20.962168404132075],[-100.85211158394915,20.963058145530635],[-100.85412845375363,20.964020882605794],[-100.85463606182394,20.964447709789663],[-100.85514367275233,20.964874535225885],[-100.85584989590336,20.964905285810254],[-100.85685006491809,20.96493160828306],[-100.85738142744007,20.965047739477196],[-100.85778692361409,20.96471061481058],[-100.85807559373261,20.96441662622599],[-100.85842154419868,20.964039019837873],[-100.85853761432553,20.96395451680764],[-100.86137078706211,20.964532470320314],[-100.86236566854032,20.96426919990055],[-100.86258048675364,20.96476248491189],[-100.86279530649159,20.965255769519803],[-100.86280813989715,20.965958987807362],[-100.86252778040902,20.966708007518434],[-100.86260393262593,20.967658533332333],[-100.86320240385764,20.968228781503136],[-100.86374511024314,20.968965377743604],[-100.86400293257692,20.97020279923381],[-100.86402408339063,20.971361039549183],[-100.863571878995,20.972360918404586],[-100.86276616048887,20.973324755230085],[-100.86207197752745,20.97395588857788],[-100.8614863167383,20.97408885634459],[-100.86078382404918,20.974264961420946],[-100.86025091770057,20.97406611198504],[-100.85965846581738,20.973826781273967],[-100.85912179166776,20.973421098908023],[-100.85841025140546,20.973100803982437],[-100.85775675245677,20.972738254359786],[-100.85734143913321,20.97253762380667],[-100.85686808827114,20.97237924336415],[-100.85631331422825,20.97420819526833],[-100.8557532555829,20.975747584654126],[-100.85570726742068,20.97645169007906],[-100.85536580281065,20.977077488537084],[-100.8548984633127,20.977250030968666],[-100.85442434625519,20.977050278797904],[-100.85424194132435,20.976722004989366],[-100.85412134227569,20.976558310227542],[-100.85377309586266,20.976811812454397],[-100.85267181256305,20.977697297285562],[-100.85214416845545,20.97778798455687],[-100.85173260795973,20.97779417089628],[-100.8513798417269,20.977799472682985],[-100.851201202399,20.977678025270873],[-100.85125623638423,20.977470311704735],[-100.85025523012087,20.97740259651603],[-100.84914039313631,20.977543471298848],[-100.84858372496986,20.9776552720863],[-100.84802705582851,20.977767071113814],[-100.84738256939573,20.97790087474721],[-100.8472642292932,20.977861272987955],[-100.84697100742662,20.977907049613165],[-100.84680476031646,20.97846813827187],[-100.84663851212649,20.979029226825286],[-100.84659998985803,20.980146993921206],[-100.84691949997521,20.98154903118825],[-100.84747270088532,20.98286480571254],[-100.84813599236156,20.983765151732314],[-100.84921162376197,20.98470067986318],[-100.84981688855063,20.98564326682056],[-100.85035809889209,20.986297172528655],[-100.85080278033239,20.988111090638355],[-100.85134099488005,20.98859952824129],[-100.84723560461009,20.98924047424452],[-100.84802028245936,20.990345883210995],[-100.84934770543335,20.99218792681392],[-100.85054552322325,20.993369869662125],[-100.85132347527326,20.994102966120174],[-100.85251755944078,20.995078063061797],[-100.85329176421442,20.995604319644304],[-100.85193105383148,20.995169638499423],[-100.85026807028487,20.99428433906709],[-100.84818823964605,20.993115640736473],[-100.84646349404686,20.992065719271626],[-100.84485111651075,20.99072445233004],[-100.84365411338425,20.989583830303864],[-100.84263427502687,20.98848192204741],[-100.84197848956987,20.987995216057154],[-100.84167999771178,20.987751421733382],[-100.84170698856536,20.98924060468817],[-100.8416714324156,20.990523837042847],[-100.84152202514443,20.992015661340307],[-100.84107786202041,20.993470521898953],[-100.8405718914489,20.994760797288023],[-100.84017976910732,20.99584248023292],[-100.83961348311452,20.99705090144557],[-100.8391662929287,20.998340293844837],[-100.83860148915491,20.99963144507317],[-100.83814904040229,21.000631272111274],[-100.83771161350265,21.00190615063466],[-100.83754019626917,21.002321241674725],[-100.83748163280863,21.00234245862045],[-100.8374230693301,21.002363675547095]]]},"properties":{"seccion":202,"municipio":3,"electores":2596}},{"type":"Feature","geometry":{"type":"Polygon","coordinates":[[[-100.63607671920644,20.977077717993957],[-100.6358375345327,20.97687269273346],[-100.63505371986906,20.975841401242988],[-100.63415660861635,20.97506212087352],[-100.632668583498,20.974166499177635],[-100.63195032071685,20.97350969643194],[-100.63176041951502,20.972761563160724],[-100.62820399019803,20.974775477508228],[-100.62324188450248,20.973889802915778],[-100.62076195265273,20.973509474454783],[-100.61669178585629,20.973110993389863],[-100.61539295921598,20.972921658253483],[-100.61274597245061,20.973086057991924],[-100.61213787230487,20.97322483583141],[-100.610399923714,20.973621449342577],[-100.60775730362788,20.974036032403095],[-100.60599774080559,20.974437528845012],[-100.60423159078971,20.974463617348523],[-100.60258099156131,20.97436281990037],[-100.60338255075341,20.973057643633627],[-100.6040009093761,20.97137968135783],[-100.60472530333493,20.96903261785052],[-100.6053268240962,20.966395320748322],[-100.60679782505498,20.9596148108897],[-100.60677370079297,20.958238378881063],[-100.6067481159444,20.95677852648246],[-100.60671156882117,20.954693022576937],[-100.60679275097151,20.9526057788561],[-100.60721833515979,20.950012795521086],[-100.60770130688428,20.94733552129813],[-100.60782336439593,20.946409819109487],[-100.60806508289984,20.94457656561362],[-100.60946309149583,20.943721481081504],[-100.6112113110713,20.94269432067266],[-100.61266740963868,20.941796631048774],[-100.61476213766649,20.940388818434506],[-100.6169774738781,20.939146076561524],[-100.6181163905166,20.938628533842234],[-100.61925529889312,20.938110983996932],[-100.62142125411323,20.937411290309836],[-100.62276540320991,20.93684894832663],[-100.62487834882441,20.936483765852547],[-100.62755264408682,20.937904188711695],[-100.62827586278729,20.9388529927967],[-100.62825376890856,20.937601702250884],[-100.6284802966221,20.933760026998506],[-100.62912542306624,20.930287601018478],[-100.62922987301273,20.929535072733117],[-100.63294190812582,20.926392403580053],[-100.63358116622798,20.92592393852121],[-100.63428000969012,20.92549630249536],[-100.63498032503283,20.925152083046733],[-100.63591678046727,20.924846054744602],[-100.637091590632,20.924703342415388],[-100.63768896749686,20.925195062052754],[-100.63912357473627,20.92642523088798],[-100.64062001597553,20.927821343116605],[-100.6419913790283,20.9288021083731],[-100.64365628409298,20.929736743317132],[-100.645137980747,20.930298623486188],[-100.6470912556492,20.930895136078366],[-100.6476820137038,20.931011433044453],[-100.64899533745505,20.932034729137833],[-100.649888534911,20.932605400930512],[-100.65102086847514,20.933381076102098],[-100.65196847807995,20.933700596399618],[-100.65297048658013,20.93376897118411],[-100.65361639654265,20.933675815730094],[-100.65346300980565,20.931675547492357],[-100.65378596024506,20.931628969430143],[-100.6541089104396,20.93158239076947],[-100.65918146451929,20.93213180471386],[-100.6593557870412,20.935299914547116],[-100.65937367173481,20.939596827249385],[-100.65947202148091,20.94180651495585],[-100.66086376182133,20.943913251296223],[-100.66125118588641,20.944178586299252],[-100.66163861128665,20.94444392032263],[-100.66165427465553,20.94531980709961],[-100.66023868824824,20.945174286709406],[-100.66012246220735,20.945259480301903],[-100.65983115113204,20.945430755038554],[-100.65948247129073,20.945686334847384],[-100.65896019443024,20.94611141230751],[-100.6585541426018,20.946451295782904],[-100.65796927666456,20.94666871303334],[-100.65726817985573,20.946971320211016],[-100.65603734520795,20.947281903960377],[-100.65527663738922,20.947543680846174],[-100.65528989622032,20.950651082921212],[-100.64951961499759,20.953745304375456],[-100.65270962649916,20.955467439995303],[-100.65091312173215,20.957079827722122],[-100.6550193559694,20.959521254447772],[-100.65691865499582,20.960368764757156],[-100.65645518714744,20.960792950560503],[-100.65616831132968,20.961214474642606],[-100.65547384613197,20.961892459232278],[-100.65471827599372,20.96244620091182],[-100.65378387073889,20.9628774710966],[-100.65342770080787,20.962715951496545],[-100.65277199695787,20.962266897122483],[-100.65253281634782,20.96206189491113],[-100.65205891900617,20.961902143507313],[-100.65158502258532,20.961742390715663],[-100.65122885745217,20.961580866163153],[-100.65054239033383,20.96053969571044],[-100.65019264300344,20.960427962026234],[-100.6490152506056,20.9600956856162],[-100.6489661569688,20.960444075783435],[-100.64775075585564,20.960218786669397],[-100.6472026801389,20.959975572250798],[-100.64734546627598,20.959584282892358],[-100.64665467257902,20.95931325413171],[-100.6457328557872,20.958938026381894],[-100.6454052358864,20.958804666211005],[-100.64517193571226,20.958709699058492],[-100.64522709155217,20.95850027000793],[-100.64516155247297,20.95812577023183],[-100.64480317745377,20.95783910352506],[-100.64444702810434,20.957677563631865],[-100.64421453812085,20.95784793144056],[-100.64406886093711,20.95793355656142],[-100.64392318358182,20.95801918156788],[-100.6441727259126,20.958808126297715],[-100.64211065493276,20.96205150351462],[-100.64119917172006,20.963775694128298],[-100.64028766871039,20.9654998809097],[-100.6380461798498,20.968085059902606],[-100.63815429920801,20.969404724699537],[-100.63882769172686,20.97098309423502],[-100.63991329282271,20.971677024728734],[-100.6409493256593,20.97291619188395],[-100.64175613695025,20.975240440068003],[-100.63888479024325,20.976034414510206],[-100.63607671920644,20.977077717993957]]]},"properties":{"seccion":206,"municipio":3,"electores":1346}},{"type":"Feature","geometry":{"type":"Polygon","coordinates":[[[-100.88589782273696,21.026428764369975],[-100.88448556234881,21.026400888125387],[-100.88324254703792,21.025792492800342],[-100.88205939464261,21.025266217001093],[-100.88093455693964,21.024698027889382],[-100.87987266862638,21.024460029736925],[-100.8785749805096,21.024182915350064],[-100.87757140608218,21.023902998568023],[-100.87633049180643,21.02345992835647],[-100.87520363237094,21.022726318912554],[-100.87436678341382,21.02165915531891],[-100.87382969524904,21.021043995927382],[-100.87288189231171,21.020515422169428],[-100.87205378753735,21.02015110973252],[-100.87151671417915,21.01953594181189],[-100.87086046803252,21.01879784877642],[-100.86985233308069,21.018145776948316],[-100.86920684916942,21.018275922939182],[-100.86856443382587,21.0186541370986],[-100.86785143132722,21.018081966598366],[-100.86725453996597,21.017384647888566],[-100.86677682650254,21.016810253017688],[-100.86577127545583,21.016364880331306],[-100.86463992371603,21.01525908566772],[-100.86362571569737,21.01411083017354],[-100.86354862149487,21.013822105252558],[-100.86347152763345,21.0135333802653],[-100.86331734093389,21.01295593009163],[-100.86283149883921,21.011719997592863],[-100.8624080508501,21.01077292702506],[-100.86192681087341,21.009909098142785],[-100.86056078098298,21.008846825442347],[-100.85837388565518,21.00799898819871],[-100.8570165358665,21.007639555640676],[-100.8558686031799,21.007567603282318],[-100.85472067094477,21.007495643092405],[-100.8523664984449,21.00739359402911],[-100.85136662120361,21.00740292881033],[-100.8480065019145,21.006814000522514],[-100.8456493068211,21.006463783255295],[-100.84387927178288,21.006025378968957],[-100.84222838963295,21.005709901384286],[-100.84092990477161,21.00534979021005],[-100.84009742047644,21.00461319712565],[-100.83937653647347,21.003379359807262],[-100.83866119768751,21.00260032295388],[-100.83818213037756,21.00190179754822],[-100.83771161350265,21.00190615063466],[-100.83814904040229,21.000631272111274],[-100.83860148915491,20.99963144507317],[-100.8391662929287,20.998340293844837],[-100.83961348311452,20.99705090144557],[-100.84017976910732,20.99584248023292],[-100.8405718914489,20.994760797288023],[-100.84107786202041,20.993470521898953],[-100.84152202514443,20.992015661340307],[-100.8416714324156,20.990523837042847],[-100.84170698856536,20.98924060468817],[-100.84167999771178,20.987751421733382],[-100.84197848956987,20.987995216057154],[-100.84263427502687,20.98848192204741],[-100.84365411338425,20.989583830303864],[-100.84485111651075,20.99072445233004],[-100.84646349404686,20.992065719271626],[-100.84818823964605,20.993115640736473],[-100.85026807028487,20.99428433906709],[-100.85193105383148,20.995169638499423],[-100.85329176421442,20.995604319644304],[-100.85251755944078,20.995078063061797],[-100.85132347527326,20.994102966120174],[-100.85054552322325,20.993369869662125],[-100.84934770543335,20.99218792681392],[-100.84802028245936,20.990345883210995],[-100.84723560461009,20.98924047424452],[-100.85134099488005,20.98859952824129],[-100.85080278033239,20.988111090638355],[-100.85035809889209,20.986297172528655],[-100.84981688855063,20.98564326682056],[-100.84921162376197,20.98470067986318],[-100.84813599236156,20.983765151732314],[-100.84747270088532,20.98286480571254],[-100.84691949997521,20.98154903118825],[-100.84659998985803,20.980146993921206],[-100.84663851212649,20.979029226825286],[-100.84680476031646,20.97846813827187],[-100.84697100742662,20.977907049613165],[-100.8472642292932,20.977861272987955],[-100.84738256939573,20.97790087474721],[-100.84802705582851,20.977767071113814],[-100.84858372496986,20.9776552720863],[-100.84914039313631,20.977543471298848],[-100.85025523012087,20.97740259651603],[-100.85125623638423,20.977470311704735],[-100.851201202399,20.977678025270873],[-100.8513798417269,20.977799472682985],[-100.85173260795973,20.97779417089628],[-100.85214416845545,20.97778798455687],[-100.85267181256305,20.977697297285562],[-100.85377309586266,20.976811812454397],[-100.85412134227569,20.976558310227542],[-100.85424194132435,20.976722004989366],[-100.85442434625519,20.977050278797904],[-100.8548984633127,20.977250030968666],[-100.85536580281065,20.977077488537084],[-100.85570726742068,20.97645169007906],[-100.8557532555829,20.975747584654126],[-100.85631331422825,20.97420819526833],[-100.85686808827114,20.97237924336415],[-100.85734143913321,20.97253762380667],[-100.85775675245677,20.972738254359786],[-100.85841025140546,20.973100803982437],[-100.85912179166776,20.973421098908023],[-100.85965846581738,20.973826781273967],[-100.86025091770057,20.97406611198504],[-100.86078382404918,20.974264961420946],[-100.8614863167383,20.97408885634459],[-100.86207197752745,20.97395588857788],[-100.86276616048887,20.973324755230085],[-100.863571878995,20.972360918404586],[-100.86402408339063,20.971361039549183],[-100.86400293257692,20.97020279923381],[-100.86374511024314,20.968965377743604],[-100.86320240385764,20.968228781503136],[-100.86260393262593,20.967658533332333],[-100.86252778040902,20.966708007518434],[-100.86280813989715,20.965958987807362],[-100.86279530649159,20.965255769519803],[-100.86258048675364,20.96476248491189],[-100.86236566854032,20.96426919990055],[-100.86137078706211,20.964532470320314],[-100.85853761432553,20.96395451680764],[-100.85842154419868,20.964039019837873],[-100.85807559373261,20.96441662622599],[-100.85778692361409,20.96471061481058],[-100.85738142744007,20.965047739477196],[-100.85685006491809,20.96493160828306],[-100.85584989590336,20.964905285810254],[-100.85514367275233,20.964874535225885],[-100.85463606182394,20.964447709789663],[-100.85412845375363,20.964020882605794],[-100.85211158394915,20.963058145530635],[-100.85074291248498,20.962168404132075],[-100.85042267235643,20.960725004489817],[-100.8503986293607,20.959401288703887],[-100.85014394822491,20.95832929994075],[-100.84983198714093,20.95734092514308],[-100.85009737513171,20.955764599228818],[-100.85083604553857,20.95434667665402],[-100.85169978719097,20.95334064702437],[-100.8520947454788,20.95242441126594],[-100.85237288284786,20.951551307309533],[-100.85258697192158,20.95038952348669],[-100.85245286898864,20.94948123524148],[-100.85219669322237,20.94832651594181],[-100.85165111804451,20.947424406846782],[-100.85151401980369,20.946350652314027],[-100.85155251793199,20.94523288326314],[-100.85244927233315,20.946046963492837],[-100.8533957972104,20.94636376151812],[-100.8570999845653,20.948531289333996],[-100.85856631694844,20.949389281495442],[-100.85915339366818,20.949339062308386],[-100.85962817895131,20.949580173925305],[-100.86039386618238,20.949651391342986],[-100.86204959638414,20.95016433577569],[-100.8629939000275,20.95035697933807],[-100.86429317004912,20.95066839193654],[-100.86517718508202,20.950779178566048],[-100.86617650148828,20.95076408746345],[-100.86693841729193,20.950628446008373],[-100.86734687684539,20.95045676554609],[-100.86786534292835,20.949869649984965],[-100.86838456100122,20.949323898835175],[-100.86914041736637,20.948857322543557],[-100.8698955125139,20.948349377538563],[-100.87036123128722,20.94809407006661],[-100.87058879426594,20.947676856172155],[-100.8708758944234,20.94730011833019],[-100.87134160820729,20.947044808519184],[-100.87210501269426,20.94699187696642],[-100.87245467423729,20.94682107517981],[-100.8729776506597,20.946482140018638],[-100.87367469633293,20.94601643569527],[-100.87454429268125,20.945341229134442],[-100.87541539665693,20.94474874981295],[-100.87628497759145,20.944073535418692],[-100.87698275952337,20.943649184595007],[-100.8777370422117,20.94309984300301],[-100.87860811999442,20.94250734914771],[-100.87871172494812,20.943049867251045],[-100.8788041839834,20.943580176078093],[-100.87894222968882,20.944695260035605],[-100.87925206769611,20.945559474144794],[-100.87944510630862,20.946466837491283],[-100.87960192596255,20.947002357501756],[-100.87975874688408,20.947537877251772],[-100.88006631923415,20.94827799250649],[-100.88037161709568,20.948894010648356],[-100.88062724755036,20.950007305793424],[-100.88064319441675,20.95087597937689],[-100.88076683548732,20.951205116815398],[-100.88095609571499,20.951905649675158],[-100.88096520987077,20.95240203437925],[-100.8813873287242,20.952974898000427],[-100.88174990728959,20.953507288272085],[-100.88234990439904,20.954160199546543],[-100.88323926690285,20.95456044717661],[-100.88346984197797,20.954308679617306],[-100.88457380936256,20.953588481042537],[-100.88503951524773,20.953333134263744],[-100.88533115114357,20.953204565895106],[-100.88567928751516,20.95295100659706],[-100.88614575033557,20.952737022329014],[-100.88650453890664,20.953062575023782],[-100.88668621712725,20.953349446764165],[-100.88734349466677,20.953918713388102],[-100.88764274335091,20.954203793286894],[-100.88795341579579,20.955109350596427],[-100.88847942705533,20.954935829401375],[-100.88906726829372,20.95492687148909],[-100.88942378251846,20.95512832158875],[-100.88995893660976,20.955451177769078],[-100.89057854746166,20.95563162732473],[-100.89079896989536,20.955697939576215],[-100.89102568879096,20.956265123259755],[-100.89155865700509,20.95623956594616],[-100.89162801498159,20.95593430257873],[-100.89393774143373,20.95583990285996],[-100.8947837805782,20.956245452618866],[-100.8949120768388,20.95620312474899],[-100.89537853403283,20.95598911551491],[-100.89613585565276,20.95560515362455],[-100.89714588231912,20.956168988271845],[-100.89798032706045,20.956776878397626],[-100.89850117386197,20.95737596588022],[-100.8987613455865,20.9576752175912],[-100.89936219435191,20.958369426673205],[-100.89996457862897,20.95914636290968],[-100.90080134669655,20.959878331449435],[-100.90133653992773,20.960201148571866],[-100.90180988760982,20.96035940500058],[-100.90228093935882,20.960393565607056],[-100.90234738144346,20.960806313059926],[-100.90247490713945,20.961342254152903],[-100.902429137639,20.96204635643924],[-100.90250017563542,20.96270729243146],[-100.90275063857173,20.963530984947468],[-100.90294155141238,20.964314213000925],[-100.90294614685594,20.964562401636897],[-100.90289578441005,20.96501831508274],[-100.90284159224379,20.96526740466111],[-100.90291186884797,20.965886975224112],[-100.90298980609725,20.966920193273925],[-100.90258977628892,20.967546971623243],[-100.9022431713689,20.967883295017774],[-100.9018324161008,20.96793096503124],[-100.90137129312944,20.968434547336695],[-100.90078569981932,20.968567646084892],[-100.9002001053077,20.968700742896715],[-100.8997343833844,20.968956132348833],[-100.89971034484599,20.969246136163036],[-100.89968630626288,20.969536139971517],[-100.90022306422853,20.96994168743921],[-100.90070256624784,20.970430862946074],[-100.90123856446249,20.970795041932565],[-100.902010491026,20.971196980604144],[-100.9024273827479,20.971480227514522],[-100.90302830805095,20.97217441709324],[-100.90368266514457,20.972578149631467],[-100.90404077314216,20.97286229346687],[-100.90427976805759,20.973065510441426],[-100.90451953021112,20.9733100917149],[-100.90441651371557,20.97409782429664],[-100.9046112866334,20.975087871262676],[-100.90445024512047,20.975917870305267],[-100.90422964350091,20.976707406353935],[-100.90413045775338,20.97770196214228],[-100.90421454990314,20.979066094517904],[-100.90425046330503,20.979417243258354],[-100.90426918680635,20.97963418227902],[-100.90428791038879,20.97985112128837],[-100.90437500412075,20.980531088121335],[-100.9044254331135,20.98092479853651],[-100.90467747916587,20.98183121271224],[-100.90504404947134,20.982570363263275],[-100.90463095522266,20.982493949039267],[-100.90380016778785,20.982092929511705],[-100.90344816909854,20.98213970448851],[-100.90311149966766,20.9830137723175],[-100.90312836281186,20.983923795133215],[-100.90278938900435,20.984673768577476],[-100.90268329493831,20.98529604170769],[-100.9023389517853,20.985756461789066],[-100.90199613913742,20.986299610687826],[-100.90276968373966,20.986784268326936],[-100.90312475994547,20.986902952556637],[-100.90360126265301,20.987226655546323],[-100.9038387479395,20.987347141841955],[-100.9041426989657,20.98788037199633],[-100.90451005112853,20.988660886888052],[-100.90463454831497,20.9890313638821],[-100.90523402588661,20.98964280899467],[-100.90576319970708,20.9896346856911],[-100.9061755467335,20.989669730995974],[-100.90646876449017,20.989623852066565],[-100.90712167421466,20.989944834999317],[-100.90759896273607,20.990309889815723],[-100.90843057427489,20.99075225068106],[-100.90872840266852,20.990954554722666],[-100.90926680102818,20.991442793948185],[-100.90998543958875,20.992135140928482],[-100.91057034330574,20.991960640032477],[-100.91063606055395,20.992332015555576],[-100.910646824343,20.992911117651484],[-100.9104873437918,20.993823848540593],[-100.91044545958894,20.994734770479266],[-100.91028828332406,20.995771594524417],[-100.91012803021445,20.996642960759118],[-100.9100969083153,20.99813298448076],[-100.9101764685286,20.999248919309586],[-100.91019030907759,20.99999347873085],[-100.9103202146347,21.000653500141578],[-100.9096935821504,21.005442693279296],[-100.90899043075675,21.00565624112201],[-100.90834452417045,21.005745185034755],[-100.90781363369749,21.00562626873423],[-100.90745344303028,21.005050859545698],[-100.90685852374877,21.00451906584091],[-100.90620949018953,21.004359935837055],[-100.90556358655581,21.00444886889963],[-100.90462100878806,21.004333914594202],[-100.90344369951121,21.004262566780493],[-100.90261770895458,21.004063778760987],[-100.9017911998575,21.003823642190085],[-100.90325271931403,21.00777910143125],[-100.9022544301631,21.007912768384905],[-100.90137324817188,21.008003952826723],[-100.9006050129307,21.007721901487116],[-100.90001842472297,21.00785159322985],[-100.89937925870314,21.00847798143669],[-100.89868179163162,21.009146277365872],[-100.89856104279801,21.008899341472063],[-100.89820399425632,21.008571977381305],[-100.89773139467609,21.008411120188043],[-100.89720621210475,21.00874695988126],[-100.8969490716742,21.009348996002885],[-100.89452360928695,21.009350980123806],[-100.89254178225337,21.009701378834396],[-100.89250639814938,21.009246898248303],[-100.8922058650447,21.008712206559792],[-100.89208668047343,21.008589298955123],[-100.89102230893938,21.00814463973388],[-100.89002296572853,21.008195546632056],[-100.88848963082796,21.007879402625786],[-100.88719362805061,21.007726377983534],[-100.8857815448747,21.00769849916338],[-100.8846078172449,21.007916435596943],[-100.88390873470284,21.008460641442518],[-100.88361981165589,21.00887689003973],[-100.88333088706149,21.009293138247678],[-100.88304814581744,21.01020552351728],[-100.88370595359766,21.01106760282689],[-100.88466249737891,21.01229897898365],[-100.8853879161121,21.013863349753642],[-100.88575992483428,21.015389738017838],[-100.88577541449658,21.016630078815364],[-100.88567481574964,21.017995575715805],[-100.88586934850728,21.019440956044086],[-100.88677438225268,21.02125170010834],[-100.8880390897823,21.0235965451465],[-100.88829299630267,21.025082701980182],[-100.88589782273696,21.026428764369975]]]},"properties":{"seccion":203,"municipio":3,"electores":766}},{"type":"Feature","geometry":{"type":"Polygon","coordinates":[[[-100.92850125014644,20.99470433340783],[-100.92743050511535,20.994058898454135],[-100.92618414863949,20.993457549649385],[-100.92534938504045,20.992849824646143],[-100.92409686578947,20.991917546360106],[-100.92308263863299,20.991147079426224],[-100.9223662656182,20.990578884401593],[-100.92170252015234,20.989678864403913],[-100.92092119050021,20.988780656925325],[-100.92041332286374,20.988354049073696],[-100.919905458088,20.987927439463817],[-100.9188263159304,20.98682693657254],[-100.91769995345665,20.98634779648144],[-100.91644984529637,20.98553954634655],[-100.91549141441855,20.984602663668014],[-100.91430243536037,20.983917582838053],[-100.9124721126707,20.983531997909523],[-100.91075784929016,20.98306185522009],[-100.90975219881018,20.982746307766867],[-100.90891679001331,20.982097127212704],[-100.90743388880769,20.98141651175411],[-100.90624420083884,20.980690005037292],[-100.90523090392375,20.979960782533045],[-100.90425046330503,20.979417243258354],[-100.90421454990314,20.979066094517904],[-100.90413045775338,20.97770196214228],[-100.90422964350091,20.976707406353935],[-100.90445024512047,20.975917870305267],[-100.9046112866334,20.975087871262676],[-100.90441651371557,20.97409782429664],[-100.90451953021112,20.9733100917149],[-100.90427976805759,20.973065510441426],[-100.90404077314216,20.97286229346687],[-100.90368266514457,20.972578149631467],[-100.90302830805095,20.97217441709324],[-100.9024273827479,20.971480227514522],[-100.902010491026,20.971196980604144],[-100.90123856446249,20.970795041932565],[-100.90070256624784,20.970430862946074],[-100.90022306422853,20.96994168743921],[-100.89968630626288,20.969536139971517],[-100.89971034484599,20.969246136163036],[-100.8997343833844,20.968956132348833],[-100.9002001053077,20.968700742896715],[-100.90078569981932,20.968567646084892],[-100.90137129312944,20.968434547336695],[-100.9018324161008,20.96793096503124],[-100.9022431713689,20.967883295017774],[-100.90258977628892,20.967546971623243],[-100.90298980609725,20.966920193273925],[-100.90291186884797,20.965886975224112],[-100.90284159224379,20.96526740466111],[-100.90289578441005,20.96501831508274],[-100.90294614685594,20.964562401636897],[-100.90294155141238,20.964314213000925],[-100.90275063857173,20.963530984947468],[-100.90250017563542,20.96270729243146],[-100.902429137639,20.96204635643924],[-100.90247490713945,20.961342254152903],[-100.90234738144346,20.960806313059926],[-100.90228093935882,20.960393565607056],[-100.90180988760982,20.96035940500058],[-100.90133653992773,20.960201148571866],[-100.90080134669655,20.959878331449435],[-100.89996457862897,20.95914636290968],[-100.89936219435191,20.958369426673205],[-100.8987613455865,20.9576752175912],[-100.89850117386197,20.95737596588022],[-100.89798032706045,20.956776878397626],[-100.89714588231912,20.956168988271845],[-100.89613585565276,20.95560515362455],[-100.89537853403283,20.95598911551491],[-100.8949120768388,20.95620312474899],[-100.8947837805782,20.956245452618866],[-100.89393774143373,20.95583990285996],[-100.89162801498159,20.95593430257873],[-100.89155865700509,20.95623956594616],[-100.89102568879096,20.956265123259755],[-100.89079896989536,20.955697939576215],[-100.89057854746166,20.95563162732473],[-100.88995893660976,20.955451177769078],[-100.88942378251846,20.95512832158875],[-100.88906726829372,20.95492687148909],[-100.88847942705533,20.954935829401375],[-100.88795341579579,20.955109350596427],[-100.88764274335091,20.954203793286894],[-100.88734349466677,20.953918713388102],[-100.88668621712725,20.953349446764165],[-100.88650453890664,20.953062575023782],[-100.88614575033557,20.952737022329014],[-100.88567928751516,20.95295100659706],[-100.88533115114357,20.953204565895106],[-100.88503951524773,20.953333134263744],[-100.88457380936256,20.953588481042537],[-100.88346984197797,20.954308679617306],[-100.88323926690285,20.95456044717661],[-100.88234990439904,20.954160199546543],[-100.88174990728959,20.953507288272085],[-100.8813873287242,20.952974898000427],[-100.88096520987077,20.95240203437925],[-100.88095609571499,20.951905649675158],[-100.88076683548732,20.951205116815398],[-100.88064319441675,20.95087597937689],[-100.88062724755036,20.950007305793424],[-100.88037161709568,20.948894010648356],[-100.88006631923415,20.94827799250649],[-100.87975874688408,20.947537877251772],[-100.87960192596255,20.947002357501756],[-100.87944510630862,20.946466837491283],[-100.87925206769611,20.945559474144794],[-100.87894222968882,20.944695260035605],[-100.8788041839834,20.943580176078093],[-100.87871172494812,20.943049867251045],[-100.87860811999442,20.94250734914771],[-100.8785463060691,20.942342779055895],[-100.87851388204803,20.94217776299037],[-100.87848145811303,20.942012746910272],[-100.87835403870307,20.941476778977936],[-100.87832085668023,20.94127039731742],[-100.87828767477207,20.94106401563876],[-100.87798467884765,20.9405720879589],[-100.87768168499608,20.94008015956409],[-100.87782370282252,20.93980905471186],[-100.87796572016892,20.93953794977175],[-100.87872149661577,20.939071336435767],[-100.87971389809005,20.93868388246832],[-100.88082309079826,20.938253272545772],[-100.88239870061382,20.93760868464397],[-100.88380404296213,20.93729768704984],[-100.88468114333621,20.937036089158692],[-100.88615254768048,20.93630766130581],[-100.88683688423224,20.935968869735465],[-100.8874781029594,20.935669471154064],[-100.88842690114626,20.936110170282994],[-100.88924825332892,20.936014906164747],[-100.89112682175217,20.935862147527484],[-100.89282676827145,20.935587962909164],[-100.89488241612622,20.935473838785015],[-100.89640449326842,20.935119580996606],[-100.89751436703216,20.934730233019778],[-100.89868530185899,20.934464074749744],[-100.89935778495902,20.934267596978632],[-100.90003026609592,20.93407111668549],[-100.90313618756763,20.93352705967189],[-100.90389796989284,20.933391261933764],[-100.90465975055866,20.933255460895886],[-100.90717635124325,20.93263760814278],[-100.9079464080836,20.93248982515119],[-100.90833807679076,20.93241465788301],[-100.90998833420588,20.932097937482613],[-100.91204467112354,20.932024975791876],[-100.91386667483793,20.93199696926673],[-100.91498953183743,20.9323107113802],[-100.91572766929917,20.932485548706683],[-100.91646580821434,20.932660382702583],[-100.91770776134297,20.933055025821407],[-100.9193572952669,20.9332364975504],[-100.91989550215243,20.93372471954985],[-100.92093021922906,20.9340397793278],[-100.92196494014546,20.934354832481436],[-100.92362528012652,20.93511536295606],[-100.92516114448553,20.93550541234713],[-100.92634204914371,20.935776803662552],[-100.9269274870188,20.93564362818217],[-100.92751292369157,20.935510450770163],[-100.92851132881522,20.935453638204024],[-100.92997529797165,20.93514135997762],[-100.93035841952033,20.934927089716055],[-100.93096442555547,20.934588162861434],[-100.9319519995671,20.933952232182698],[-100.93282047035562,20.93323538873747],[-100.93357138525846,20.932520362590573],[-100.93473293349815,20.931757593536638],[-100.9352487393254,20.93104620461345],[-100.93646516955867,20.93007569369247],[-100.93703973408465,20.92936338885002],[-100.9376715166105,20.9285674424956],[-100.93836283892429,20.927811946253087],[-100.93911525007117,20.927179627487938],[-100.93993030084356,20.926753213348157],[-100.9402798282754,20.92658228162854],[-100.94062935486741,20.92641134925143],[-100.94156581555818,20.926189922183344],[-100.94227339420814,20.926303055302412],[-100.94320674766075,20.925916163745395],[-100.94390501331975,20.925532923165314],[-100.94436431263445,20.924946516805143],[-100.94452354838027,20.92403376885345],[-100.94515061129079,20.922989615817098],[-100.94549468890071,20.922529127300336],[-100.94601740167379,20.922189986402795],[-100.94631047147875,20.92214404970755],[-100.94690049411726,20.922258994090047],[-100.94778280998067,20.922286633317373],[-100.94836506242392,20.92198793437549],[-100.94877644618879,20.9219815266598],[-100.9492520405909,20.922263748855336],[-100.94984750795325,20.922668229237495],[-100.95038420896026,20.923073623327063],[-100.95115676915127,20.92351671408365],[-100.95186511687865,20.92367117158362],[-100.95251625279106,20.923909270222836],[-100.95304907251881,20.9241078365611],[-100.9538741852153,20.92421908764212],[-100.95440233432193,20.924169467655272],[-100.95510133874392,20.923827547671745],[-100.9554477231897,20.923491132223504],[-100.95585053772363,20.923029707433415],[-100.95629130701896,20.92302282243342],[-100.95673207617241,20.92301593629789],[-100.9575038724812,20.923417633298005],[-100.95809546499419,20.92361526498308],[-100.95862906945516,20.923855176936893],[-100.95916111518383,20.924012360045],[-100.95969394219829,20.92421090490674],[-100.95999325276847,20.924495852704617],[-100.9603536757653,20.924903970811513],[-100.96118582184226,20.925387456914784],[-100.96142090170594,20.925383777424653],[-100.96188559472029,20.92508687339046],[-100.96211286407454,20.9246695586101],[-100.96245610907788,20.924167676316404],[-100.96268962459493,20.92408126837778],[-100.96350614526207,20.923737474830276],[-100.96432656971224,20.923600494582242],[-100.9652088886079,20.9236280428055],[-100.96580048969264,20.923825646900703],[-100.96644616849845,20.92377414726169],[-100.96697196156376,20.923600398854738],[-100.96749697086257,20.923385285617783],[-100.96860183979452,20.92274731595916],[-100.96913075770074,20.922739014420817],[-100.96988926846387,20.922437477721346],[-100.97053180567059,20.922220510270787],[-100.97053886573104,20.922264259891694],[-100.97056510603666,20.922426864926546],[-100.97059840651883,20.922633219563973],[-100.9706081037153,20.92314531799663],[-100.9706140718716,20.92346048400283],[-100.97080761209367,20.924367705538355],[-100.9705341317949,20.92544776442762],[-100.97013527569081,20.92611603682034],[-100.96996679779988,20.926532437756908],[-100.96968312793673,20.927074773908345],[-100.96980928348493,20.927527923693578],[-100.96999734356406,20.928145603222454],[-100.96983356285409,20.928810183426073],[-100.96960787696045,20.929310233538796],[-100.96932185206389,20.92972847977794],[-100.96909694637564,20.930269892632705],[-100.96886969015249,20.930687215598535],[-100.96863656051406,20.930794314083265],[-100.9684034305221,20.930901412274327],[-100.96822320071966,20.93069736340888],[-100.96816834308797,20.930905102054492],[-100.96816912592234,20.930946465301577],[-100.96827647780907,20.931127631196443],[-100.96841204248835,20.93135640791142],[-100.96850030603973,20.93144640282543],[-100.96853193538949,20.931478652571297],[-100.96883127697936,20.931763582164955],[-100.96948873593526,20.93233251658661],[-100.96990797605702,20.93273968770305],[-100.97021437392407,20.93339688307282],[-100.97081150506133,20.933884008173955],[-100.97108107742103,20.934148713148385],[-100.97135065073256,20.934413417613804],[-100.9715935820006,20.934823354404063],[-100.97095334569288,20.93516441915796],[-100.97031075566422,20.935381392220965],[-100.96990247467626,20.935553307401705],[-100.96955688318414,20.93593111458628],[-100.97015088903062,20.936252788554075],[-100.97051136865106,20.936660880257495],[-100.9706955277451,20.937071741510323],[-100.97094473262393,20.937812584038895],[-100.9709572736416,20.93847439424304],[-100.97114300435331,20.93896798091722],[-100.97051293863512,20.93984676615274],[-100.9699886627796,20.940103255646275],[-100.96982800810284,20.940933288615692],[-100.96943224785892,20.941767014358458],[-100.9693280149951,20.94247203440392],[-100.9692261319214,20.94330114388203],[-100.96819399817508,20.944682742321646],[-100.96744398888856,20.94543927503798],[-100.96657876489851,20.94632173932186],[-100.96519078596776,20.947543403616034],[-100.96449874385604,20.948257640274996],[-100.96386782087569,20.949095042927866],[-100.96254482899663,20.950646673858788],[-100.96155573346843,20.95120005241366],[-100.96062697337803,20.951835232012083],[-100.959755423486,20.952386760237705],[-100.95876630537164,20.95294012420578],[-100.95684526679467,20.953963190466787],[-100.95544387578875,20.954481607378874],[-100.9545057103062,20.954620395217688],[-100.9533402105602,20.955176485471654],[-100.95282753998058,20.956053381123027],[-100.9510749761232,20.95665999882194],[-100.95019790969725,20.956921937722175],[-100.94914371301367,20.95714525879419],[-100.94809495943406,20.957658119072786],[-100.94681339847945,20.958298728145913],[-100.94563384388309,20.95811022340334],[-100.94463608161658,20.95820851107082],[-100.94341328281186,20.95884818087825],[-100.94292061206528,20.959228229320043],[-100.94242793878627,20.959608276515493],[-100.94149748706519,20.960160634056315],[-100.94057168509472,20.96096116993992],[-100.93951666517361,20.961143070825557],[-100.93856835338384,20.960744044917107],[-100.93737793110837,20.959976389133473],[-100.93695636411995,20.959445046506552],[-100.93653480018571,20.958913702573177],[-100.93588585211866,20.95879964553477],[-100.93523690482617,20.958685585946128],[-100.93471094738157,20.95885924828036],[-100.93389029386731,20.958996102632614],[-100.93294433025243,20.95872113518265],[-100.93217317395775,20.958360701639453],[-100.93145771070016,20.95783389743552],[-100.93058755442055,20.95846801534024],[-100.93024490254089,20.959011210095216],[-100.92996103274373,20.959553494208855],[-100.92968257296043,20.960385326720242],[-100.92969648967723,20.96112988058381],[-100.9297316810413,20.961439656291393],[-100.92976687260588,20.96174943196995],[-100.93007007861343,20.962241250163842],[-100.93030908739577,20.962444429438744],[-100.93096269042145,20.962806691149456],[-100.93156679557916,20.963666229386263],[-100.93187697632204,20.964530319777236],[-100.93218638704668,20.96535304522806],[-100.93266596932507,20.965842124099453],[-100.93314710327842,20.96641392932383],[-100.93398251324395,20.96706299076449],[-100.9344079673658,20.967801159194305],[-100.93476766517718,20.96816796283215],[-100.93507012670791,20.968618405573302],[-100.93525346433997,20.968987944286514],[-100.93497037253321,20.969571600131903],[-100.93468495428947,20.97003116385695],[-100.93411411280798,20.97095029020856],[-100.93353939200288,20.97166259535045],[-100.93284708717678,20.972376721968192],[-100.93250906228312,20.973168106076372],[-100.93246188688141,20.973789477006534],[-100.93236521266977,20.97490812689978],[-100.93255861978253,20.975815399613747],[-100.93291988332076,20.976264933579795],[-100.93328114907273,20.976714466589005],[-100.93352793340638,20.977331278136056],[-100.93264993645235,20.977551773911944],[-100.93237224174774,20.97842497454144],[-100.93251305902939,20.97966406964492],[-100.93252699993909,20.980408620461777],[-100.93259741046091,20.981028167750086],[-100.93289834583457,20.981395884365735],[-100.9327954778643,20.982183622368083],[-100.9329858019266,20.98292543730456],[-100.9325773459653,20.98309727557955],[-100.93228802531789,20.983350017551103],[-100.93229809430886,20.983887748541115],[-100.93184942751546,20.985053231233447],[-100.9316924051532,20.986090063982846],[-100.93141391891801,20.986921899951557],[-100.93154002785744,20.98737508017908],[-100.93155164463099,20.987995539000195],[-100.93162283197309,20.988656450122335],[-100.93116098397898,20.98911874524984],[-100.93081904838944,20.989703308504094],[-100.93082446859997,20.98999285600971],[-100.93048485268528,20.990701510589396],[-100.93020790166457,20.991616073210988],[-100.93027598931565,20.992111529228215],[-100.93058081561597,20.99268606782719],[-100.92850125014644,20.99470433340783]]]},"properties":{"seccion":204,"municipio":3,"electores":784}},{"type":"Feature","geometry":{"type":"Polygon","coordinates":[[[-100.59246646744019,20.958282295206075],[-100.59267866316252,20.956944103528198],[-100.59277167246026,20.955524220661168],[-100.5930456358989,20.954352005230163],[-100.59326509489112,20.953430916808703],[-100.59354705108612,20.952717515044803],[-100.59365605124853,20.952215260242102],[-100.59368148310513,20.951985420570256],[-100.59370691490923,20.95175558089373],[-100.59240465654986,20.951357504266966],[-100.59157330765973,20.950952503043048],[-100.59097523471868,20.95041890970787],[-100.59056246940763,20.950383247695363],[-100.59038442873,20.950302418647315],[-100.59020275711231,20.950013037043412],[-100.590256536049,20.94972019987435],[-100.59013300160925,20.949388243767782],[-100.5899527839471,20.949182282728238],[-100.58930166929946,20.94898323028838],[-100.58853428339515,20.94886932282103],[-100.58788389716248,20.948711975279434],[-100.58729745189349,20.948845736155715],[-100.5867102802166,20.94893778452519],[-100.58636000716868,20.94910980216912],[-100.58600683312535,20.949114976868476],[-100.58529903512712,20.949041902908146],[-100.58465227391633,20.949093095853843],[-100.58441682437928,20.949096543376783],[-100.58430054872693,20.94918168822842],[-100.58418789563461,20.949475386044554],[-100.58401782848125,20.949853366750908],[-100.58372786153016,20.950107938789664],[-100.5834909615655,20.95002796390012],[-100.58325261324461,20.9498645674145],[-100.58307240385898,20.94965859854806],[-100.58283405656466,20.949495201404332],[-100.58247870876538,20.949375236931342],[-100.58212480941802,20.94933869298541],[-100.58141701108211,20.949265602856492],[-100.58100497320416,20.949271628027432],[-100.58059076460314,20.949152520144487],[-100.58035459100381,20.949114251377626],[-100.58017438633803,20.948908279120772],[-100.58011046012264,20.94861716458681],[-100.58010684318145,20.94840861108285],[-100.58004508746315,20.948242628596944],[-100.57934091055681,20.948378083026473],[-100.57923114063779,20.948838621044466],[-100.57923692590349,20.949172306783954],[-100.57924343442168,20.949547703223683],[-100.57919108016895,20.94992395971352],[-100.57919614238254,20.950215934704467],[-100.5789628597651,20.950344506961954],[-100.57854937240776,20.950267104942785],[-100.57801888223777,20.950233131992043],[-100.57760684098538,20.950239149125963],[-100.57778848964496,20.95052854567113],[-100.57791127576982,20.950818801617938],[-100.57792211845945,20.951444462651157],[-100.57793440717617,20.952153545094415],[-100.57793874445531,20.952403809470596],[-100.57723743659409,20.952706099464056],[-100.57661097295147,20.952874522331864],[-100.57641695247617,20.95292668361926],[-100.57547801498367,20.953107270948696],[-100.57477669827148,20.953409551315104],[-100.57374023556936,20.95475974920294],[-100.57291468325965,20.95468834172472],[-100.57249541444492,20.954277238934818],[-100.57173089336226,20.95433010020293],[-100.5709089486029,20.95446723713998],[-100.57014226316791,20.954394958722705],[-100.56949186682237,20.954237541401],[-100.56872086056511,20.95391499096383],[-100.56824274017855,20.953504733342385],[-100.5673496912534,20.952933623238952],[-100.56927924678233,20.95215456612092],[-100.56968913327918,20.952023436034544],[-100.57021314318762,20.951682036523824],[-100.57114775443901,20.951251213038102],[-100.57220008693234,20.950818669448218],[-100.57290211931837,20.95055811087862],[-100.57354600752333,20.950340118529297],[-100.57342034376379,20.94988301550669],[-100.5726551241681,20.949894168660567],[-100.57170970946892,20.949699336526418],[-100.57041039830723,20.949467930565497],[-100.56940828676179,20.94939907508756],[-100.5685842050453,20.949411066493553],[-100.56776300288556,20.949589897783163],[-100.56717581155314,20.94968187980439],[-100.56629286416627,20.94969471614101],[-100.56563817505449,20.949287016446426],[-100.56527636526708,20.948791616037894],[-100.56455922463842,20.948176211760938],[-100.56414359136514,20.947973640791723],[-100.5637279591583,20.947771068734184],[-100.56301514130176,20.947405923641618],[-100.56224705653389,20.947250184968873],[-100.56195130814079,20.947171033252744],[-100.55984159397703,20.947744010613086],[-100.55931254803124,20.947793400924855],[-100.55866434139715,20.94776107317213],[-100.55801828662442,20.947853876489972],[-100.55760983334834,20.948068400885973],[-100.55714179893876,20.948242065593742],[-100.55625813866469,20.94821313826862],[-100.55537591146879,20.948267628820016],[-100.55460997665588,20.948236989294116],[-100.55408235847027,20.94836978611768],[-100.55361360233879,20.948501730173554],[-100.55302353954266,20.948426818594587],[-100.55266821366638,20.948306790315065],[-100.55118018356528,20.94736869512406],[-100.55028294064839,20.94654722076352],[-100.54950843571598,20.946016021241892],[-100.54819989066416,20.94524219356723],[-100.54731124693697,20.944921238685055],[-100.54659705002935,20.944472598615395],[-100.54576727542064,20.94415078647718],[-100.54469920413736,20.9436655163262],[-100.54363755783966,20.943555642669054],[-100.54310637859045,20.943479847562227],[-100.54263263542306,20.94331978041249],[-100.54198159643086,20.9431205416017],[-100.54156814184822,20.94304304739691],[-100.5407462202325,20.94318003695081],[-100.5399250089851,20.943358734228397],[-100.53898251296657,20.94333056170956],[-100.5380995900898,20.94334324987891],[-100.53763296671106,20.943600284895403],[-100.53746065050079,20.943853091390466],[-100.53681317102533,20.943862390859902],[-100.53651672848311,20.943741482084896],[-100.53622028638796,20.94362057276355],[-100.53562527070831,20.94325361742183],[-100.53544513151118,20.943047593486064],[-100.53497210714534,20.94292921615831],[-100.53467851043074,20.942975150800685],[-100.53443951139498,20.94276997021779],[-100.53384024058369,20.942152737773096],[-100.53309963157389,20.94149872373124],[-100.53300340026469,20.941413743487285],[-100.53066703926436,20.940779673750065],[-100.52833069590241,20.940145570747845],[-100.52797398864034,20.939942064739572],[-100.52755842186495,20.939739399935956],[-100.52708541275447,20.93962099966608],[-100.52614364586766,20.93963446649069],[-100.52508628130168,20.93977474624968],[-100.52420549616636,20.939912497104853],[-100.52285523816339,20.940140391225285],[-100.52219999127334,20.939690802447853],[-100.52155252470656,20.93970004293741],[-100.52072494234024,20.93950323990776],[-100.52019731699893,20.939635931970283],[-100.51954349242537,20.93926975643097],[-100.51871520825546,20.939031231271716],[-100.51783018382332,20.938918676818062],[-100.51735718311691,20.938800248930377],[-100.5159247830263,20.937652426649187],[-100.51578378812954,20.936277601940752],[-100.51570729742284,20.935235636149006],[-100.51580526844775,20.934066020306638],[-100.5157280745862,20.93298234204509],[-100.51582957114249,20.9320212868052],[-100.51605301302354,20.931308828829657],[-100.51564171564576,20.93135640536504],[-100.51557298671379,20.930773272641545],[-100.5154468114832,20.930274401789237],[-100.51484766720249,20.929657093922682],[-100.51430174695464,20.928705248758305],[-100.5135295671776,20.92829900800421],[-100.5130439251431,20.92742974546042],[-100.51273908144266,20.926808244977583],[-100.51231371287487,20.92602156758819],[-100.51212869799205,20.925523529515026],[-100.51182808586815,20.925152300485365],[-100.51141469170676,20.92507472905864],[-100.51093751703972,20.924706006436114],[-100.51064042735881,20.924543336541024],[-100.51046667644846,20.92471269313235],[-100.50983193102861,20.92547270703312],[-100.50919225679276,20.925940732579456],[-100.50861143431608,20.9264079207979],[-100.5079661290677,20.92654224336222],[-100.50714214669375,20.926553930504237],[-100.50667551463933,20.92681088137332],[-100.50632729562977,20.92710787471192],[-100.50592162365831,20.927489126461982],[-100.50545639094875,20.927829499069862],[-100.50463380450549,20.927924599364815],[-100.50381262030285,20.92810312062371],[-100.5031091472807,20.92827997147526],[-100.50235382947771,20.928874777192437],[-100.50223962238512,20.929085005579662],[-100.50159710325366,20.929386154940424],[-100.50083266090677,20.929438692247164],[-100.49983138736042,20.92941113012128],[-100.49818338420415,20.92943442383573],[-100.49777208330103,20.92948195733464],[-100.49707209489527,20.929867346900252],[-100.4962550871966,20.93029610839214],[-100.49578982259999,20.9306364563779],[-100.49532595485694,20.931060228399815],[-100.49474296944379,20.931402235121734],[-100.49368631858152,20.93158403126041],[-100.49262547215619,20.931515545112546],[-100.49091788352898,20.93149788717655],[-100.49009177294742,20.931384355590097],[-100.48891181602322,20.931234078460573],[-100.48814456598923,20.93111970877548],[-100.4873163668473,20.930881025219545],[-100.48672499666152,20.93072245233954],[-100.48601869908491,20.93073238347021],[-100.48520025840014,20.93107766854964],[-100.48497109489294,20.931456392463172],[-100.48433270584792,20.93200775630825],[-100.48392835502884,20.932472385342912],[-100.483289261635,20.932982032873213],[-100.48247845791332,20.933786147214374],[-100.4804559315671,20.93606755185902],[-100.47670327924477,20.933449899905856],[-100.47698368721005,20.93261151873768],[-100.47696702057495,20.93161040747206],[-100.47653626320721,20.930489927033637],[-100.47605429025631,20.929829112009262],[-100.47599265571127,20.929663084011178],[-100.4759618384938,20.92958006999958],[-100.47593102131295,20.929497055979528],[-100.47663245659598,20.929195175980585],[-100.47710158301769,20.92908429926115],[-100.47757070866724,20.928973421291637],[-100.47897842844117,20.92866163635519],[-100.4803217220432,20.92801696224561],[-100.4809608062971,20.92750732620227],[-100.48159988618106,20.92699768799397],[-100.48270285546751,20.926064309595017],[-100.48391795344705,20.924795568687315],[-100.48524934874293,20.923441740445003],[-100.48599008249481,20.921971038174437],[-100.48875233838946,20.918177155658746],[-100.4883964302663,20.91801527280906],[-100.4875108452628,20.917860839169926],[-100.4867401806268,20.917537894665564],[-100.48614329118286,20.917045613536764],[-100.48531308426072,20.916681776442328],[-100.48448845038202,20.916651638198655],[-100.48501394670653,20.916393920529263],[-100.48542521827768,20.916346419610687],[-100.48595628422896,20.916422402118297],[-100.48637034213125,20.91654175035936],[-100.48684325325597,20.916660270136575],[-100.48719706589402,20.916697018034736],[-100.48760833724086,20.91664951184994],[-100.4878395651194,20.916395923979024],[-100.48777234792527,20.915896197815492],[-100.48729177266026,20.91531883926704],[-100.48669698101568,20.914951698090388],[-100.48622477202952,20.914874890422116],[-100.4856320738413,20.914632883885343],[-100.48527617725645,20.9144709937631],[-100.48491680028506,20.91410053837332],[-100.48467303976011,20.913603290209256],[-100.48558767510933,20.91373647041307],[-100.48650231175041,20.91386964561811],[-100.48991525686154,20.910275214648014],[-100.48950260907861,20.910239299696634],[-100.48867591956912,20.910084041089974],[-100.48796484055234,20.909801984536518],[-100.48773083465233,20.90988872071357],[-100.4870288152265,20.91014892741223],[-100.48609626761484,20.910704429847026],[-100.48479807942967,20.910514055091873],[-100.48483901884015,20.90859066567775],[-100.4848556622607,20.907808743253746],[-100.48490441802879,20.905518182016824],[-100.48493963949912,20.903863491651155],[-100.48495317467454,20.903227620260978],[-100.48501655650439,20.903226958374567],[-100.49005200911373,20.903893636551317],[-100.49116483549994,20.904040950268705],[-100.4912278694637,20.904290398526687],[-100.49229899392972,20.904984596990925],[-100.49337152473724,20.905762213614768],[-100.49479715714475,20.906534843545682],[-100.49633280970569,20.906846960067266],[-100.49804571320747,20.907198281942712],[-100.49945807931378,20.907178330551048],[-100.50115487924285,20.906570230732704],[-100.50256092905803,20.906174840890987],[-100.50379042710762,20.9057819390216],[-100.50471515745231,20.904767507590254],[-100.50544127815955,20.90419397072323],[-100.50616739328137,20.903620431067292],[-100.50720627707206,20.902395757658283],[-100.50801256956389,20.90134126628086],[-100.50892740940837,20.899742840325843],[-100.50903526460358,20.899157196470536],[-100.50992005006084,20.899269811670777],[-100.51039573179241,20.899555118374977],[-100.5111705640825,20.900128233792362],[-100.51200846820089,20.900950783982857],[-100.51225299636386,20.90148970201269],[-100.51249752638316,20.90202861955308],[-100.51256164939416,20.902340626475187],[-100.5126257727134,20.90265263334614],[-100.51216485014388,20.903243293897344],[-100.51170040714612,20.90362539143404],[-100.51135295244828,20.903964104336787],[-100.51100619939342,20.904344529016747],[-100.51072180755041,20.904932679750694],[-100.51067702282297,20.90576776319279],[-100.510628722178,20.906394284579886],[-100.51069952402051,20.907102559929704],[-100.51094827872025,20.907891753451896],[-100.51125166487492,20.908429836491152],[-100.51161460567604,20.90900879542454],[-100.51220028023303,20.90883358720274],[-100.51296390723704,20.90873929311533],[-100.51372401279428,20.908436434051545],[-100.51472232635142,20.908297073849784],[-100.51583692535182,20.90807260897287],[-100.51660054513515,20.90797829898881],[-100.51753903152054,20.907714274791424],[-100.51751005061742,20.907808894820285],[-100.51748221289243,20.907903166266436],[-100.51742653734932,20.9080917091486],[-100.51725633734581,20.908469632591203],[-100.51714569024489,20.90888843048076],[-100.51691734484287,20.909308903581607],[-100.51674996203181,20.909853675642946],[-100.51664072255134,20.910355897794272],[-100.51676547053897,20.910771345167838],[-100.51729793595142,20.910930654943495],[-100.51788713615062,20.910963988336555],[-100.51876776191267,20.9108262796578],[-100.51952998136711,20.91064853147301],[-100.52005539014577,20.910390710676015],[-100.52057938507893,20.91004946402141],[-100.5211090265709,20.910041913184408],[-100.52199458751728,20.910196173379497],[-100.52240688426794,20.91021115327883],[-100.52281918103144,20.910226132177595],[-100.52381325298069,20.909836445993825],[-100.5243967925269,20.909536060338496],[-100.52515546103777,20.909149727411567],[-100.52567873185878,20.90876675396149],[-100.52608854828131,20.90863573296769],[-100.52655438183662,20.908337021915205],[-100.526797085765,20.908518084490538],[-100.52769313066496,20.909748070245595],[-100.52810760261714,20.91003243298165],[-100.52881180580843,20.91002340330592],[-100.52951337291204,20.90980749326474],[-100.53033441409667,20.90975557620108],[-100.53081073926643,20.91028743174418],[-100.53099364868515,20.910823052781453],[-100.53176234418693,20.911268387243013],[-100.53258391979416,20.91125783435529],[-100.53334839580789,20.91137215794055],[-100.5348234245095,20.91197392772651],[-100.53640948370301,20.912077669390133],[-100.53758157835301,20.911938434359165],[-100.53916604770824,20.911918024437984],[-100.54021493791731,20.911325155889656],[-100.54079170016881,20.910531459502927],[-100.54142926131453,20.90990250558309],[-100.54155723706504,20.91072849668539],[-100.54162493916793,20.911431118842042],[-100.54249245751531,20.910426755707142],[-100.54293019373294,20.91023488688507],[-100.54336792877449,20.910043017005904],[-100.54511992003108,20.909358277284035],[-100.54628666406136,20.908805232628133],[-100.54803596497824,20.907913588937397],[-100.54925977050858,20.907235640765094],[-100.55048836017485,20.906930060234345],[-100.55213038185073,20.906826023302305],[-100.55383001421157,20.906638459589704],[-100.5560012298146,20.906610285029355],[-100.55794199612627,20.906916132597527],[-100.55923566544557,20.907106226806047],[-100.56070913173212,20.907583644783916],[-100.56200495292319,20.90793921682036],[-100.56294868811979,20.908299364627073],[-100.56341170642696,20.907796751994812],[-100.56415525099955,20.906297319806466],[-100.56529505029636,20.903675411054113],[-100.56527224358487,20.903245121424955],[-100.56524943709105,20.90281483176361],[-100.56537646339436,20.903355369772544],[-100.56550420898873,20.903937618838494],[-100.56575108350597,20.904601581600538],[-100.56617449789262,20.905262980493568],[-100.56636073545847,20.905823518393348],[-100.5665469745436,20.90638405596719],[-100.56679745174577,20.90725657248435],[-100.56728547640182,20.908250802376593],[-100.56800961627204,20.909283320873264],[-100.5686691644023,20.909983001882374],[-100.56933087712616,20.91080781327574],[-100.5698784990695,20.911842888955103],[-100.57072613158567,20.9132073700768],[-100.57097304666472,20.91387132218038],[-100.57110874606828,20.914912386169927],[-100.57120645619757,20.91664204340173],[-100.57233071607081,20.918587708140944],[-100.5768878594738,20.91891689050137],[-100.57702217307768,20.92381973940101],[-100.57665516121769,20.924919679556332],[-100.57536912480568,20.9256131921215],[-100.5746769366069,20.92560847981309],[-100.57333850366318,20.92611763388992],[-100.57208827185457,20.9255841656429],[-100.57145467571465,20.925323270678565],[-100.57053659811581,20.925005717652777],[-100.5701191594246,20.924298280219855],[-100.56973696927598,20.923946156194727],[-100.56932216060915,20.923950230566064],[-100.56889691268121,20.924354647479117],[-100.56874298556885,20.924501033618185],[-100.56787097765132,20.925139535070567],[-100.56740518438461,20.92543835643555],[-100.56699752382087,20.925694610286826],[-100.56670397401383,20.925740597426838],[-100.56652597445348,20.925659740585935],[-100.56628768332652,20.92549631633361],[-100.56605370627871,20.925583158446514],[-100.56587786386049,20.92562743426865],[-100.56569986482006,20.925546576528635],[-100.56551827206314,20.925257162918612],[-100.56538515350337,20.926072666846185],[-100.56525203381004,20.926888170685782],[-100.56526353385168,20.927555548776173],[-100.56442167277861,20.929945902146066],[-100.5662569793074,20.93054507012663],[-100.56784752140763,20.9306053965843],[-100.57214325896128,20.930501167661774],[-100.57637723986342,20.93023084607282],[-100.5767856165953,20.930016281041343],[-100.57824220877818,20.932540026063936],[-100.57935686056133,20.932315141699547],[-100.58047078543325,20.93204853948275],[-100.58111313686065,20.931747102297297],[-100.58181723491859,20.931611645345985],[-100.5825213315089,20.93147618556736],[-100.58316512352599,20.93125816249953],[-100.58374933420923,20.930999287579052],[-100.58421728049778,20.930825554848767],[-100.58474408080227,20.930650959415527],[-100.5853297348697,20.930475500747885],[-100.58562256134263,20.930387770691578],[-100.58573882243226,20.93030262573181],[-100.58605193683854,20.93138279347746],[-100.58641666476561,20.932044991681067],[-100.58666150979778,20.932583781396097],[-100.5869753615494,20.93370565706949],[-100.58710612351621,20.934454723508818],[-100.58705451659382,20.934872692083395],[-100.58772224544852,20.93603110129073],[-100.58863049376069,20.937478029248275],[-100.58904830248503,20.93780567219734],[-100.59164966630631,20.938435041694007],[-100.59373875030413,20.93669379337247],[-100.59594913578746,20.935159343438645],[-100.59752006627112,20.93409320869233],[-100.59809989134614,20.933584023292827],[-100.59827354688389,20.933414583181253],[-100.59886283333532,20.933447630265718],[-100.60277283893151,20.934850261320033],[-100.60366297826465,20.935254344337654],[-100.60407424322996,20.935206556688428],[-100.60881344754439,20.93688885566502],[-100.60876190102799,20.937306826866703],[-100.60888838806066,20.937805608403544],[-100.60806508289984,20.94457656561362],[-100.60782336439593,20.946409819109487],[-100.60770130688428,20.94733552129813],[-100.60721833515979,20.950012795521086],[-100.60679275097151,20.9526057788561],[-100.60671156882117,20.954693022576937],[-100.6067481159444,20.95677852648246],[-100.60473648904484,20.956224144118917],[-100.60154831658693,20.955728809553854],[-100.59733588240331,20.955002085201865],[-100.59664654040152,20.954883149988092],[-100.59660005419859,20.95559309136565],[-100.59654992712828,20.95609448119632],[-100.59644020678168,20.95655502688897],[-100.59615170636894,20.95689303996275],[-100.5956873369405,20.957275360816976],[-100.59522005392907,20.95749083924658],[-100.59451730774363,20.957709778794467],[-100.59393301787776,20.95796869527549],[-100.59340468232423,20.95805990327276],[-100.59293593886395,20.958191955049042],[-100.59246646744019,20.958282295206075]]]},"properties":{"seccion":207,"municipio":3,"electores":898}},{"type":"Feature","geometry":{"type":"Polygon","coordinates":[[[-100.60806508289984,20.94457656561362],[-100.60888838806066,20.937805608403544],[-100.60876190102799,20.937306826866703],[-100.60881344754439,20.93688885566502],[-100.60407424322996,20.935206556688428],[-100.60366297826465,20.935254344337654],[-100.60277283893151,20.934850261320033],[-100.59886283333532,20.933447630265718],[-100.59827354688389,20.933414583181253],[-100.59809989134614,20.933584023292827],[-100.59752006627112,20.93409320869233],[-100.59594913578746,20.935159343438645],[-100.59373875030413,20.93669379337247],[-100.59164966630631,20.938435041694007],[-100.58904830248503,20.93780567219734],[-100.58863049376069,20.937478029248275],[-100.58772224544852,20.93603110129073],[-100.58705451659382,20.934872692083395],[-100.58710612351621,20.934454723508818],[-100.5869753615494,20.93370565706949],[-100.58666150979778,20.932583781396097],[-100.58641666476561,20.932044991681067],[-100.58605193683854,20.93138279347746],[-100.58573882243226,20.93030262573181],[-100.58562256134263,20.930387770691578],[-100.5853297348697,20.930475500747885],[-100.58474408080227,20.930650959415527],[-100.58421728049778,20.930825554848767],[-100.58374933420923,20.930999287579052],[-100.58316512352599,20.93125816249953],[-100.5825213315089,20.93147618556736],[-100.58181723491859,20.931611645345985],[-100.58111313686065,20.931747102297297],[-100.58047078543325,20.93204853948275],[-100.57935686056133,20.932315141699547],[-100.57824220877818,20.932540026063936],[-100.5767856165953,20.930016281041343],[-100.57637723986342,20.93023084607282],[-100.57214325896128,20.930501167661774],[-100.56784752140763,20.9306053965843],[-100.5662569793074,20.93054507012663],[-100.56442167277861,20.929945902146066],[-100.56526353385168,20.927555548776173],[-100.56525203381004,20.926888170685782],[-100.56538515350337,20.926072666846185],[-100.56551827206314,20.925257162918612],[-100.56569986482006,20.925546576528635],[-100.56587786386049,20.92562743426865],[-100.56605370627871,20.925583158446514],[-100.56628768332652,20.92549631633361],[-100.56652597445348,20.925659740585935],[-100.56670397401383,20.925740597426838],[-100.56699752382087,20.925694610286826],[-100.56740518438461,20.92543835643555],[-100.56787097765132,20.925139535070567],[-100.56874298556885,20.924501033618185],[-100.56889691268121,20.924354647479117],[-100.56932216060915,20.923950230566064],[-100.56973696927598,20.923946156194727],[-100.5701191594246,20.924298280219855],[-100.57053659811581,20.925005717652777],[-100.57145467571465,20.925323270678565],[-100.57208827185457,20.9255841656429],[-100.57333850366318,20.92611763388992],[-100.5746769366069,20.92560847981309],[-100.57536912480568,20.9256131921215],[-100.57665516121769,20.924919679556332],[-100.57702217307768,20.92381973940101],[-100.5768878594738,20.91891689050137],[-100.57233071607081,20.918587708140944],[-100.57120645619757,20.91664204340173],[-100.57110874606828,20.914912386169927],[-100.57097304666472,20.91387132218038],[-100.57072613158567,20.9132073700768],[-100.5698784990695,20.911842888955103],[-100.56993123021682,20.91148748862603],[-100.56998396117439,20.91113208828227],[-100.56997928338406,20.910860966071372],[-100.56997460564554,20.910589843851106],[-100.57002481755633,20.910088454590287],[-100.5702508517478,20.90954278634224],[-100.57041515834652,20.908831129458495],[-100.57083671614367,20.907677653373547],[-100.57125826804885,20.906524176506505],[-100.57139926399643,20.906167491445636],[-100.57154025932911,20.905810806296223],[-100.57171103691819,20.905474548419324],[-100.57199878493442,20.905094866404518],[-100.57228653153545,20.90471518398059],[-100.57257715758105,20.904502345490837],[-100.57289828586988,20.904351644793863],[-100.57321941348435,20.904200943531276],[-100.573747579188,20.90410980874993],[-100.57427574413978,20.904018672374768],[-100.57533207178754,20.90383639484294],[-100.57638911767745,20.903695821942495],[-100.57700662843148,20.90366595686086],[-100.57762413878048,20.903636089561925],[-100.57874363437661,20.903703198731005],[-100.57873713731304,20.903327800127123],[-100.57861295124233,20.902954118938684],[-100.57878298788914,20.9025761441291],[-100.57923858101488,20.90169334352639],[-100.57969416909201,20.900810541960393],[-100.59164229507749,20.900802587708288],[-100.5958716868894,20.90069855000587],[-100.59977231044329,20.900602506791117],[-100.60005541207167,20.900595532647365],[-100.60015800846033,20.900589001583423],[-100.60517036820279,20.900269850220056],[-100.60803486489414,20.892425733105064],[-100.60819459938789,20.891463788947966],[-100.61057518924052,20.892972310749908],[-100.6109374088413,20.893203546194314],[-100.61319411087972,20.89464415562128],[-100.61480840464971,20.896080504795115],[-100.61486066025239,20.895704242032505],[-100.6149143790315,20.895411399651728],[-100.61508577839832,20.8951168151955],[-100.62212225093442,20.896973388509995],[-100.62543276413308,20.897800348718516],[-100.62556741156652,20.895420257243057],[-100.62851309433691,20.89558504815854],[-100.63146466992335,20.896083466453067],[-100.6305916805897,20.899976505867702],[-100.63378333237743,20.9005897962772],[-100.6365903561115,20.901129124467403],[-100.63744240590792,20.901292823229813],[-100.63962694801775,20.901677386142495],[-100.64186383598292,20.895052070323988],[-100.64203665867588,20.894840881489714],[-100.64214842400312,20.894505444097536],[-100.64249406693673,20.89408306581522],[-100.64266245185084,20.89362161895595],[-100.64277273640836,20.893202762095015],[-100.64299847949783,20.892657015292265],[-100.64299108585182,20.892239919474637],[-100.64468591016407,20.894884665818413],[-100.64423876928944,20.901014060277088],[-100.64407044039541,20.90332144429172],[-100.6438263651942,20.90449327580701],[-100.64358228685683,20.905665107070813],[-100.64364076050491,20.9056433711826],[-100.64369923413487,20.905621635275416],[-100.64411187907918,20.905657176103027],[-100.64458632829741,20.90585867237373],[-100.64494309130598,20.90606193049035],[-100.64512924642192,20.906601508612265],[-100.64526026073771,20.90735051544407],[-100.64590532508906,20.907215686660358],[-100.64615717783072,20.907054413973036],[-100.64864060365488,20.90546412711545],[-100.64985851552177,20.904444557804005],[-100.65078813278498,20.903763073571138],[-100.65099222728239,20.903655707632364],[-100.65119632147653,20.90354834146773],[-100.65143465948252,20.90371164386777],[-100.6497546618815,20.908534724645964],[-100.64936425519761,20.90975047869578],[-100.64863411524745,20.91172229893178],[-100.64858935631722,20.9125156597173],[-100.64830624609287,20.913145714994336],[-100.64785178262231,20.914070383969072],[-100.64797614778523,20.914444002536307],[-100.648399938729,20.915105171531778],[-100.6494151740051,20.91592434351369],[-100.65065838992896,20.916322880529783],[-100.65207518474328,20.916551918094598],[-100.65265994702465,20.916334527543288],[-100.65359556290029,20.915986698716978],[-100.65355305934075,20.91690518642847],[-100.6534576509649,20.91815823264836],[-100.65352987212324,20.918908113600846],[-100.65337784345553,20.920287172127992],[-100.65297927179493,20.921044131626914],[-100.6527550166812,20.921673308737386],[-100.65236089500073,20.922680522425736],[-100.6520859545541,20.923769384876607],[-100.65181026805818,20.92481653779658],[-100.65159937030488,20.92619647975036],[-100.65132219207513,20.92716021368215],[-100.65109718018239,20.92774768002821],[-100.65069857974268,20.92850463564161],[-100.65070823132625,20.929046855563247],[-100.6510680290673,20.92941693301388],[-100.65333638422284,20.931176808041062],[-100.6533996968947,20.931426177788964],[-100.65346300980565,20.931675547492357],[-100.65361639654265,20.933675815730094],[-100.65297048658013,20.93376897118411],[-100.65196847807995,20.933700596399618],[-100.65102086847514,20.933381076102098],[-100.649888534911,20.932605400930512],[-100.64899533745505,20.932034729137833],[-100.6476820137038,20.931011433044453],[-100.6470912556492,20.930895136078366],[-100.645137980747,20.930298623486188],[-100.64365628409298,20.929736743317132],[-100.6419913790283,20.9288021083731],[-100.64062001597553,20.927821343116605],[-100.63912357473627,20.92642523088798],[-100.63768896749686,20.925195062052754],[-100.637091590632,20.924703342415388],[-100.63591678046727,20.924846054744602],[-100.63498032503283,20.925152083046733],[-100.63428000969012,20.92549630249536],[-100.63358116622798,20.92592393852121],[-100.63294190812582,20.926392403580053],[-100.62922987301273,20.929535072733117],[-100.62912542306624,20.930287601018478],[-100.6284802966221,20.933760026998506],[-100.62825376890856,20.937601702250884],[-100.62827586278729,20.9388529927967],[-100.62755264408682,20.937904188711695],[-100.62487834882441,20.936483765852547],[-100.62276540320991,20.93684894832663],[-100.62142125411323,20.937411290309836],[-100.61925529889312,20.938110983996932],[-100.6181163905166,20.938628533842234],[-100.6169774738781,20.939146076561524],[-100.61476213766649,20.940388818434506],[-100.61266740963868,20.941796631048774],[-100.6112113110713,20.94269432067266],[-100.60946309149583,20.943721481081504],[-100.60806508289984,20.94457656561362]]]},"properties":{"seccion":208,"municipio":3,"electores":1099}},{"type":"Feature","geometry":{"type":"Polygon","coordinates":[[[-100.66596980195426,20.95320731806714],[-100.66512497697781,20.9517340000672],[-100.66628276381458,20.950631773448364],[-100.66656585518334,20.95000169130646],[-100.66566203346915,20.948847196168614],[-100.66371443496637,20.948584588557143],[-100.66206636246903,20.948609477554506],[-100.66170648999035,20.948239428968666],[-100.66165427465553,20.94531980709961],[-100.66163861128665,20.94444392032263],[-100.66125118588641,20.944178586299252],[-100.66086376182133,20.943913251296223],[-100.65947202148091,20.94180651495585],[-100.65937367173481,20.939596827249385],[-100.6593557870412,20.935299914547116],[-100.65918146451929,20.93213180471386],[-100.6541089104396,20.93158239076947],[-100.65378596024506,20.931628969430143],[-100.65346300980565,20.931675547492357],[-100.6533996968947,20.931426177788964],[-100.65333638422284,20.931176808041062],[-100.6510680290673,20.92941693301388],[-100.65070823132625,20.929046855563247],[-100.65069857974268,20.92850463564161],[-100.65109718018239,20.92774768002821],[-100.65132219207513,20.92716021368215],[-100.65159937030488,20.92619647975036],[-100.65181026805818,20.92481653779658],[-100.6520859545541,20.923769384876607],[-100.65236089500073,20.922680522425736],[-100.6527550166812,20.921673308737386],[-100.65297927179493,20.921044131626914],[-100.65337784345553,20.920287172127992],[-100.65352987212324,20.918908113600846],[-100.6534576509649,20.91815823264836],[-100.65355305934075,20.91690518642847],[-100.65359556290029,20.915986698716978],[-100.65265994702465,20.916334527543288],[-100.65207518474328,20.916551918094598],[-100.65065838992896,20.916322880529783],[-100.6494151740051,20.91592434351369],[-100.648399938729,20.915105171531778],[-100.64797614778523,20.914444002536307],[-100.64785178262231,20.914070383969072],[-100.64830624609287,20.913145714994336],[-100.64858935631722,20.9125156597173],[-100.64863411524745,20.91172229893178],[-100.64936425519761,20.90975047869578],[-100.6497546618815,20.908534724645964],[-100.65143465948252,20.90371164386777],[-100.65119632147653,20.90354834146773],[-100.65099222728239,20.903655707632364],[-100.65078813278498,20.903763073571138],[-100.65003604362313,20.901187693808012],[-100.65103190034553,20.900922419783388],[-100.65121250504957,20.901149170422144],[-100.65139311030796,20.90137592082797],[-100.65217141028414,20.902115198836697],[-100.65312698690865,20.902893529099494],[-100.65513207856618,20.90311370532603],[-100.65590780391621,20.903706982019845],[-100.65668353528048,20.904300254742726],[-100.66085614499858,20.903945362212113],[-100.66095377449989,20.896225624337667],[-100.66329173821262,20.897641491812784],[-100.66630123164003,20.898663185912714],[-100.66718662253462,20.898963754566562],[-100.67157913015012,20.9006360407],[-100.67300046351994,20.897841804914226],[-100.68473050551263,20.899256638906607],[-100.68475393008293,20.900581696011162],[-100.68504869253337,20.900619106536706],[-100.68576242082237,20.901064998535762],[-100.68683192197321,20.901671718395267],[-100.6877250114948,20.90228083256952],[-100.68879746143054,20.903053170636067],[-100.68898928087688,20.903920334136423],[-100.68953834904791,20.90503113772033],[-100.6905556889603,20.90601130314306],[-100.69186341309113,20.906780412238046],[-100.69168951011319,20.908129207173044],[-100.69124286136888,20.91159334493072],[-100.69089505239326,20.915201439182635],[-100.69055897917524,20.919472057289497],[-100.69035749419692,20.92138002389513],[-100.69024051596593,20.924736460888578],[-100.69332390038556,20.926102592932008],[-100.69565014743628,20.924100632755675],[-100.69703596687937,20.922907962591136],[-100.6981050884412,20.922001948644883],[-100.69813343942069,20.921977922725322],[-100.69900018251974,20.921096291569597],[-100.69826784573594,20.927867002484508],[-100.69783816490846,20.9318393680316],[-100.70275766679248,20.933884281702017],[-100.70435979263868,20.9346492388127],[-100.70525389031356,20.93529964818355],[-100.70586941378643,20.93682364548653],[-100.70541067610026,20.937492624248613],[-100.70454757844149,20.938581327180994],[-100.70385723917998,20.93946056838202],[-100.70281544213881,20.940427462786946],[-100.70206552532781,20.941266097138566],[-100.70102665470651,20.942398611839046],[-100.69993263292501,20.94373896429507],[-100.69941281460055,20.94428451306098],[-100.69686261404169,20.943949852478564],[-100.69198202942303,20.94330926599783],[-100.68632552225668,20.94284796607719],[-100.68378735806773,20.942385500824866],[-100.68220208200422,20.942572730907905],[-100.6810234346605,20.94246449670592],[-100.68049329989144,20.94243028139131],[-100.68013963282381,20.94239366761383],[-100.67971200115275,20.943165706099474],[-100.67928436531469,20.943937743742264],[-100.6788262162408,20.94464806790908],[-100.67859750589308,20.945023933594737],[-100.67842688674183,20.945357592639514],[-100.67834946987728,20.947636626742323],[-100.67614921641447,20.949654537999265],[-100.67328984308436,20.95184285768466],[-100.67260696983975,20.9523830013624],[-100.67194562421207,20.951684212088406],[-100.67006577814264,20.94984049882591],[-100.66646040429393,20.953138116197255],[-100.6662297645974,20.953125934939973],[-100.66596980195426,20.95320731806714]]]},"properties":{"seccion":209,"municipio":3,"electores":1158}},{"type":"Feature","geometry":{"type":"Polygon","coordinates":[[[-100.72116282137505,20.945121823358658],[-100.71921152950083,20.944564057815796],[-100.71785611414433,20.944191558806786],[-100.71740500786166,20.94401732577255],[-100.71678588338384,20.94379472544186],[-100.71609695490079,20.943458408572557],[-100.71510988685661,20.943010670168242],[-100.7139309560804,20.94242540833674],[-100.71366661353737,20.942357447623692],[-100.71235866846051,20.941805649910382],[-100.71123855386152,20.941286818831287],[-100.71085893616319,20.941144892969433],[-100.7101171122764,20.94081805054131],[-100.70855599579548,20.940089983352102],[-100.70727334238536,20.939080223279944],[-100.70713496469217,20.938960040012493],[-100.70585598044975,20.93718059825914],[-100.70586941378643,20.93682364548653],[-100.70525389031356,20.93529964818355],[-100.70435979263868,20.9346492388127],[-100.70275766679248,20.933884281702017],[-100.69783816490846,20.9318393680316],[-100.69826784573594,20.927867002484508],[-100.69900018251974,20.921096291569597],[-100.69813343942069,20.921977922725322],[-100.6981050884412,20.922001948644883],[-100.69703596687937,20.922907962591136],[-100.69565014743628,20.924100632755675],[-100.69332390038556,20.926102592932008],[-100.69024051596593,20.924736460888578],[-100.69035749419692,20.92138002389513],[-100.69055897917524,20.919472057289497],[-100.69089505239326,20.915201439182635],[-100.69124286136888,20.91159334493072],[-100.69168951011319,20.908129207173044],[-100.69186341309113,20.906780412238046],[-100.6905556889603,20.90601130314306],[-100.68953834904791,20.90503113772033],[-100.68898928087688,20.903920334136423],[-100.68879746143054,20.903053170636067],[-100.6877250114948,20.90228083256952],[-100.68683192197321,20.901671718395267],[-100.68576242082237,20.901064998535762],[-100.68504869253337,20.900619106536706],[-100.68475393008293,20.900581696011162],[-100.68473050551263,20.899256638906607],[-100.69421800615635,20.90024568373723],[-100.69692157177121,20.896812498373297],[-100.69798666744093,20.897170701182816],[-100.69899149156903,20.897446885828842],[-100.70028886884164,20.897636225596255],[-100.70093645381809,20.897668780190813],[-100.70146643005546,20.897702942593078],[-100.7018854275682,20.898111382745537],[-100.70338207643744,20.89958191850495],[-100.70473828032003,20.89977041694504],[-100.70466620074691,20.89902588684554],[-100.70441918327934,20.898366590326955],[-100.70374432025065,20.896801967716616],[-100.70401709825879,20.896818345470308],[-100.7095526321586,20.89740209878353],[-100.71068273470223,20.898172303475484],[-100.7121081135455,20.899021072474586],[-100.71346869602283,20.89983478375871],[-100.71247849732407,20.902948886639845],[-100.71348658047222,20.903289275016178],[-100.71373211879722,20.90343509891167],[-100.71390578256351,20.90356816288628],[-100.71407773717608,20.90369206420026],[-100.71413602055355,20.903796258308624],[-100.71408200028864,20.904557219659395],[-100.71402081976161,20.90485440687712],[-100.71379850569147,20.905490225869393],[-100.71353782660803,20.90653758802451],[-100.71328513480567,20.907025424540233],[-100.71300329266893,20.907473111260025],[-100.71280522151748,20.907717748461206],[-100.7129505063769,20.907878058886038],[-100.71480107559923,20.906605795098038],[-100.71520671132328,20.906952218163998],[-100.71541044971791,20.9072063036257],[-100.7155281204259,20.907461253212208],[-100.71556156292606,20.907878815793474],[-100.71559408571177,20.908215504010567],[-100.71549949842398,20.908728716596165],[-100.7154661234628,20.909578329195327],[-100.71482690721129,20.910721346675025],[-100.71548388770277,20.91123365390684],[-100.71561680928438,20.911325256904632],[-100.71571632434913,20.911378471153633],[-100.71579111489574,20.911431933731347],[-100.71586643421902,20.91153186003829],[-100.71570371824865,20.9117193710506],[-100.71563849077222,20.91178198508018],[-100.71558168100916,20.91186000422385],[-100.71549216927026,20.911961586378286],[-100.71537092452722,20.912171915085736],[-100.71524950327576,20.91236675580011],[-100.71512772937265,20.91253062059328],[-100.71507960110368,20.912647276647654],[-100.71501560613802,20.912818305964485],[-100.71495905992961,20.912919556831493],[-100.71490242557081,20.913013063720197],[-100.7148459672964,20.91312205852145],[-100.71478950894505,20.913231053308344],[-100.7147089420939,20.913394504085854],[-100.71461145145078,20.913519400509614],[-100.71452211424308,20.913636470178812],[-100.71449073270944,20.91377619251385],[-100.71445935112729,20.91391591484496],[-100.714411486141,20.914055802653014],[-100.71436362107497,20.91419569045151],[-100.71434881075899,20.914342991256184],[-100.71424889044339,20.91445400278914],[-100.71449572824262,20.915524581289006],[-100.71465783717682,20.916022733276723],[-100.71484889183053,20.916314802722802],[-100.71497620629094,20.91650461629428],[-100.7153867609997,20.916838578528086],[-100.71557731634925,20.917086553819015],[-100.71570479969743,20.91729106443541],[-100.71590626765503,20.91745199301901],[-100.71825957419206,20.917545980170154],[-100.72117279314035,20.91772287412732],[-100.72157720397031,20.917729651542885],[-100.72219298947546,20.917809767880954],[-100.72277855272394,20.917901166468496],[-100.72348008342547,20.917926111113804],[-100.73079173220046,20.91962880808422],[-100.73382603410948,20.91955608386822],[-100.7346898107947,20.919404429199883],[-100.73216857318978,20.92564971527855],[-100.72919985585622,20.93300279768353],[-100.72904773358312,20.93411808441305],[-100.7287048770627,20.935897721826905],[-100.72853679544627,20.936244702414328],[-100.72835707431987,20.93656391386679],[-100.72829474563807,20.93670043483314],[-100.7281334173853,20.93697101147235],[-100.72771985765334,20.937552362731665],[-100.7275701278275,20.93782096805128],[-100.72744089151651,20.938094791015637],[-100.72718209688524,20.938614479072953],[-100.7270877258328,20.938752317635227],[-100.72701906685299,20.938808099814576],[-100.72690646524582,20.938907327745106],[-100.72669752606281,20.93908595550956],[-100.72663801820123,20.939165015237347],[-100.72659799646887,20.939238869815807],[-100.72657039240822,20.939310929407632],[-100.72654987117299,20.939380830681237],[-100.72663523442402,20.939851963448298],[-100.72671410406076,20.94037657967693],[-100.72659225790909,20.940442915906527],[-100.72651708453274,20.940550512391646],[-100.72640823367676,20.940693759025248],[-100.7263368778933,20.940796054985135],[-100.72623169067454,20.9408818367641],[-100.72610136218997,20.940983313968427],[-100.72598341312091,20.941079657909242],[-100.72580910647201,20.94121997393798],[-100.72572703096887,20.94134558500721],[-100.7254827878273,20.94185677723705],[-100.72520165422566,20.94252150128753],[-100.72503686263319,20.94315909788344],[-100.72484478138396,20.943849941904023],[-100.72488055122217,20.94396285733917],[-100.72490187417824,20.944117887342188],[-100.72489427186771,20.9442298078442],[-100.72489348967387,20.94431661975976],[-100.72482896905264,20.944423690588383],[-100.72475673410608,20.944477838878488],[-100.72469357412841,20.944548588458773],[-100.72467009559216,20.94467068533499],[-100.72466803375534,20.94480091219657],[-100.72463564268563,20.94492059522493],[-100.72465129108151,20.945045635086828],[-100.72467731322351,20.945145530432427],[-100.7246994567522,20.94521708675872],[-100.72468071558653,20.945287387189804],[-100.72462651558705,20.945364723391744],[-100.72456348907028,20.945447156748077],[-100.72447039128966,20.945541579278306],[-100.72438296311353,20.94566557465876],[-100.72309348113994,20.945538541697353],[-100.72116282137505,20.945121823358658]]]},"properties":{"seccion":210,"municipio":3,"electores":1829}},{"type":"Feature","geometry":{"type":"Polygon","coordinates":[[[-100.77711053416924,20.930844969061997],[-100.77711366224561,20.930571591913882],[-100.77717211515404,20.92863194501857],[-100.77555544992059,20.928620115734162],[-100.77539021181607,20.928402140523634],[-100.77340095382502,20.9278306022953],[-100.7732723990681,20.928137599716607],[-100.77283905084359,20.929326540886844],[-100.77218642686789,20.92916138415793],[-100.77216617874375,20.928736533421063],[-100.77215761311004,20.928440512447676],[-100.77215820201137,20.92805842900959],[-100.7721487377911,20.927686001872107],[-100.77211984137618,20.927390191949836],[-100.77210624954186,20.92709899907382],[-100.77212270490561,20.9267692864824],[-100.77214227711875,20.926272382658045],[-100.7721343860587,20.92603366620394],[-100.77211748081955,20.925460725572023],[-100.77209389258168,20.92518396431008],[-100.77208114376239,20.924964402122583],[-100.77207652275571,20.924571475753247],[-100.77207305666687,20.924276746609138],[-100.77206192551076,20.92417013865817],[-100.77202722895527,20.92383783321058],[-100.77198297392482,20.923532630578283],[-100.77190519127035,20.922969873567308],[-100.77189379075499,20.9228649205665],[-100.7716771248148,20.921730488360435],[-100.77143170197783,20.921608859897326],[-100.77127754116428,20.921467180310216],[-100.77103032329241,20.921192738732277],[-100.77083393179223,20.92091776953891],[-100.77033918919359,20.920345860846556],[-100.770665061121,20.919667500860974],[-100.77079454695789,20.919417311298186],[-100.7713342062011,20.91650849892221],[-100.77127569671177,20.91528560812206],[-100.76955139038323,20.91193140683997],[-100.76955901142423,20.911383351809537],[-100.76956147659988,20.911206074250977],[-100.7695670459234,20.910805571784863],[-100.7695816834882,20.90975297113487],[-100.77025795950902,20.90718510875251],[-100.77083780313141,20.90739141082258],[-100.77189486852866,20.90761635130908],[-100.77272462965799,20.907725692855223],[-100.7757455128983,20.906800323874098],[-100.77623286910669,20.90573843582146],[-100.77652308580016,20.90236074340855],[-100.77681250067118,20.90169431488138],[-100.77758819469648,20.901302160969383],[-100.7784332520017,20.900490280938108],[-100.77789418610783,20.89888971888997],[-100.7779078730622,20.89435035261013],[-100.7779502500929,20.891032853374774],[-100.77687222339299,20.889804515972113],[-100.77707745344881,20.888300958155185],[-100.77739023760017,20.888286121502986],[-100.77781236224348,20.889183695378293],[-100.7780350577878,20.889163920642755],[-100.77825859842855,20.88910624151697],[-100.77836617516093,20.88892874365421],[-100.77847375165166,20.888751245738288],[-100.77923877920179,20.88797255522335],[-100.782221275598,20.88493668890009],[-100.78332822433991,20.88438261418566],[-100.78401726506137,20.883462224248913],[-100.78509860120423,20.881460255510532],[-100.7861196890383,20.879376403690618],[-100.786856474639,20.8778346251412],[-100.7877173467165,20.876663439347343],[-100.78839900787953,20.875329354844247],[-100.78921867118382,20.875151855045292],[-100.79085432787384,20.874590004062327],[-100.79248337367287,20.873655826587516],[-100.79320828881815,20.87310728751243],[-100.7939331986083,20.872558745711473],[-100.79480352347704,20.871925312704015],[-100.79556366977202,20.87170727745804],[-100.79757529044313,20.872463969606386],[-100.79857780155473,20.87265615102597],[-100.79945471988094,20.87239500599844],[-100.80009146932721,20.87184773392516],[-100.80016894253326,20.871246606598017],[-100.80024641531669,20.870645479240427],[-100.80232268049797,20.871732193975458],[-100.8033905692117,20.87229579286019],[-100.80415143799662,20.872119087899755],[-100.8042431799124,20.870669490034686],[-100.8034617111343,20.86968789881379],[-100.80397283006538,20.86868729705747],[-100.80383324259304,20.86744799372128],[-100.80424009699318,20.86719373857919],[-100.80459850396544,20.867519494737984],[-100.80583231673974,20.86750133962714],[-100.80682595911314,20.86719706257741],[-100.80739874802318,20.866361058065138],[-100.80714900085243,20.865537165908435],[-100.80707551227243,20.864710677938625],[-100.80688231163134,20.863761816843088],[-100.80540763341409,20.863452493803084],[-100.80400863811603,20.864093751574867],[-100.80266838222065,20.864734135155594],[-100.801447089475,20.86545551828539],[-100.80055845400507,20.865054785563036],[-100.7996118056524,20.86469627823541],[-100.79795866889762,20.86426537441601],[-100.79678069300132,20.864117137695988],[-100.7960653964948,20.863548323717314],[-100.79635475222607,20.863295809538915],[-100.79752464575918,20.862989002846312],[-100.79816210025436,20.862483107647144],[-100.79878559574308,20.86119122075778],[-100.79876576623447,20.860074288035374],[-100.79899782961962,20.859905367944705],[-100.79999805296677,20.859973443665993],[-100.80099680670294,20.859958777815915],[-100.80151379602887,20.85928912611271],[-100.80243761612924,20.85836522353952],[-100.80282900539294,20.857242249381873],[-100.80304340807547,20.85608049729219],[-100.80339516421655,20.8560339483761],[-100.80380713999598,20.85606927060176],[-100.80445484609797,20.85614250396449],[-100.80510108056131,20.856132999333784],[-100.80563055381593,20.85616658874084],[-100.80598083637659,20.85603729909614],[-100.80633111828783,20.855908008776073],[-100.80668139954959,20.85577871778067],[-100.80702873398718,20.855483955296325],[-100.80719908607759,20.855150419169277],[-100.80713370894777,20.85477897468486],[-100.80694936355486,20.854326524261705],[-100.80706170356709,20.854035220753456],[-100.80735175907034,20.85382405807777],[-100.80758232959565,20.853572392222972],[-100.80793334106063,20.85348446679798],[-100.80846648930438,20.853724886471994],[-100.80876317477387,20.85388603062964],[-100.80924052637896,20.85429278367239],[-100.80947478006016,20.85424795371799],[-100.80988822572749,20.854365996841626],[-100.81035525778553,20.854193599602286],[-100.81064825847419,20.854147902152075],[-100.81111455122446,20.85393413533462],[-100.81122762039267,20.85368419729817],[-100.81128267954767,20.85347649303956],[-100.81127456549659,20.853021449313164],[-100.81085448518691,20.85253110071283],[-100.81055485089912,20.852204489590783],[-100.81031617669164,20.852001114936147],[-100.81048799273348,20.851750311501586],[-100.81095206612282,20.85141244270471],[-100.8115938519083,20.851154709354738],[-100.81188463299426,20.850984907404186],[-100.8122297326839,20.85056603294493],[-100.81237364664511,20.850398396350325],[-100.8125175602926,20.850230759654874],[-100.81262841104763,20.849856718176582],[-100.81274221308077,20.849648147027384],[-100.81297350623632,20.849437842504685],[-100.81338103558878,20.849224937366582],[-100.81378856373775,20.849012031337036],[-100.81430841311362,20.848507817295346],[-100.81494944170824,20.848208705050887],[-100.81547814807452,20.84820089834907],[-100.8160038990873,20.848027619931276],[-100.81611547867644,20.847694944376016],[-100.81587089539059,20.847160637173058],[-100.81574675773055,20.846790064545555],[-100.81656696496655,20.846653814276582],[-100.81739160517728,20.84676576515329],[-100.81851366614613,20.847080207028135],[-100.81957254807956,20.84714730545443],[-100.82021577879848,20.84697227690911],[-100.82091627206391,20.846713641918925],[-100.82137956506422,20.84633438010119],[-100.821447620748,20.846315860851266],[-100.82202278974562,20.846159345156803],[-100.82247830299625,20.845345723204563],[-100.82271883228795,20.84565249903893],[-100.82308166494248,20.846226422236676],[-100.82338131154212,20.84655301052],[-100.82344698173326,20.84663345207142],[-100.82411503884468,20.84710509757405],[-100.8247581769986,20.847245781086713],[-100.82523352739345,20.84761917810475],[-100.82597457951603,20.848522155218042],[-100.82540701747742,20.848990061921416],[-100.82503250974888,20.849622689694517],[-100.82490703552611,20.850534906518355],[-100.82518785418323,20.85118620610138],[-100.82534712277071,20.85132376058022],[-100.82547499542896,20.851901160405202],[-100.82583785503455,20.85247507548105],[-100.82619923408865,20.852966255051907],[-100.82679931219687,20.85366078384023],[-100.82733693849868,20.854149345750454],[-100.82746111141402,20.854519907125564],[-100.82705359103595,20.85473284526755],[-100.8270617530466,20.855187884654104],[-100.8268944142932,20.85568690620943],[-100.82642220744586,20.855569776922945],[-100.82627237117042,20.85540648658897],[-100.8261225352225,20.855243196096882],[-100.8257604087018,20.854710649621882],[-100.82540532938069,20.854571091135366],[-100.82505025066438,20.854431531861234],[-100.82405006507936,20.854363600723484],[-100.82388642249103,20.85506945651925],[-100.82372351974925,20.85581667951065],[-100.82338288927279,20.856483779251185],[-100.82345053011193,20.85697931635424],[-100.82362973941252,20.857142173967706],[-100.82410194975438,20.85725931073946],[-100.82504266473916,20.857286743933887],[-100.82539441312055,20.85724015007773],[-100.82557362467843,20.857403005472438],[-100.82569557160151,20.85764946640544],[-100.82587626749634,20.8578950558808],[-100.82594243386572,20.858307856815102],[-100.82647339791694,20.858424115231468],[-100.82706311141175,20.858539500177496],[-100.82753755478817,20.858780728493496],[-100.82800754537706,20.85877375233062],[-100.8284187870181,20.858767647131312],[-100.82889546084274,20.859132972922218],[-100.82884116756316,20.859382048239436],[-100.82878984456264,20.859796592149213],[-100.82903301076742,20.860248140972015],[-100.82944425616806,20.860242033014398],[-100.8299142507696,20.860235051283546],[-100.83073971358085,20.860388298554476],[-100.83132572029423,20.860296832532654],[-100.83185446381653,20.860288972171336],[-100.83255424934315,20.859988919760838],[-100.83301977969184,20.859733727276726],[-100.83306960344571,20.8592364488603],[-100.83305919089094,20.85865731016825],[-100.83304729115409,20.85799543732371],[-100.83303911028646,20.857540399709926],[-100.83285691655767,20.857212084496023],[-100.83332318193524,20.85699825883442],[-100.83373441746483,20.85699214122744],[-100.83402741309554,20.856946403868985],[-100.83431073610052,20.856362894630852],[-100.83441707075026,20.855740640748383],[-100.83448549093205,20.856277537903747],[-100.83461042723697,20.856689459596925],[-100.83520237055254,20.856928917574216],[-100.83543661758448,20.85688405234808],[-100.83590436668392,20.856752953973746],[-100.83660710561239,20.85661835458401],[-100.83707265708384,20.856717005252126],[-100.8370499474834,20.856735892488228],[-100.83684730939643,20.85690442323639],[-100.83603451890686,20.857454443183094],[-100.83580362134143,20.857685460726405],[-100.83557272307358,20.857916478004615],[-100.83534219628055,20.85816817851618],[-100.8351719057912,20.858501738229002],[-100.83535410613226,20.858830050441625],[-100.83553630730863,20.859158362389486],[-100.8356047339964,20.85969525848378],[-100.83642796318733,20.85972437720354],[-100.83701433470688,20.859653575606025],[-100.83760070551062,20.85958277203842],[-100.83830271008964,20.859406797938142],[-100.83900694897193,20.859354921777864],[-100.83942620936703,20.859446687390953],[-100.83953792341616,20.85947113860612],[-100.83983837743672,20.859839059881406],[-100.83996407744154,20.860292343071283],[-100.84049356407665,20.86032582289829],[-100.84084531202161,20.860279197111623],[-100.84137927498446,20.86056087521996],[-100.8412082500409,20.860853073225883],[-100.84062448766136,20.86106867337702],[-100.83985627296626,20.860831864884243],[-100.83914606409431,20.860552809899637],[-100.83850056892263,20.860603811294187],[-100.83798151333319,20.861149462200466],[-100.83769447211678,20.861526142214043],[-100.83728546016896,20.861656371040105],[-100.83628671641294,20.861671249364246],[-100.83564419277674,20.86188770827399],[-100.83548060006882,20.862593571166805],[-100.83608373885029,20.86345352847139],[-100.83638419370499,20.863821455689273],[-100.8368646266027,20.864393591111153],[-100.83705130869977,20.86497010203681],[-100.83753100282615,20.865500868145944],[-100.83806348913382,20.865699821742126],[-100.83876477534119,20.865482476912565],[-100.8399925801948,20.865133142024668],[-100.84063063371768,20.864668465290304],[-100.84028708041127,20.86517012663495],[-100.84042397691583,20.86624391129596],[-100.84090294040216,20.86673329986948],[-100.841139438579,20.86681252631405],[-100.84166969446956,20.866887367554973],[-100.84201996410938,20.86675800469406],[-100.84226243472867,20.867168163806173],[-100.84255843234442,20.867287877709657],[-100.84273692708362,20.867409345910644],[-100.84280986536298,20.868194437032418],[-100.84287459091244,20.86852449365578],[-100.84276455352557,20.868939916194883],[-100.8428359999046,20.869642273596227],[-100.84313723060423,20.870051553303302],[-100.84361248055421,20.870334098856613],[-100.84413229021175,20.8698297973001],[-100.8444200756518,20.869494473563474],[-100.84476063423084,20.868827337601065],[-100.84499190631715,20.868616991354788],[-100.84505813145279,20.869029780174202],[-100.84483134245727,20.869488326783024],[-100.84501880949729,20.87010619265151],[-100.84537730470508,20.87043185621632],[-100.8458465789787,20.870383461721996],[-100.84643111499948,20.870209208500967],[-100.8470781415411,20.870240907658577],[-100.84749015774364,20.870276120977483],[-100.84790815913563,20.870642266290606],[-100.84844441655873,20.871048018133344],[-100.84910117679777,20.871617475055217],[-100.84916516947345,20.87190616144926],[-100.84871385416685,20.87294736361258],[-100.84854133525786,20.87315683534954],[-100.84818881308345,20.873162112356344],[-100.8474852646704,20.873255397438744],[-100.84672445711008,20.873432291922647],[-100.84614065709138,20.87364791364323],[-100.8454385995688,20.873823923894275],[-100.84490757074505,20.873707729670702],[-100.84420252222178,20.87371826818185],[-100.84361348742054,20.87364431462714],[-100.84333092184164,20.874269204618923],[-100.84393789112536,20.87533595982436],[-100.84424661017644,20.876158903152113],[-100.84485209940188,20.877142920498905],[-100.84497783292291,20.877596196939642],[-100.8456918720284,20.87808205361479],[-100.84645569595392,20.878070628476042],[-100.84739877923079,20.878222028491884],[-100.84816335151375,20.878251962262087],[-100.84864612248714,20.87894815661685],[-100.84865211113872,20.879279089128364],[-100.84865809987791,20.87961002162548],[-100.8489110929137,20.880599299575902],[-100.84935309108481,20.882289167700335],[-100.84913154083326,20.88303728557973],[-100.8489635049119,20.883494957532307],[-100.84862293799944,20.884162101866973],[-100.84840512548405,20.885117051823684],[-100.84859487789336,20.88585900975882],[-100.84877864186977,20.88627003508822],[-100.84907917587188,20.886637933374548],[-100.84705806128187,20.88707084950002],[-100.84581380717032,20.887190716953963],[-100.84481262096878,20.88635010313276],[-100.84421165459476,20.885824448844602],[-100.8437126718891,20.88564240942847],[-100.84399824306035,20.885182984724885],[-100.84369847127536,20.88485644296133],[-100.84292788724888,20.884495558237184],[-100.84227631699781,20.88421564772872],[-100.84180177018895,20.883974468671394],[-100.84138374270469,20.883608310612033],[-100.84090695936368,20.883243028606294],[-100.84060122616364,20.88258554660228],[-100.84059077562921,20.882006412133084],[-100.84063460384057,20.881178200032533],[-100.84061743594302,20.880226764668556],[-100.84054449790206,20.879441673242976],[-100.8404165364431,20.878864292450654],[-100.83987579198131,20.878210315523607],[-100.83916773651922,20.87805536764936],[-100.8387646494051,20.878516537494466],[-100.83800753066377,20.87890022993744],[-100.83747946950105,20.878949480962035],[-100.83694768098998,20.87879189610633],[-100.83711351410138,20.87821013284789],[-100.83745188618738,20.877418907676418],[-100.83767199868356,20.876588067082174],[-100.83771882589132,20.87592532156359],[-100.83776863492366,20.875428043422556],[-100.8376354704846,20.87456109124389],[-100.8375632984571,20.87381736356217],[-100.83737361935985,20.87307538722755],[-100.83706941578299,20.872500629256812],[-100.83647517178902,20.872137082205732],[-100.83588391009586,20.871939000526137],[-100.83494906375383,20.87224256941862],[-100.83436897044378,20.87266498661022],[-100.83411832174953,20.871799779072308],[-100.83352631958859,20.871560321931202],[-100.83287482159959,20.871280369742944],[-100.8322359716784,20.871703654029865],[-100.83160158042065,20.872375138292448],[-100.83114270271058,20.873002632873586],[-100.83049937979115,20.873177709256417],[-100.83007843620736,20.872646050647255],[-100.8304049422408,20.871192964267166],[-100.8307492855041,20.87073268671217],[-100.83080357809924,20.87048361103374],[-100.83061765408694,20.869948459432315],[-100.8304889977148,20.86932970012924],[-100.83001302936998,20.86900574893319],[-100.8295363199541,20.868640429161253],[-100.82912579468957,20.868687906123398],[-100.8286609733782,20.868984457390475],[-100.82848991459801,20.869276644934253],[-100.82819912103771,20.869446475989413],[-100.82766069105062,20.86891655471412],[-100.82735950252379,20.86850724441071],[-100.82717879021445,20.86826165790718],[-100.82687686206727,20.8678109793746],[-100.82658384245185,20.867856706146227],[-100.826354770239,20.86819113083175],[-100.82629972852888,20.86839883847301],[-100.82606620227372,20.868485059822866],[-100.82571220229758,20.86840755537063],[-100.82505850493389,20.868003469628377],[-100.82487037929523,20.867344208276272],[-100.82463388690967,20.867264958763492],[-100.82434160894167,20.867352048888346],[-100.82375927623104,20.86765032941751],[-100.8231806476246,20.86815544435982],[-100.82283480279222,20.868532973564882],[-100.82261090918162,20.869156964686127],[-100.82286371153009,20.87014629627728],[-100.82305109175977,20.870764192783874],[-100.82334708422157,20.87088394050527],[-100.82370553849384,20.871209652811466],[-100.82435553865027,20.871406906820038],[-100.82472215642669,20.87218765583353],[-100.82485524433258,20.873054623937808],[-100.825104359788,20.8738371143631],[-100.82546505138647,20.87428692356359],[-100.82523745210776,20.874704081742046],[-100.82447660301868,20.874880879648888],[-100.82352539590384,20.87427431057603],[-100.82316174394421,20.873659027975897],[-100.82244853280919,20.873214437267738],[-100.82216143026488,20.87359109525957],[-100.82234362443268,20.873919421530793],[-100.8222350092159,20.874417569554502],[-100.82212713462103,20.874957084773413],[-100.82232267363706,20.87603002107003],[-100.82257252385257,20.87685388275175],[-100.8227011572694,20.877472649416713],[-100.82295323713221,20.878420611690807],[-100.82338084988561,20.879324592857714],[-100.82391485516143,20.879606322343854],[-100.82497619225403,20.879797471547064],[-100.82562697388143,20.88003608481567],[-100.8254090171698,20.880991016239214],[-100.82524016687378,20.881407303000508],[-100.82536436277081,20.881777863502982],[-100.82554583264341,20.882064817700456],[-100.82591619917685,20.883052396406775],[-100.8267492132797,20.883619324517063],[-100.82658630592994,20.88436654909554],[-100.82671496452055,20.88498531053864],[-100.8262493477997,20.885240491680108],[-100.82583803362716,20.885246596971754],[-100.825249699403,20.88521394999226],[-100.82466210745105,20.88522266809406],[-100.82412808022988,20.884940942685123],[-100.82371083104171,20.88461610560609],[-100.82329580898796,20.884415368855443],[-100.82293583843257,20.8840069240637],[-100.82281387097483,20.883760463120193],[-100.82239811086001,20.883518356721133],[-100.82203740350916,20.88306854246048],[-100.8213866129425,20.882829916147397],[-100.82091209920503,20.882588676250005],[-100.8204904174501,20.882015626785503],[-100.82030821591073,20.881687299256352],[-100.81997949094695,20.88138183013255],[-100.81965076731252,20.88107636026826],[-100.81911157966746,20.88050504630994],[-100.81822873535877,20.880435354456726],[-100.8175243844876,20.880487152690456],[-100.81670917653624,20.880912991868215],[-100.81629787184534,20.880919073360587],[-100.81629195366472,20.88058813453736],[-100.81622357931985,20.88005122759332],[-100.81609570865324,20.879473821805224],[-100.8158510646434,20.878939520231636],[-100.81543458873018,20.878656027583638],[-100.81528288997028,20.87838931037793],[-100.81513119177434,20.878122592990383],[-100.81482779707432,20.877589157669707],[-100.81399559711309,20.877063532762968],[-100.81357691302385,20.876655932582317],[-100.81335223202571,20.87723854726735],[-100.81359169160274,20.877483281328757],[-100.81378052436094,20.87818392446804],[-100.81378717553623,20.87855623130222],[-100.81367261753847,20.878723436541055],[-100.8133296809958,20.87926641932274],[-100.81315858127915,20.87955859422877],[-100.81299191401156,20.880098973627096],[-100.81265044973843,20.880724690252507],[-100.81225022466599,20.8813512737058],[-100.81208724589926,20.882098489740933],[-100.81227755682251,20.882881869153092],[-100.81198967243732,20.883217145420502],[-100.81163638065549,20.88318098140257],[-100.81110459714733,20.883023315312702],[-100.81033777951127,20.882869114535914],[-100.80993237271615,20.883206121075585],[-100.81012046001463,20.883865401043703],[-100.81042090017073,20.88423337472967],[-100.81102178496974,20.884969320150514],[-100.81162267575147,20.885705262969406],[-100.81133404639348,20.885999171080854],[-100.81057459675674,20.886258647170287],[-100.81052469687135,20.886755923643403],[-100.81076564543507,20.887083395552096],[-100.81095374253242,20.887742673699492],[-100.81137688510705,20.888398482686686],[-100.81102210405723,20.888279583410966],[-100.81036908921942,20.887916813266198],[-100.8097689326515,20.88722223389634],[-100.80946184483983,20.88648195209352],[-100.80909083480812,20.885452963313927],[-100.80855461844327,20.885047084614417],[-100.80749841858635,20.88514540753664],[-100.80679698771101,20.88536263364005],[-100.80704161303653,20.88589694937674],[-100.80745662098161,20.886097726860143],[-100.8081646932484,20.886252805610287],[-100.80840194721978,20.886373443713467],[-100.80859741149874,20.887446400419492],[-100.80849317119066,20.88819274803726],[-100.80820526871466,20.8885280190854],[-100.80797981478933,20.889069261232617],[-100.80839925996234,20.889518240654255],[-100.80847868225793,20.890675664326675],[-100.80789696531868,20.891015266433882],[-100.80760758119555,20.89126780183702],[-100.8075591465397,20.891847813023755],[-100.80750554789827,20.892138251616903],[-100.80765946251147,20.892529077830634],[-100.80781337799432,20.89291990383055],[-100.80806540001038,20.89386789140291],[-100.80830561820198,20.894153998600572],[-100.808487073975,20.89444097180982],[-100.80885663088578,20.89538722463632],[-100.80927609761174,20.895836200116776],[-100.80893015797841,20.896213707219328],[-100.80821982364083,20.895934532860366],[-100.80756751779037,20.895613121731177],[-100.80668089716346,20.895336538846003],[-100.80597057048178,20.895057354500505],[-100.80520369401049,20.89490313496632],[-100.80420692235941,20.895041944879402],[-100.80345772692752,20.89588053952608],[-100.80308275783835,20.896279152016252],[-100.80270778678614,20.89667776380982],[-100.80236109145247,20.89701389129965],[-100.80213486939248,20.897513760059017],[-100.80184767210795,20.89789038998748],[-100.80162291969881,20.898472993482176],[-100.80198655581164,20.899088322278015],[-100.80240012282525,20.89920637439643],[-100.80287098263685,20.89924082567556],[-100.80322946870513,20.899566578217282],[-100.80341902718975,20.900308600154307],[-100.8039670799821,20.901376372182792],[-100.8042786004441,20.902364867628393],[-100.80429334227063,20.903192218352743],[-100.80424194632577,20.903606758906893],[-100.80424710607286,20.903896331633653],[-100.80461592796524,20.90480122537242],[-100.80479886611697,20.905170936764826],[-100.80286093810615,20.905216792075304],[-100.80110592875941,20.905627482547825],[-100.79964420207828,20.907439264048936],[-100.79835707477888,20.907561872401324],[-100.79677763520037,20.90813746774376],[-100.79595895231408,20.909002071712315],[-100.79595933369683,20.909743716235194],[-100.79625230808331,20.91056799718774],[-100.79695477248472,20.911227790019762],[-100.7975402870209,20.912011095233094],[-100.79876960350408,20.91312451703838],[-100.79941342410075,20.913495835888913],[-100.80064240506253,20.913950004416854],[-100.80181301886216,20.91465133329631],[-100.80210599017688,20.915393196090985],[-100.80222335934928,20.916011319078155],[-100.80228235595236,20.916876611739735],[-100.8022826330561,20.91737103947983],[-100.80146306884261,20.91666998190305],[-100.8008190482698,20.91596905350199],[-100.80023368047783,20.915515381118357],[-100.79947278104832,20.915061571447694],[-100.79888746489576,20.914690298632955],[-100.79836075081906,20.91448387863893],[-100.7977758100443,20.91481304266167],[-100.7975418938828,20.915060074522845],[-100.7978933140468,20.91571958683274],[-100.79801066653906,20.91633771392947],[-100.79871307857117,20.916832687058694],[-100.79953252028628,20.91732774686736],[-100.80029354470557,20.917987567053764],[-100.80082052351946,20.918647205605982],[-100.8022252757859,20.919431110816024],[-100.80339605808213,20.920338436158016],[-100.80377657357275,20.92064773571721],[-100.8041570906084,20.92095703430364],[-100.79183954240865,20.9218713300107],[-100.79186525867026,20.921664060562943],[-100.7916852643545,20.92145980613482],[-100.79120993064254,20.921177122363353],[-100.79085434887196,20.92101681828911],[-100.79066848589547,20.920481620409287],[-100.79030703642206,20.919990372729092],[-100.78995292562361,20.919912802077206],[-100.78918886476772,20.919923990257338],[-100.78888986174279,20.919638717725753],[-100.78864816706043,20.91926984862845],[-100.7884615811981,20.918693279681143],[-100.78827792942764,20.918282181777332],[-100.78786431710455,20.918164098683068],[-100.78698051924864,20.9180528926713],[-100.78702964383132,20.91846441461631],[-100.78704955159503,20.918631183236485],[-100.78735514530779,20.919288770201376],[-100.78771511776857,20.91969728928214],[-100.78767247010947,20.920608241998295],[-100.78702815182369,20.92074180432035],[-100.78614507156117,20.92067196294016],[-100.7846103487678,20.920321991068484],[-100.78456109273957,20.920860633010406],[-100.78151008181757,20.919934896054546],[-100.77724588818958,20.92000160128912],[-100.77533315859333,20.919937566343044],[-100.7743125997589,20.920410575275092],[-100.77705700770491,20.924077617921938],[-100.7782834799458,20.923597331831715],[-100.77958712743752,20.92447638407895],[-100.78315492282874,20.926115574232963],[-100.78330808602709,20.92646505505532],[-100.78349832496058,20.927248469452216],[-100.78392660406837,20.928193919545127],[-100.78417709129626,20.929059209480712],[-100.7844064540777,20.929671067169963],[-100.78376005558708,20.9299353351038],[-100.78306705726223,20.93021865085621],[-100.78262902218219,20.930397729048426],[-100.7823669356358,20.931138185544928],[-100.78197525540389,20.932244762151615],[-100.78170452391147,20.93219872483164],[-100.78040480403551,20.931845290081963],[-100.77940190759645,20.931653029942883],[-100.77839462862728,20.93121255560564],[-100.77711053416924,20.930844969061997]]]},"properties":{"seccion":211,"municipio":3,"electores":1270}},{"type":"Feature","geometry":{"type":"Polygon","coordinates":[[[-100.85188735866666,20.94100735515367],[-100.85094237279924,20.94077327822022],[-100.85051814924365,20.940076228527058],[-100.85003965435257,20.939628256814018],[-100.8494993809365,20.93901570035775],[-100.84913770036216,20.938524595717325],[-100.84860043561534,20.938077500852135],[-100.84800664538065,20.937755384156],[-100.84746788684522,20.937225552625247],[-100.84693213104593,20.936861184360982],[-100.84604445667186,20.936543464129795],[-100.845046721031,20.936641163083358],[-100.84387938788124,20.93711379333135],[-100.84378410545318,20.93672213224298],[-100.84368882360225,20.93633047104755],[-100.84303028220997,20.935678284015232],[-100.84254808050764,20.935023456190258],[-100.84223997122066,20.934241889889762],[-100.84193036889613,20.93337758980523],[-100.84114008189813,20.931941188541767],[-100.84064070096878,20.930334923970385],[-100.84044418282085,20.92922066344917],[-100.83988604541945,20.92761527330633],[-100.83986853851775,20.92753012209088],[-100.8395637669128,20.926047734876924],[-100.83919019512433,20.924894738630282],[-100.83923327646775,20.9240251627627],[-100.83892595834028,20.92328495316274],[-100.83803240461718,20.922636250716792],[-100.83754802976932,20.921857303230542],[-100.83713064557887,20.9215325099609],[-100.83652724109925,20.920672579551084],[-100.83622292937905,20.92009782998608],[-100.83609120525982,20.919313616517982],[-100.8361365444392,20.918568139723007],[-100.83587907199893,20.917330645382854],[-100.83580388595638,20.916421454579257],[-100.83584497270384,20.915481129735205],[-100.83589009116038,20.91468230032391],[-100.83605521017645,20.914059170481835],[-100.83604103429963,20.913273203094356],[-100.83603357350917,20.91285953601593],[-100.83602611285482,20.91244586891508],[-100.83624253782399,20.91140819546616],[-100.83727574964739,20.91002731554849],[-100.83768041059696,20.90964887761529],[-100.83808506951362,20.90927043885742],[-100.83883860035479,20.90867990276998],[-100.8395385859365,20.908379807759285],[-100.84041262980527,20.907952976954878],[-100.84093555907776,20.907614143263583],[-100.84174036237542,20.906609051753353],[-100.84236810801401,20.9055652257745],[-100.84288130407593,20.90468862142153],[-100.84333647649723,20.90385426112752],[-100.84367336533387,20.90298029089541],[-100.84406377996062,20.90181587540123],[-100.84434414031313,20.901066882808376],[-100.84515337755307,20.90030997806529],[-100.84584582696198,20.89959619539961],[-100.84722995752996,20.898127256434915],[-100.84601943811649,20.894744856139656],[-100.84448068833187,20.892556693906155],[-100.84267706770133,20.889991680707745],[-100.84129488714933,20.888090875034173],[-100.84128450424133,20.88723956409219],[-100.8420183786714,20.886205637840416],[-100.84265650891706,20.885740948468392],[-100.84371267184032,20.88564240960928],[-100.84421165454589,20.88582444902532],[-100.8448126209198,20.886350103313482],[-100.84581380712116,20.887190717134512],[-100.84705806123246,20.887070849680658],[-100.84907917582207,20.886637933555185],[-100.84877864182002,20.88627003526896],[-100.84859487784364,20.88585900993964],[-100.84840512543438,20.8851170520046],[-100.8486229379497,20.884162102047977],[-100.8489635048621,20.883494957713403],[-100.84913154078343,20.883037285760913],[-100.84935309103496,20.882289167881705],[-100.84891109286396,20.880599299757453],[-100.84865809982821,20.87961002180712],[-100.84865211108904,20.879279089310085],[-100.84864612243746,20.878948156798668],[-100.84816335146414,20.878251962443994],[-100.84739877918133,20.87822202867379],[-100.84645569590467,20.87807062865794],[-100.84569187197928,20.878082053796685],[-100.84497783287394,20.87759619712163],[-100.84485209935292,20.87714292068098],[-100.84424661012761,20.87615890333429],[-100.84393789107659,20.875335960006616],[-100.843330921793,20.874269204801358],[-100.84361348737184,20.873644314809763],[-100.84420252217296,20.873718268364374],[-100.84490757069611,20.873707729853326],[-100.84543859951972,20.873823924076806],[-100.8461406570422,20.873647913825856],[-100.84672445706079,20.873432292105182],[-100.84748526462093,20.873255397621367],[-100.84818881303389,20.873162112538964],[-100.84854133520821,20.873156835532157],[-100.84871385411716,20.872947363795202],[-100.84916516942367,20.871906161632165],[-100.84981519776694,20.87210331613062],[-100.85014021250483,20.872201892403794],[-100.85046522762015,20.872300468026218],[-100.85081175548889,20.871964254123057],[-100.85121853296997,20.871709892268687],[-100.8518738073165,20.872196604458168],[-100.85252383960629,20.87239374829274],[-100.85306011482318,20.872799484184984],[-100.85342313116206,20.873373327861216],[-100.85390290812668,20.873904041254395],[-100.85455820037434,20.874390741674667],[-100.85503498375918,20.87475598557616],[-100.85562627631997,20.874953998255165],[-100.85592154789674,20.87503232058074],[-100.85674635794311,20.87514406766064],[-100.85786944578257,20.875499594921596],[-100.85952057613845,20.875805798217232],[-100.86087493252141,20.875950939616065],[-100.86146548383249,20.876107564880474],[-100.86264658965085,20.876420809003484],[-100.86388494890763,20.876650427269464],[-100.86482953839334,20.876884462833946],[-100.86594888773939,20.877033103797295],[-100.86706941682901,20.877016209581537],[-100.86753526065472,20.877009183894433],[-100.86905986093555,20.87682067177254],[-100.86958789612751,20.876771324494218],[-100.87064245600199,20.87658989306726],[-100.87119948922263,20.87651941427493],[-100.87175652177064,20.8764489337058],[-100.87310409067989,20.876221683121116],[-100.8744607213953,20.876490813407518],[-100.87522679149501,20.87660335820348],[-100.87558082775661,20.87668075670757],[-100.87594242420384,20.877171813369852],[-100.87635748470292,20.877372418677787],[-100.87682373822456,20.87715847482147],[-100.87740674224825,20.876901384809926],[-100.87775472809888,20.8766478518832],[-100.87822022056669,20.87639253868067],[-100.87886272950342,20.876175920063684],[-100.8797990048292,20.875954847549515],[-100.88115033874969,20.875934363626573],[-100.881915650804,20.876005512535652],[-100.88280377543863,20.87636443524647],[-100.8838109279143,20.87680430088962],[-100.88464106547123,20.877205470772626],[-100.88552692678775,20.877440281301602],[-100.88593896382108,20.877475399757067],[-100.88635100096116,20.877510517204477],[-100.88676152027737,20.877462902411814],[-100.88728651079418,20.877248038302252],[-100.88775122744859,20.876951334648318],[-100.88898125855393,20.876725746594115],[-100.89004034353958,20.87679239052521],[-100.89092012767527,20.876696248514442],[-100.89197617079519,20.87659741843039],[-100.89314667607799,20.876331330182513],[-100.89379220190598,20.876280118881372],[-100.89496574517547,20.87617948027908],[-100.89649561295204,20.876280284330058],[-100.89755545596566,20.876388247033393],[-100.89796215642775,20.876133779136996],[-100.89900675327404,20.87541442648582],[-100.89981861740308,20.874822753044874],[-100.90085251787079,20.873524276454027],[-100.90182383488374,20.872019866325616],[-100.90190452171528,20.871916001096977],[-100.90279971229401,20.87076364336899],[-100.90378702489207,20.870127894233995],[-100.90482696980678,20.86916031965197],[-100.9055205136202,20.868529055322952],[-100.90578068653944,20.868297501225186],[-100.90605815441421,20.868870979647372],[-100.90733475987224,20.87150943529091],[-100.90985646177151,20.873929068910474],[-100.90990003107486,20.874449979335424],[-100.90998986033946,20.875523951998776],[-100.9097647526189,20.875980170741368],[-100.9087753721188,20.877985284141626],[-100.90833493227784,20.880899005681357],[-100.90842765411344,20.881145845463266],[-100.90852037628312,20.881392685164773],[-100.90894313689444,20.88200685735325],[-100.90933010497099,20.88386287929355],[-100.90982847319661,20.885386177421562],[-100.91039250091956,20.88728085657023],[-100.9103071468559,20.889019987439426],[-100.90984474164976,20.88944084639978],[-100.90914883262924,20.889948037877986],[-100.90850785067924,20.890247501206584],[-100.90793021520322,20.89079425193106],[-100.90741056920129,20.89129873566693],[-100.90683522035535,20.891969578334052],[-100.906607832776,20.892386829089503],[-100.90626827869266,20.8930954348852],[-100.90609658875114,20.893346324988524],[-100.90539300361024,20.893439852716288],[-100.9045718980964,20.89353517645788],[-100.9039308909414,20.89383462436344],[-100.90328911711579,20.894092704935524],[-100.9028877280403,20.894636743884238],[-100.9026702555178,20.895591737011042],[-100.90244437892929,20.896091713609707],[-100.90181605925702,20.900837790815014],[-100.90130485372009,20.905206903316735],[-100.90118738636849,20.90706099667043],[-100.90111592659726,20.90818890361039],[-100.89864999992548,20.910238408396808],[-100.89302775589731,20.913493576268188],[-100.88912270747306,20.918219537612153],[-100.88733731026727,20.920367791488925],[-100.88614591545773,20.922366371025195],[-100.88606763906508,20.922905462214313],[-100.88585155288553,20.923943172988277],[-100.88533400222967,20.92457169829712],[-100.88499580473251,20.925363003272658],[-100.884483564051,20.926281084554166],[-100.88402477349307,20.926908713274706],[-100.88386896264933,20.928028260087608],[-100.88353378921369,20.92898502479873],[-100.88337341661128,20.929856378698208],[-100.88351071493999,20.930930093610773],[-100.88358012472222,20.931508316350524],[-100.88382738084361,20.932166589676065],[-100.88424868674547,20.932698085564382],[-100.88501732989111,20.932934659680324],[-100.88496919519478,20.933514668906486],[-100.88480654826853,20.93426192730384],[-100.88458740359279,20.9351341755328],[-100.88413466903333,20.936092729070438],[-100.88396365737876,20.936384967657894],[-100.88438041674459,20.93666826973783],[-100.88468114333621,20.937036089158692],[-100.88380404296213,20.93729768704984],[-100.88239870061382,20.93760868464397],[-100.88082309079826,20.938253272545772],[-100.87971389809005,20.93868388246832],[-100.87872149661577,20.939071336435767],[-100.87796572016892,20.93953794977175],[-100.87782370282252,20.93980905471186],[-100.87768168499608,20.94008015956409],[-100.87741111521063,20.939753246919302],[-100.87714054662489,20.939426333744503],[-100.87613449163842,20.939069193190303],[-100.87554822300544,20.939160833071895],[-100.87449021072003,20.939176863682636],[-100.87366579745537,20.93910659612712],[-100.87277957857683,20.938871751697363],[-100.87212696213598,20.938550612930406],[-100.87164841330232,20.93810270624054],[-100.8710507985463,20.93757384494217],[-100.87044713844324,20.936714055340772],[-100.86972971060116,20.936062869158444],[-100.86889851316012,20.935620285118056],[-100.86818411914653,20.935134554639866],[-100.86671317995817,20.93507401960787],[-100.86590237792372,20.935748297834643],[-100.86480145297602,20.93663383728516],[-100.86346691061378,20.93760564873705],[-100.86271335038421,20.93819629529585],[-100.86155134790911,20.93895860479083],[-100.86014969588446,20.939476253432932],[-100.85856943626324,20.939872448142093],[-100.85772089987296,20.940092107918556],[-100.85687236067487,20.940311763651692],[-100.85523555788077,20.940832911362147],[-100.85341563762724,20.940984398680833],[-100.85188735866666,20.94100735515367]]]},"properties":{"seccion":213,"municipio":3,"electores":1223}},{"type":"Feature","geometry":{"type":"Polygon","coordinates":[[[-100.80418197461935,20.971587265328875],[-100.80414159132906,20.971556451294987],[-100.80403971880403,20.971478729907666],[-100.80354275277145,20.971099578549286],[-100.80283971613153,20.970027819041015],[-100.80272928587614,20.969717324480715],[-100.80242930425231,20.9688738643705],[-100.80219483475113,20.968296865142147],[-100.80190185922143,20.967761024807054],[-100.80149162997333,20.966895481308963],[-100.8012569763056,20.96598886332678],[-100.80131495754125,20.96504125780989],[-100.80137296244105,20.964134854339644],[-100.80154790818803,20.963022526197744],[-100.80166439395866,20.96203376133023],[-100.80178097452861,20.961209804861642],[-100.80160474066818,20.960097218586164],[-100.80131150016233,20.959066949794504],[-100.80090139661527,20.958366210671823],[-100.79978877145817,20.957335329608078],[-100.7994110016901,20.95693375853248],[-100.79903323395936,20.956532186455455],[-100.79893527683762,20.956397467459578],[-100.79869047498897,20.956068210523206],[-100.79842997927217,20.955769285972313],[-100.79823406733986,20.955499847042965],[-100.7981020176854,20.95519956705527],[-100.79782709131456,20.95503654632097],[-100.79771145883731,20.954766260103934],[-100.79762667624868,20.954390063035337],[-100.79739883704673,20.95413604316164],[-100.79723558048485,20.95391150947208],[-100.79718381119156,20.953610382280026],[-100.79697311009966,20.95344668292889],[-100.79674689446126,20.953328397716486],[-100.79666427652229,20.953133180880876],[-100.79650012181281,20.952833237543953],[-100.79632027266379,20.95256362664152],[-100.79610777363219,20.952249108466226],[-100.79589653559678,20.95204016226187],[-100.79582925474115,20.95178444872829],[-100.79574555901986,20.951498740702412],[-100.795742679183,20.951257432525455],[-100.79585736060169,20.95119801268142],[-100.79660443312551,20.950810929308474],[-100.79754308533222,20.949180968061512],[-100.79762693237583,20.94903536658578],[-100.79614448412899,20.948598477117404],[-100.7958192482038,20.94825497808492],[-100.79570362543535,20.947984689664324],[-100.79568289196315,20.94759273274619],[-100.79506885477623,20.947267356262067],[-100.7943988094005,20.947154251346678],[-100.79416419520041,20.94616521160745],[-100.7939294559687,20.944928957115497],[-100.79375347938777,20.944145973991894],[-100.79357778196814,20.94389862120835],[-100.79322592258337,20.942497462738594],[-100.79340093841485,20.94142634011921],[-100.79392718919647,20.940561506917795],[-100.79462891242946,20.939532001089837],[-100.79533064807461,20.938543695301036],[-100.79609107024748,20.937885051472414],[-100.79702702478335,20.93718533818834],[-100.79796299281065,20.936526822650528],[-100.7986064209432,20.93599168595779],[-100.79960084839617,20.935250802563274],[-100.80036123486589,20.934592142007215],[-100.80094610386978,20.934015751126868],[-100.80147237990604,20.933315707952403],[-100.80211561790273,20.932492144020642],[-100.80264188345954,20.93179209789934],[-100.80305125032002,20.93133917718161],[-100.80305096689595,20.93084475039692],[-100.80322614164604,20.930185644681828],[-100.80369363985116,20.92907353047295],[-100.80375182426747,20.92849674244952],[-100.80398534396691,20.927549263792926],[-100.80427754423758,20.926890243589984],[-100.8044527581243,20.92631354150143],[-100.80480358988983,20.925860574751106],[-100.80509602428877,20.92561357569377],[-100.80550544048577,20.92528425716093],[-100.8054464905636,20.9245425746523],[-100.80509491880098,20.9237182735417],[-100.80503604407436,20.923100197258403],[-100.80485997376012,20.922193619317262],[-100.80415709056663,20.920957034479134],[-100.80377657353105,20.920647735892782],[-100.8033960580405,20.92033843633359],[-100.80222527574448,20.919431110991784],[-100.80082052347827,20.918647205781827],[-100.80029354466447,20.917987567229687],[-100.7995325202453,20.917327747043387],[-100.79871307853034,20.916832687234805],[-100.79801066649834,20.916337714105577],[-100.79789331400612,20.91571958700894],[-100.79754189384218,20.91506007469922],[-100.79777581000364,20.91481304283805],[-100.79836075077829,20.914483878815403],[-100.7988874648549,20.91469029880934],[-100.79947278100737,20.915061571624076],[-100.80023368043676,20.915515381294647],[-100.80081904822862,20.915969053678193],[-100.80146306880133,20.916669982079167],[-100.80228263301468,20.917371039655862],[-100.80228235591093,20.91687661191575],[-100.80222335930787,20.916011319254363],[-100.80210599013549,20.91539319626729],[-100.80181301882084,20.914651333472687],[-100.80064240502139,20.913950004593335],[-100.79941342405982,20.91349583606548],[-100.79876960346326,20.91312451721503],[-100.79754028698028,20.91201109540984],[-100.79695477244421,20.91122779019668],[-100.79625230804292,20.91056799736475],[-100.7959593336565,20.90974371641238],[-100.79595895227372,20.909002071889507],[-100.7967776351599,20.90813746792113],[-100.79835707473815,20.9075618725787],[-100.79964420203733,20.907439264226397],[-100.80110592871823,20.905627482725656],[-100.80286093806468,20.90521679225315],[-100.80479886607517,20.905170936942564],[-100.80461592792346,20.904801225550347],[-100.80424710603114,20.903896331811676],[-100.80424194628407,20.90360675908491],[-100.80429334222892,20.903192218530855],[-100.8042786004024,20.90236486780668],[-100.80396707994046,20.901376372361174],[-100.80341902714821,20.900308600332867],[-100.80322946866359,20.899566578395937],[-100.80287098259538,20.899240825854207],[-100.80240012278388,20.899206374575165],[-100.80198655577033,20.899088322456667],[-100.80162291965756,20.898472993661006],[-100.80184767206669,20.897890390166395],[-100.80213486935116,20.897513760238027],[-100.80236109141111,20.897013891478654],[-100.80270778674472,20.89667776398882],[-100.80308275779686,20.89627915219545],[-100.80345772688598,20.895880539705267],[-100.80420692231776,20.89504194505868],[-100.80520369396865,20.894903135145608],[-100.80597057043981,20.895057354679878],[-100.80668089712138,20.895336539025283],[-100.80756751774813,20.895613121910372],[-100.80821982359848,20.89593453303948],[-100.80893015793592,20.896213707398438],[-100.80927609756921,20.895836200295975],[-100.80885663084334,20.895387224815515],[-100.80848707393261,20.8944409719893],[-100.80830561815962,20.89415399878004],[-100.80806539996806,20.893867891582378],[-100.80781337795203,20.892919904010196],[-100.8076594624692,20.89252907801037],[-100.80750554785607,20.892138251796638],[-100.80755914649747,20.891847813203583],[-100.80760758115333,20.891267802016937],[-100.80789696527641,20.891015266613802],[-100.80847868221554,20.890675664506684],[-100.80839925991998,20.88951824083435],[-100.80797981474704,20.889069261412807],[-100.80820526867234,20.888528019265685],[-100.8084931711483,20.88819274821764],[-100.80859741145636,20.88744640059995],[-100.80840194717743,20.886373443894115],[-100.8081646932061,20.886252805790928],[-100.80745662093943,20.886097727040784],[-100.80704161299441,20.88589694955747],[-100.80679698766895,20.885362633820783],[-100.80749841854416,20.885145407717385],[-100.8085546184009,20.88504708479515],[-100.80909083476566,20.885452963494657],[-100.80946184479728,20.886481952274075],[-100.8097689326089,20.887222234076802],[-100.81036908917672,20.887916813446576],[-100.81102210401443,20.888279583591252],[-100.81137688506416,20.888398482866975],[-100.81095374248962,20.887742673879874],[-100.81076564539232,20.887083395732567],[-100.81052469682862,20.886755923823962],[-100.81057459671399,20.88625864735085],[-100.81133404635061,20.885999171261588],[-100.81162267570856,20.885705263150147],[-100.81102178492695,20.88496932033126],[-100.81042090012804,20.88423337491059],[-100.81012045997201,20.883865401224718],[-100.80993237267356,20.883206121256684],[-100.81033777946861,20.882869114717018],[-100.81110459710453,20.883023315493805],[-100.8116363806126,20.883180981583678],[-100.81198967239436,20.883217145601517],[-100.81227755677949,20.8828818693342],[-100.8120872458563,20.882098489922125],[-100.812250224623,20.881351273887088],[-100.81265044969538,20.880724690433883],[-100.81299191396845,20.880098973808657],[-100.81315858123601,20.87955859441042],[-100.81332968095266,20.87926641950448],[-100.81367261749524,20.87872343672279],[-100.81378717549299,20.878556231483966],[-100.8137805243177,20.878183924649875],[-100.81359169155952,20.87748328151067],[-100.81335223198255,20.877238547449263],[-100.81357691298065,20.87665593276433],[-100.8139955970698,20.87706353294497],[-100.81482779703087,20.877589157851627],[-100.81513119173086,20.87812259317222],[-100.81528288992676,20.878389310559765],[-100.81543458868663,20.87865602776538],[-100.81585106459978,20.87893952041328],[-100.81609570860958,20.879473821986878],[-100.8162235792762,20.880051227774885],[-100.81629195362102,20.880588134718835],[-100.81629787180164,20.880919073541964],[-100.81670917649247,20.88091299204959],[-100.81752438444367,20.880487152871932],[-100.81822873531475,20.880435354638205],[-100.81911157962327,20.88050504649151],[-100.81965076726824,20.881076360449747],[-100.8199794909026,20.88138183031394],[-100.82030821586633,20.88168729943765],[-100.82049041740565,20.882015626966805],[-100.8209120991605,20.882588676431208],[-100.82138661289788,20.88282991632851],[-100.82203740346442,20.88306854264161],[-100.82239811081521,20.883518356902165],[-100.82281387092996,20.883760463301225],[-100.82293583838765,20.88400692424465],[-100.823295808943,20.88441536903639],[-100.82371083099666,20.88461610578704],[-100.82412808018475,20.884940942865974],[-100.82466210740584,20.885222668274828],[-100.82524969935768,20.885213950173025],[-100.82583803358175,20.885246597152527],[-100.8262493477542,20.88524049186097],[-100.82671496447496,20.88498531071942],[-100.82658630588438,20.88436654927649],[-100.82674921323411,20.883619324698106],[-100.82591619913143,20.883052396587907],[-100.82554583259807,20.882064817881673],[-100.8253643627255,20.881777863684295],[-100.82524016682848,20.88140730318181],[-100.82540901712449,20.880991016420705],[-100.82562697383607,20.880036084997247],[-100.82497619220878,20.879797471728637],[-100.82391485511637,20.879606322525525],[-100.82338084984066,20.879324593039378],[-100.82295323708733,20.87842061187266],[-100.82270115722457,20.877472649598648],[-100.82257252380776,20.876853882933776],[-100.8223226735923,20.876030021252138],[-100.82212713457632,20.874957084955714],[-100.82223500917117,20.874417569736888],[-100.82234362438793,20.87391942171328],[-100.82216143022019,20.873591095442144],[-100.82244853276444,20.873214437450304],[-100.8231617438993,20.87365902815838],[-100.82352539585887,20.87427431075842],[-100.82447660297355,20.874880879831196],[-100.8252374520625,20.874704081924442],[-100.82546505134117,20.874286923746084],[-100.82510435974275,20.873837114545584],[-100.82485524428738,20.873054624120382],[-100.82472215638151,20.872187656016276],[-100.82435553860516,20.87140690700288],[-100.82370553844886,20.87120965299431],[-100.82334708417666,20.870883940688195],[-100.82305109171492,20.870764192966806],[-100.82286371148525,20.870146296460295],[-100.82261090913684,20.86915696486923],[-100.82283480274741,20.868532973748174],[-100.82318064757972,20.868155444543113],[-100.82375927618605,20.86765032960089],[-100.82434160889659,20.867352049071823],[-100.82463388686453,20.86726495894688],[-100.82487037925003,20.867344208459656],[-100.82505850488866,20.868003469811757],[-100.82571220225225,20.86840755555393],[-100.82606620222832,20.86848506000617],[-100.82629972848342,20.8683988386563],[-100.82635477019355,20.86819113101505],[-100.82658384240636,20.867856706329537],[-100.82687686202173,20.867810979557895],[-100.82717879016883,20.86826165809048],[-100.82735950247815,20.868507244594003],[-100.82766069100492,20.86891655489733],[-100.82819912099193,20.86944647617254],[-100.82848991455216,20.869276645117377],[-100.82866097333233,20.868984457573692],[-100.82912579464363,20.868687906306697],[-100.82953631990807,20.86864042934456],[-100.83001302932385,20.869005749116408],[-100.8304889976686,20.869329700312367],[-100.8306176540407,20.869948459615348],[-100.83080357805297,20.87048361121677],[-100.83074928545784,20.870732686895124],[-100.83040494219459,20.871192964450024],[-100.83007843616122,20.872646050829935],[-100.83049937974494,20.87317770943901],[-100.83114270266424,20.873002633056267],[-100.83160158037423,20.872375138475125],[-100.83223597163186,20.871703654212638],[-100.83287482155293,20.87128036992581],[-100.83352631954182,20.871560322113975],[-100.83411832170263,20.87179977925517],[-100.83436897039684,20.872664986792913],[-100.83494906370677,20.872242569601305],[-100.83588391004862,20.871939000708917],[-100.83647517174168,20.87213708238852],[-100.83706941573556,20.872500629439507],[-100.83737361931236,20.873075387410157],[-100.83756329840956,20.873817363744685],[-100.83763547043702,20.8745610914263],[-100.83776863487606,20.875428043604884],[-100.83771882584372,20.875925321745747],[-100.837671998636,20.876588067264326],[-100.83745188613985,20.877418907858385],[-100.8371135140539,20.878210133029764],[-100.83694768094253,20.878791896288124],[-100.83747946945348,20.87894948114373],[-100.83800753061612,20.87890023011924],[-100.8387646493573,20.878516537676344],[-100.83916773647134,20.878055367831333],[-100.8398757919333,20.878210315705402],[-100.840416536395,20.878864292632358],[-100.84054449785393,20.879441673424683],[-100.84061743589486,20.880226764850086],[-100.84063460379242,20.881178200213963],[-100.84059077558105,20.882006412314432],[-100.84060122611548,20.88258554678353],[-100.84090695931546,20.883243028787376],[-100.8413837426564,20.883608310793118],[-100.84180177014056,20.88397446885238],[-100.84227631694932,20.8842156479098],[-100.84292788720025,20.884495558418084],[-100.8436984712266,20.88485644314223],[-100.84399824301154,20.885182984905697],[-100.84371267184032,20.88564240960928],[-100.84265650891706,20.885740948468392],[-100.8420183786714,20.886205637840416],[-100.84128450424133,20.88723956409219],[-100.84129488714933,20.888090875034173],[-100.84267706770133,20.889991680707745],[-100.84448068833187,20.892556693906155],[-100.84601943811649,20.894744856139656],[-100.84722995752996,20.898127256434915],[-100.84584582696198,20.89959619539961],[-100.84515337755307,20.90030997806529],[-100.84434414031313,20.901066882808376],[-100.84406377996062,20.90181587540123],[-100.84367336533387,20.90298029089541],[-100.84333647649723,20.90385426112752],[-100.84288130407593,20.90468862142153],[-100.84236810801401,20.9055652257745],[-100.84174036237542,20.906609051753353],[-100.84093555907776,20.907614143263583],[-100.84041262980527,20.907952976954878],[-100.8395385859365,20.908379807759285],[-100.83883860035479,20.90867990276998],[-100.83808506951362,20.90927043885742],[-100.83768041059696,20.90964887761529],[-100.83727574964739,20.91002731554849],[-100.83624253782399,20.91140819546616],[-100.83602611285482,20.91244586891508],[-100.83603357350917,20.91285953601593],[-100.83604103429963,20.913273203094356],[-100.83605521017645,20.914059170481835],[-100.83589009116038,20.91468230032391],[-100.83584497270384,20.915481129735205],[-100.83580388595638,20.916421454579257],[-100.83587907199893,20.917330645382854],[-100.8361365444392,20.918568139723007],[-100.83609120525982,20.919313616517982],[-100.83622292937905,20.92009782998608],[-100.83652724109925,20.920672579551084],[-100.83713064557887,20.9215325099609],[-100.83754802976932,20.921857303230542],[-100.83803240461718,20.922636250716792],[-100.83892595834028,20.92328495316274],[-100.83923327646775,20.9240251627627],[-100.83919019512433,20.924894738630282],[-100.8395637669128,20.926047734876924],[-100.83986853851775,20.92753012209088],[-100.83988604541945,20.92761527330633],[-100.84044418282085,20.92922066344917],[-100.84064070096878,20.930334923970385],[-100.84114008189813,20.931941188541767],[-100.84193036889613,20.93337758980523],[-100.84223997122066,20.934241889889762],[-100.84254808050764,20.935023456190258],[-100.84303028220997,20.935678284015232],[-100.84368882360225,20.93633047104755],[-100.84378410545318,20.93672213224298],[-100.84387938788124,20.93711379333135],[-100.8431897659165,20.937993044180605],[-100.84231631242591,20.938461266561013],[-100.8414993878894,20.93880450647899],[-100.84062068744686,20.93898315564061],[-100.83910363198812,20.93962649359361],[-100.83811184734199,20.940055085936137],[-100.83723687008835,20.940440551167097],[-100.83668181892409,20.940635037121176],[-100.83612676619475,20.940829521370027],[-100.83484479329839,20.94146931486866],[-100.83396606678657,20.941647931415236],[-100.83326591908332,20.94194801470612],[-100.83245641118575,20.94270488055181],[-100.8322867801279,20.943079808441084],[-100.8321171482885,20.94345473620826],[-100.83171686303939,20.944081367231767],[-100.83012020018617,20.94412040811212],[-100.829833577341,20.946224779443924],[-100.82940656884102,20.946391553062902],[-100.82847572678777,20.946943319399217],[-100.8264957097562,20.948007219771107],[-100.82498519200988,20.949022743753957],[-100.82359222232222,20.950036509385615],[-100.82202659511918,20.951259717347458],[-100.82015761809826,20.952382235014507],[-100.81905974076824,20.953041609288785],[-100.81620667783882,20.954614877892293],[-100.81548504556707,20.95505475846828],[-100.81265847758681,20.956777678367157],[-100.80783531538381,20.959993692236395],[-100.80739976243478,20.961944893054653],[-100.80748887649851,20.96364007868659],[-100.80745079630125,20.96479922703477],[-100.80735318530704,20.965917876179354],[-100.80749000057226,20.96699168574598],[-100.80721083561411,20.96782336901312],[-100.80675381170973,20.968574921522297],[-100.80635631555771,20.96936697243815],[-100.80590002251847,20.97015989033808],[-100.80555539698356,20.9706201348472],[-100.80545173997851,20.97067689993355],[-100.80515413583281,20.970839874601392],[-100.8048565310132,20.971002848793066],[-100.80451227440514,20.97137081523873],[-100.80418197461935,20.971587265328875]]]},"properties":{"seccion":212,"municipio":3,"electores":1183}},{"type":"Feature","geometry":{"type":"Polygon","coordinates":[[[-100.88468114333621,20.937036089158692],[-100.88438041674459,20.93666826973783],[-100.88396365737876,20.936384967657894],[-100.88413466903333,20.936092729070438],[-100.88458740359279,20.9351341755328],[-100.88480654826853,20.93426192730384],[-100.88496919519478,20.933514668906486],[-100.88501732989111,20.932934659680324],[-100.88424868674547,20.932698085564382],[-100.88382738084361,20.932166589676065],[-100.88358012472222,20.931508316350524],[-100.88351071493999,20.930930093610773],[-100.88337341661128,20.929856378698208],[-100.88353378921369,20.92898502479873],[-100.88386896264933,20.928028260087608],[-100.88402477349307,20.926908713274706],[-100.884483564051,20.926281084554166],[-100.88499580473251,20.925363003272658],[-100.88533400222967,20.92457169829712],[-100.88585155288553,20.923943172988277],[-100.88606763906508,20.922905462214313],[-100.88614591545773,20.922366371025195],[-100.88733731026727,20.920367791488925],[-100.88912270747306,20.918219537612153],[-100.89302775589731,20.913493576268188],[-100.89864999992548,20.910238408396808],[-100.90111592659726,20.90818890361039],[-100.90118738636849,20.90706099667043],[-100.90130485372009,20.905206903316735],[-100.90181605925702,20.900837790815014],[-100.90244437892929,20.896091713609707],[-100.9026702555178,20.895591737011042],[-100.9028877280403,20.894636743884238],[-100.90328911711579,20.894092704935524],[-100.9039308909414,20.89383462436344],[-100.9045718980964,20.89353517645788],[-100.90539300361024,20.893439852716288],[-100.90609658875114,20.893346324988524],[-100.90626827869266,20.8930954348852],[-100.906607832776,20.892386829089503],[-100.90683522035535,20.891969578334052],[-100.90741056920129,20.89129873566693],[-100.90793021520322,20.89079425193106],[-100.90850785067924,20.890247501206584],[-100.90914883262924,20.889948037877986],[-100.90984474164976,20.88944084639978],[-100.9103071468559,20.889019987439426],[-100.91063376023422,20.889201172600526],[-100.91096037436152,20.889382357073018],[-100.91227526785575,20.890562102000633],[-100.91364740697448,20.891658202887633],[-100.91448076429414,20.89222467413328],[-100.91572620764858,20.892826183602082],[-100.91770942106305,20.892009532386368],[-100.91833733273144,20.8910068348205],[-100.9195566552049,20.89020191563577],[-100.91995028637866,20.8892441957082],[-100.92022178837341,20.888040096195482],[-100.9203170174807,20.8868387103508],[-100.92065802860813,20.886212811740883],[-100.9216430460928,20.88545286446831],[-100.92311117292341,20.885388867904425],[-100.92475325576957,20.885198046823557],[-100.92570181433284,20.8856385572726],[-100.92752016137322,20.885444990302556],[-100.92956504421161,20.88479276421785],[-100.93096283108139,20.884109141806835],[-100.9326466610929,20.883007321301115],[-100.9341673289232,20.88261140814216],[-100.93662805296441,20.88220092347371],[-100.93869063009063,20.882499972673703],[-100.93940302757888,20.882882002021624],[-100.93978355861242,20.88308606300451],[-100.94011542849636,20.883264028100637],[-100.94194997418745,20.883938958919494],[-100.94372810436032,20.88473887364798],[-100.9449797821095,20.8856710787506],[-100.94599412699591,20.886482835082603],[-100.9469536056201,20.88750231834259],[-100.94755512921083,20.888237731567834],[-100.94780800116718,20.889185447164888],[-100.94805777236394,20.889967706128395],[-100.94875431294736,20.889501730293816],[-100.94944075525316,20.888498020612424],[-100.95049292650688,20.8881920059275],[-100.95079525077732,20.888642433650496],[-100.95198902291838,20.889616860049706],[-100.95223726164159,20.89031638336575],[-100.95277384546554,20.89072177994454],[-100.95296022299927,20.8912567622065],[-100.95344194317241,20.891869891342246],[-100.9537983750384,20.892071213217232],[-100.95421745446171,20.892478436885224],[-100.95410849589359,20.89293527156961],[-100.95387891002876,20.893228483696838],[-100.95389057712917,20.893848940817048],[-100.9539610027517,20.894468481496638],[-100.9542038147858,20.894878453676803],[-100.95450849883116,20.8954529639176],[-100.9548750567306,20.89619201172226],[-100.95494782290403,20.896935642721644],[-100.95513266105618,20.897387893519298],[-100.95508168430224,20.89780244796759],[-100.9546851531494,20.898594777201513],[-100.9544602295968,20.899136173106992],[-100.9542391950175,20.899884387650125],[-100.95413178932219,20.900423949927276],[-100.9540870341688,20.901169414361704],[-100.95403527607586,20.901542604888192],[-100.95439251082902,20.901785287199427],[-100.95509764298933,20.901774284480027],[-100.95580043906538,20.90163918770458],[-100.95679703780932,20.901499500435968],[-100.95744029071484,20.901323951023596],[-100.95775123473685,20.902229362396294],[-100.95771584753251,20.9034711901777],[-100.95772987248016,20.90421573599079],[-100.95780343925418,20.90500072734769],[-100.95799531136336,20.90582524595839],[-100.95812920253103,20.90669204595995],[-100.9586643037186,20.90701469021332],[-100.9593239505266,20.907707767731956],[-100.95952051436396,20.908780464970167],[-100.95936293819571,20.90977594720361],[-100.95932288921512,20.910769591902042],[-100.95917154922184,20.912095982627662],[-100.9593023364071,20.9127973258536],[-100.95943858456388,20.91378821376761],[-100.95950904942433,20.91440774826192],[-100.9592817854861,20.91482505939301],[-100.95899263487345,20.91507783481231],[-100.95858906996978,20.915497901414337],[-100.95795433518985,20.916128459044945],[-100.95703121686269,20.91705315089156],[-100.95650309409346,20.917102777021867],[-100.95579866995787,20.91715515481501],[-100.95515534865599,20.917330703212997],[-100.95434973997786,20.91825354724541],[-100.9540119283709,20.919044960375142],[-100.95425945818323,20.91970311025504],[-100.9547428422345,20.920398953527094],[-100.9549249887063,20.920706428398287],[-100.95510713596045,20.921013903006052],[-100.9555913075715,20.921751106759285],[-100.95560143613757,20.922288833841392],[-100.95585053772363,20.923029707433415],[-100.9554477231897,20.923491132223504],[-100.95510133874392,20.923827547671745],[-100.95440233432193,20.924169467655272],[-100.9538741852153,20.92421908764212],[-100.95304907251881,20.9241078365611],[-100.95251625279106,20.923909270222836],[-100.95186511687865,20.92367117158362],[-100.95115676915127,20.92351671408365],[-100.95038420896026,20.923073623327063],[-100.94984750795325,20.922668229237495],[-100.9492520405909,20.922263748855336],[-100.94877644618879,20.9219815266598],[-100.94836506242392,20.92198793437549],[-100.94778280998067,20.922286633317373],[-100.94690049411726,20.922258994090047],[-100.94631047147875,20.92214404970755],[-100.94601740167379,20.922189986402795],[-100.94549468890071,20.922529127300336],[-100.94515061129079,20.922989615817098],[-100.94452354838027,20.92403376885345],[-100.94436431263445,20.924946516805143],[-100.94390501331975,20.925532923165314],[-100.94320674766075,20.925916163745395],[-100.94227339420814,20.926303055302412],[-100.94156581555818,20.926189922183344],[-100.94062935486741,20.92641134925143],[-100.9402798282754,20.92658228162854],[-100.93993030084356,20.926753213348157],[-100.93911525007117,20.927179627487938],[-100.93836283892429,20.927811946253087],[-100.9376715166105,20.9285674424956],[-100.93703973408465,20.92936338885002],[-100.93646516955867,20.93007569369247],[-100.9352487393254,20.93104620461345],[-100.93473293349815,20.931757593536638],[-100.93357138525846,20.932520362590573],[-100.93282047035562,20.93323538873747],[-100.9319519995671,20.933952232182698],[-100.93096442555547,20.934588162861434],[-100.93035841952033,20.934927089716055],[-100.92997529797165,20.93514135997762],[-100.92851132881522,20.935453638204024],[-100.92751292369157,20.935510450770163],[-100.9269274870188,20.93564362818217],[-100.92634204914371,20.935776803662552],[-100.92516114448553,20.93550541234713],[-100.92362528012652,20.93511536295606],[-100.92196494014546,20.934354832481436],[-100.92093021922906,20.9340397793278],[-100.91989550215243,20.93372471954985],[-100.9193572952669,20.9332364975504],[-100.91770776134297,20.933055025821407],[-100.91646580821434,20.932660382702583],[-100.91572766929917,20.932485548706683],[-100.91498953183743,20.9323107113802],[-100.91386667483793,20.93199696926673],[-100.91204467112354,20.932024975791876],[-100.90998833420588,20.932097937482613],[-100.90833807679076,20.93241465788301],[-100.9079464080836,20.93248982515119],[-100.90717635124325,20.93263760814278],[-100.90465975055866,20.933255460895886],[-100.90389796989284,20.933391261933764],[-100.90313618756763,20.93352705967189],[-100.90003026609592,20.93407111668549],[-100.89935778495902,20.934267596978632],[-100.89868530185899,20.934464074749744],[-100.89751436703216,20.934730233019778],[-100.89640449326842,20.935119580996606],[-100.89488241612622,20.935473838785015],[-100.89282676827145,20.935587962909164],[-100.89112682175217,20.935862147527484],[-100.88924825332892,20.936014906164747],[-100.88842690114626,20.936110170282994],[-100.8874781029594,20.935669471154064],[-100.88683688423224,20.935968869735465],[-100.88615254768048,20.93630766130581],[-100.88468114333621,20.937036089158692]]]},"properties":{"seccion":214,"municipio":3,"electores":2126}},{"type":"Feature","geometry":{"type":"Polygon","coordinates":[[[-100.75994920426324,20.88770780655677],[-100.75793411839663,20.886558817419306],[-100.75782195722401,20.886498865793197],[-100.75793019505123,20.885424051215107],[-100.75664477388317,20.885114280442505],[-100.7557901294615,20.885105601278816],[-100.75584143835607,20.885524080201037],[-100.75575546565098,20.88611855481414],[-100.75566533121855,20.886355171296465],[-100.75538208708018,20.886759627258602],[-100.75509853708098,20.887137898095588],[-100.75473906208981,20.887377279256278],[-100.75440623152308,20.887511634768874],[-100.75392540753944,20.887699883933156],[-100.75354623887485,20.887843442581346],[-100.75333570989248,20.88765669168283],[-100.75354295593922,20.88676104363881],[-100.75227282500416,20.88649749159193],[-100.75216309382643,20.886490029448026],[-100.75112754027627,20.88512723498521],[-100.75093220053834,20.8851030477813],[-100.75072838301799,20.88514878162404],[-100.75048802271883,20.885247265247035],[-100.75018163822828,20.885259131386384],[-100.74989332277617,20.885227165481737],[-100.74963256632853,20.885168729110834],[-100.749427534695,20.885109722114663],[-100.74919403422227,20.884998630266537],[-100.7489265410969,20.884866721942537],[-100.74869917198131,20.88477673052638],[-100.7484579010916,20.884796656815066],[-100.74822016702757,20.885122072663048],[-100.748317892484,20.885540080454845],[-100.74829548748649,20.886011692592614],[-100.74836211709668,20.886150680219266],[-100.74893067713158,20.88631945084272],[-100.7494163585035,20.886550172811468],[-100.7493813488438,20.887536943116423],[-100.74927293166061,20.887799931871722],[-100.74914644450864,20.888106752023305],[-100.74916884003594,20.888434216838885],[-100.74879675006072,20.888389667832243],[-100.74780943002915,20.88815534492037],[-100.74779862668782,20.888024515659755],[-100.74718493607809,20.887969684005956],[-100.74672964031193,20.887956878278512],[-100.74636507537375,20.887973762954687],[-100.7464760488423,20.888518145762234],[-100.74655519711821,20.888936344375225],[-100.74665393122999,20.889441635948085],[-100.746621425752,20.889843516694622],[-100.74656933477381,20.890158304387207],[-100.74642618343329,20.89063115020194],[-100.746299789386,20.890946697010417],[-100.74613684932282,20.89131499301115],[-100.7459728989207,20.891596006033268],[-100.74580935174552,20.891911932079918],[-100.74566316837667,20.892122928833622],[-100.74544288324579,20.892352140893063],[-100.74511215155594,20.892669773659037],[-100.74468914435464,20.893040723779432],[-100.74407714802238,20.8931342633391],[-100.74351825709351,20.893000296554792],[-100.74285113680563,20.893146770051086],[-100.74237118526032,20.893413543571885],[-100.7418500117163,20.894073531908802],[-100.74157725260208,20.89384064400796],[-100.74085701568005,20.89421461361417],[-100.7398783189736,20.894730881619708],[-100.73758525460153,20.895311258689024],[-100.73578636700847,20.89501165578873],[-100.73489895052523,20.894776140842698],[-100.73409127531372,20.89468652770204],[-100.73294771479699,20.894884145789288],[-100.72833429801388,20.894296103377393],[-100.72449545855773,20.89491658748144],[-100.72781576456813,20.89296306882712],[-100.72857112255247,20.892455731960165],[-100.728863516468,20.89236879844199],[-100.72945081025568,20.892339722766934],[-100.7300381036579,20.892310645088614],[-100.73178815205965,20.89154080630272],[-100.73307380408656,20.89110862894952],[-100.73429637817445,20.890429067655646],[-100.73515917895314,20.889340852753893],[-100.73595243457191,20.887632936982907],[-100.73639597096685,20.886095544240092],[-100.7371004027833,20.88604407657831],[-100.7374959366721,20.885128061768366],[-100.73753674074884,20.884092989529233],[-100.7380075527247,20.88412762406985],[-100.73890191433895,20.8848596384403],[-100.73942358347101,20.884438365696408],[-100.73964497177957,20.883648981626838],[-100.74028271922901,20.88314328336889],[-100.74043743113971,20.88189968044478],[-100.74022860598612,20.876647479809293],[-100.74115939698758,20.87609619836848],[-100.74297155412103,20.87553226378097],[-100.74432011226763,20.87534738415444],[-100.74550679754505,20.875992408460956],[-100.74625192308602,20.87490583572388],[-100.74702081946313,20.875184438888095],[-100.74964357313206,20.863808759057555],[-100.7512381822698,20.86426050325914],[-100.75297775218948,20.863944779340805],[-100.75296255371623,20.862634129263807],[-100.75306928369807,20.86090515527043],[-100.75371612927496,20.859289811200934],[-100.7541832484241,20.857908892134127],[-100.75302944467343,20.85577378923305],[-100.75099299177116,20.853568622986728],[-100.75241699092773,20.850982598518712],[-100.7528141582435,20.850169980306518],[-100.75321132156672,20.84935736140176],[-100.75354792919545,20.848442165539566],[-100.75372994545664,20.848770578756792],[-100.75415345008938,20.84946792691029],[-100.7557105067599,20.85114203827924],[-100.75679399332795,20.85261606880866],[-100.75717178612634,20.854058895333146],[-100.7581298546635,20.855079552093045],[-100.76003879355929,20.856707158155185],[-100.76145966235059,20.85730731478902],[-100.76281744386488,20.857660095971614],[-100.76400260310253,20.858222259991255],[-100.76535459547932,20.858244070411093],[-100.76583693247231,20.858940532575676],[-100.76642516779161,20.858973392459195],[-100.76781776898416,20.857960115959493],[-100.76984497958213,20.856275559957474],[-100.77075601995402,20.857958887874585],[-100.774240483554,20.858942771011286],[-100.77303855779915,20.857429205352172],[-100.77332358007915,20.85692851697883],[-100.77325682933667,20.85647431663101],[-100.77431796321865,20.856665797227542],[-100.77495911650342,20.856366826846273],[-100.77697262836163,20.857247890109647],[-100.77817941563352,20.85569930950246],[-100.77831685207256,20.8554320690209],[-100.78106391286825,20.856564429538437],[-100.78193387711048,20.854994135093424],[-100.7820514001858,20.85478200210069],[-100.78381933950645,20.855617144306038],[-100.78401895542345,20.856938357856077],[-100.78575462883337,20.856408595045515],[-100.78899733613603,20.855418798934426],[-100.78957161742875,20.85524349911308],[-100.78963048273685,20.855418386743988],[-100.79003983613029,20.85566482154608],[-100.7903475939798,20.85591231804148],[-100.79063273376389,20.856142094967648],[-100.78848332009618,20.86160736368638],[-100.78932030733962,20.862266657778434],[-100.78999718322633,20.862742054546015],[-100.79067318411717,20.86314323041866],[-100.79118906782865,20.86336051197089],[-100.79170803183617,20.86383755427957],[-100.79253888414047,20.863977305932245],[-100.79285560921188,20.864048214466838],[-100.79352457806003,20.86385563594695],[-100.79395886406488,20.863851083099835],[-100.7944716704848,20.863808592181847],[-100.79518187895962,20.863764028732046],[-100.79581356669723,20.863757399956114],[-100.79606539645461,20.86354832390127],[-100.796780692961,20.864117137879855],[-100.79795866885709,20.864265374599892],[-100.79961180561165,20.864696278419192],[-100.80055845396413,20.865054785746743],[-100.8014470894339,20.865455518469094],[-100.80266838217936,20.864734135339393],[-100.80400863807452,20.86409375175866],[-100.80540763337234,20.86345249398706],[-100.80688231158932,20.86376181702708],[-100.8070755122304,20.864710678122428],[-100.80714900081038,20.86553716609206],[-100.80739874798107,20.866361058248675],[-100.80682595907115,20.86719706276085],[-100.8058323166979,20.867501339810484],[-100.80459850392378,20.86751949492133],[-100.80424009695165,20.867193738762534],[-100.80383324255155,20.86744799390463],[-100.80397283002385,20.868687297240726],[-100.80346171109282,20.86968789899677],[-100.80424317987082,20.87066949021767],[-100.80415143795506,20.872119088082382],[-100.80339056917026,20.872295793042902],[-100.80232268045671,20.87173219415817],[-100.80024641527577,20.870645479423324],[-100.80016894249235,20.871246606780808],[-100.80009146928631,20.87184773410796],[-100.79945471984014,20.87239500618105],[-100.79857780151409,20.872656151208584],[-100.79757529040266,20.872463969789],[-100.79556366973188,20.87170727764074],[-100.79480352343704,20.871925312886717],[-100.79393319856844,20.87255874589408],[-100.79320828877839,20.873107287694943],[-100.79248337363323,20.873655826769937],[-100.79085432783445,20.874590004244652],[-100.7892186711447,20.875151855227525],[-100.78839900784054,20.875329355026473],[-100.78771734667758,20.876663439529302],[-100.78685647460024,20.877834625323064],[-100.78611968899966,20.879376403872214],[-100.78509860116574,20.881460255691763],[-100.78401726502305,20.883462224429866],[-100.7833282243017,20.88438261436653],[-100.78222127555996,20.88493668908087],[-100.77923877916419,20.887972555403675],[-100.77847375161417,20.888751245918424],[-100.77836617512345,20.888928743834352],[-100.7782585983911,20.8891062416971],[-100.77803505775046,20.88916392082315],[-100.77781236220612,20.889183695558703],[-100.77739023756392,20.888286121683645],[-100.77726110155528,20.888009833409637],[-100.77696106101604,20.887617856768443],[-100.77564530066908,20.886971541169824],[-100.77468282938226,20.88657320171731],[-100.77392273173304,20.885969923947233],[-100.77326266590735,20.885140438015494],[-100.7723694638248,20.88486019999472],[-100.77178653732804,20.884769742088395],[-100.77093095759895,20.884778606996612],[-100.76979596770839,20.883560621391126],[-100.76446803993446,20.887908684930512],[-100.76300584879516,20.88643372266282],[-100.76180651370626,20.887472625248638],[-100.76066009169607,20.888432228524604],[-100.76024057821054,20.88800160169964],[-100.75994920426324,20.88770780655677]]]},"properties":{"seccion":216,"municipio":3,"electores":3299}},{"type":"Feature","geometry":{"type":"Polygon","coordinates":[[[-100.97395699773688,20.93234504379231],[-100.97366235227004,20.93230830265125],[-100.97325016249002,20.932273409421583],[-100.97271886014425,20.932157637004313],[-100.97218991039283,20.932165952270736],[-100.97154106458589,20.93205202369579],[-100.97089300315969,20.931979455742823],[-100.97018616996174,20.931907808416895],[-100.9695326267279,20.93154569276228],[-100.96876232560065,20.93122678284455],[-100.96858287786802,20.931064097670628],[-100.9684034305221,20.930901412274327],[-100.96863656051406,20.930794314083265],[-100.96886969015249,20.930687215598535],[-100.96909694637564,20.930269892632705],[-100.96932185206389,20.92972847977794],[-100.96960787696045,20.929310233538796],[-100.96983356285409,20.928810183426073],[-100.96999734356406,20.928145603222454],[-100.96980928348493,20.927527923693578],[-100.96968312793673,20.927074773908345],[-100.96996679779988,20.926532437756908],[-100.97013527569081,20.92611603682034],[-100.9705341317949,20.92544776442762],[-100.97080761209367,20.924367705538355],[-100.9706140718716,20.92346048400283],[-100.9706081037153,20.92314531799663],[-100.97059840651883,20.922633219563973],[-100.97056510603666,20.922426864926546],[-100.97053886573104,20.922264259891694],[-100.97053180567059,20.922220510270787],[-100.96988926846387,20.922437477721346],[-100.96913075770074,20.922739014420817],[-100.96860183979452,20.92274731595916],[-100.96749697086257,20.923385285617783],[-100.96697196156376,20.923600398854738],[-100.96644616849845,20.92377414726169],[-100.96580048969264,20.923825646900703],[-100.9652088886079,20.9236280428055],[-100.96432656971224,20.923600494582242],[-100.96350614526207,20.923737474830276],[-100.96268962459493,20.92408126837778],[-100.96245610907788,20.924167676316404],[-100.96211286407454,20.9246695586101],[-100.96188559472029,20.92508687339046],[-100.96142090170594,20.925383777424653],[-100.96118582184226,20.925387456914784],[-100.9603536757653,20.924903970811513],[-100.95999325276847,20.924495852704617],[-100.95969394219829,20.92421090490674],[-100.95916111518383,20.924012360045],[-100.95862906945516,20.923855176936893],[-100.95809546499419,20.92361526498308],[-100.9575038724812,20.923417633298005],[-100.95673207617241,20.92301593629789],[-100.95629130701896,20.92302282243342],[-100.95585053772363,20.923029707433415],[-100.95560143613757,20.922288833841392],[-100.9555913075715,20.921751106759285],[-100.95510713596045,20.921013903006052],[-100.9549249887063,20.920706428398287],[-100.9547428422345,20.920398953527094],[-100.95425945818323,20.91970311025504],[-100.9540119283709,20.919044960375142],[-100.95434973997786,20.91825354724541],[-100.95515534865599,20.917330703212997],[-100.95579866995787,20.91715515481501],[-100.95650309409346,20.917102777021867],[-100.95703121686269,20.91705315089156],[-100.95795433518985,20.916128459044945],[-100.95858906996978,20.915497901414337],[-100.95899263487345,20.91507783481231],[-100.9592817854861,20.91482505939301],[-100.95950904942433,20.91440774826192],[-100.95943858456388,20.91378821376761],[-100.9593023364071,20.9127973258536],[-100.95917154922184,20.912095982627662],[-100.95932288921512,20.910769591902042],[-100.95936293819571,20.90977594720361],[-100.95952051436396,20.908780464970167],[-100.9593239505266,20.907707767731956],[-100.9586643037186,20.90701469021332],[-100.95812920253103,20.90669204595995],[-100.95799531136336,20.90582524595839],[-100.95780343925418,20.90500072734769],[-100.95772987248016,20.90421573599079],[-100.95771584753251,20.9034711901777],[-100.95775123473685,20.902229362396294],[-100.95744029071484,20.901323951023596],[-100.95679703780932,20.901499500435968],[-100.95580043906538,20.90163918770458],[-100.95509764298933,20.901774284480027],[-100.95439251082902,20.901785287199427],[-100.95403527607586,20.901542604888192],[-100.9540870341688,20.901169414361704],[-100.95413178932219,20.900423949927276],[-100.9542391950175,20.899884387650125],[-100.9544602295968,20.899136173106992],[-100.9546851531494,20.898594777201513],[-100.95508168430224,20.89780244796759],[-100.95513266105618,20.897387893519298],[-100.95494782290403,20.896935642721644],[-100.9548750567306,20.89619201172226],[-100.95450849883116,20.8954529639176],[-100.9542038147858,20.894878453676803],[-100.9539610027517,20.894468481496638],[-100.95389057712917,20.893848940817048],[-100.95387891002876,20.893228483696838],[-100.95410849589359,20.89293527156961],[-100.95421745446171,20.892478436885224],[-100.9537983750384,20.892071213217232],[-100.95344194317241,20.891869891342246],[-100.95296022299927,20.8912567622065],[-100.95277384546554,20.89072177994454],[-100.95364275455587,20.890046218236535],[-100.95374004861897,20.888968926265072],[-100.95330854108214,20.887899878809346],[-100.95328366240017,20.886576235458808],[-100.9531976984367,20.88512941614166],[-100.95342494252318,20.884712113945184],[-100.95335374983291,20.884051207976956],[-100.95387398455654,20.883587961886956],[-100.95410433499802,20.883336114464285],[-100.95485569080708,20.882662381995782],[-100.95572610238034,20.882069541130036],[-100.95624476669242,20.88152356121837],[-100.9571089395176,20.880599803856875],[-100.95744666622308,20.879808389322875],[-100.95795363946408,20.878641948553582],[-100.95851546398862,20.877267770481037],[-100.95884928389557,20.876269535234254],[-100.95907338573511,20.87568677236236],[-100.95983013460226,20.87530256844561],[-100.9605970076765,20.875456089869214],[-100.96107558375289,20.87590374524807],[-100.96173898924172,20.876803644143205],[-100.96250509157788,20.876915792553806],[-100.96288645031134,20.878440734503958],[-100.96369805244082,20.877848776122985],[-100.96456371772318,20.87700771319441],[-100.96554765517926,20.876206170562945],[-100.96506438391484,20.87551034722922],[-100.9641157962071,20.875070058819656],[-100.96398191540904,20.874203260992818],[-100.96367880675295,20.87371149306035],[-100.96319633239183,20.873057026599575],[-100.96277183202889,20.872360275979414],[-100.96292624998416,20.871199336647084],[-100.96340481775609,20.871646986235973],[-100.96371182013061,20.872345573445386],[-100.96425226348288,20.87295775560212],[-100.964731621072,20.87344676426072],[-100.96550785237838,20.874096627285073],[-100.96598799822183,20.87462699533529],[-100.96651206428088,20.87437053380494],[-100.96750222200815,20.873899890301193],[-100.9683701871905,20.873182901807226],[-100.96900861696545,20.87275913782591],[-100.96957657208976,20.87171584028605],[-100.97002702314386,20.87067438377495],[-100.97059261938445,20.86950699333257],[-100.97163209625641,20.86853904623972],[-100.973336554031,20.868553672756192],[-100.97404074014761,20.868501240836757],[-100.97427886014351,20.868663004274925],[-100.97510602094493,20.868898266384434],[-100.97599741347175,20.869422144531548],[-100.9764783604455,20.869993844968135],[-100.97729926306141,20.86989818907955],[-100.97818361451147,20.87004978509816],[-100.97877893170039,20.870454177120045],[-100.97909070403306,20.87140091086223],[-100.9802672382305,20.871465146909557],[-100.98132863015908,20.871655314579876],[-100.98274015906507,20.87171583282407],[-100.98392140728923,20.872028222169995],[-100.98462874419232,20.87214119807989],[-100.98496866375744,20.87147383072728],[-100.98519579904897,20.871056494286055],[-100.98565320932418,20.870387273084685],[-100.98628842976899,20.869797996961047],[-100.98692836200641,20.869456897175358],[-100.9874476519706,20.868952197310968],[-100.98832256528047,20.868607384213256],[-100.98921792934166,20.869338004903287],[-100.98916468941529,20.869628473596624],[-100.98929083853791,20.870081611016236],[-100.98959008369677,20.870366512741967],[-100.9900013161677,20.87036001702024],[-100.99052374635407,20.870020760277615],[-100.9908612732744,20.869229294667694],[-100.99131550306049,20.86839460885945],[-100.9914799330423,20.867771379388785],[-100.99164908601607,20.867396327472523],[-100.99151584721213,20.86657092552582],[-100.99120873489834,20.86587239715476],[-100.99089926441238,20.865049779035065],[-100.99023417961234,20.86406727591919],[-100.98980722940966,20.863246510672628],[-100.98967636628002,20.862545194861877],[-100.98954393142236,20.861761152750912],[-100.98940913864533,20.86085302126305],[-100.98875666556798,20.860532318483806],[-100.9880931888104,20.859632529973858],[-100.98749082116335,20.858855900650628],[-100.98747510215534,20.858028638737547],[-100.98775702601105,20.85740355821019],[-100.98804366406719,20.85702665589348],[-100.98824651098849,20.85687864067852],[-100.9884493575037,20.85673062525261],[-100.98926703048583,20.856469465909594],[-100.9902680061199,20.856577787218942],[-100.99127449122408,20.85697564357251],[-100.99163009279388,20.85713552687914],[-100.99239846589535,20.857371636703153],[-100.99317077852915,20.8578145576147],[-100.99388750364044,20.85842385534959],[-100.99454233998236,20.858868627200046],[-100.9951995443326,20.859437484866636],[-100.99568210032578,20.86009185436974],[-100.99604086674339,20.860417178921978],[-100.99705212229065,20.861063174813147],[-100.9977704558985,20.86175517916648],[-100.99807679840477,20.862412331501428],[-100.99855464211758,20.862818514229435],[-100.99937390386063,20.8626400310096],[-101.00030512438406,20.86217014227551],[-101.0022848125795,20.863645762045593],[-101.00317589136328,20.86426288889186],[-101.00371427369741,20.864924195221658],[-101.00519356207566,20.86549538594673],[-101.00838392168679,20.866344948953163],[-101.00974174802704,20.86662593875974],[-101.01109957847618,20.86690691736253],[-101.01263349753229,20.867144995412044],[-101.01334265666948,20.867347618939217],[-101.01926545992592,20.870047702798914],[-101.01938965920185,20.870545730471477],[-101.01986872035835,20.87116584250564],[-101.02028891066689,20.8717863934817],[-101.02071018055139,20.872490094374193],[-101.02107204104281,20.873152659191835],[-101.02131346264169,20.87360822701231],[-101.02161591468742,20.87422965561545],[-101.02174174130134,20.87485240723471],[-101.02186003175368,20.874893100319056],[-101.0248032923576,20.87482943561241],[-101.02521704167619,20.874951065623883],[-101.02569182532594,20.875238553969567],[-101.0273592511075,20.876681293744937],[-101.02772075091865,20.877198890875274],[-101.02774923945755,20.877239680700363],[-101.02813923080205,20.877798066495135],[-101.0287944425723,20.878375242047134],[-101.02921198776265,20.87878788900786],[-101.02963331976868,20.879491562361657],[-101.03052405575605,20.8800669534672],[-101.03288945450699,20.88083909066044],[-101.03336372862994,20.881084979516746],[-101.03383583677781,20.88116456589681],[-101.0338976951734,20.88139278418773],[-101.03395955378608,20.881621002435097],[-101.03367599922281,20.882454735612743],[-101.03303700155425,20.883124840162086],[-101.03222731724955,20.88425360634785],[-101.03129823780117,20.885258533408745],[-101.03031405321514,20.886554928137173],[-101.02938765141303,20.887767723445574],[-101.02851849461013,20.888855344709544],[-101.0284861891114,20.888957535301248],[-101.02832162637024,20.88947808760877],[-101.02822319172219,20.88978945900726],[-101.02812475672208,20.89010083037158],[-101.02645199899409,20.890614820094083],[-101.02521739024982,20.89099416695455],[-101.02478678379258,20.891710850500093],[-101.02216024453696,20.893518503485904],[-101.02046339869784,20.894362822960005],[-101.0183591861981,20.89558439282019],[-101.0171927927174,20.89646629120929],[-101.01626138787448,20.897304846939157],[-101.01427325785227,20.898400764918716],[-101.01334343456925,20.899364033920488],[-101.0122390864716,20.90049491799217],[-101.00985367894067,20.902757982481628],[-101.00860500615842,20.904118608693953],[-101.00735631112173,20.905479227394647],[-101.00415538532711,20.9084551337998],[-101.00037063387641,20.911736531898352],[-101.0000085053272,20.912011218267676],[-100.99964637543312,20.912285903966655],[-100.99892211161048,20.91283527335345],[-100.99761006597899,20.914924841272363],[-100.99612089937642,20.916975833838787],[-100.9946285346509,20.918861365787038],[-100.99406140197408,20.919946104186387],[-100.9928494023515,20.921123804220937],[-100.99208700763533,20.92121862554817],[-100.99051764347345,20.922153716622823],[-100.98975326995361,20.922145121257902],[-100.98898889621017,20.922136522460928],[-100.9867486339139,20.92179955596367],[-100.98624477768652,20.92157995213728],[-100.98574092282279,20.921360346699977],[-100.98473164303287,20.92083840527506],[-100.98424497880639,20.919977206615016],[-100.98386326540609,20.91845234492058],[-100.98313211201369,20.91709849625882],[-100.9821784905416,20.916410157586856],[-100.9812938608574,20.91625860506779],[-100.98048292796994,20.916892018524866],[-100.98007942315782,20.91731213149611],[-100.97991412395369,20.91789399169338],[-100.97844967585974,20.918165314707245],[-100.97710118492843,20.918352049271014],[-100.97652450501226,20.918940382388186],[-100.97640863204111,20.922128114333074],[-100.97602315153773,20.923499570269655],[-100.97544723381063,20.92412926440175],[-100.9750021868264,20.925460280473473],[-100.97442625775842,20.926089971958362],[-100.97443567074072,20.92658632921298],[-100.97502964681264,20.92690798861827],[-100.97585556657155,20.92706049390251],[-100.9767449682394,20.92746024805226],[-100.97580856882747,20.927681864770715],[-100.9752859133685,20.92802109295676],[-100.97447489375395,20.92865448408966],[-100.9737751347052,20.928955118468096],[-100.97332849366151,20.930203405549083],[-100.97346093766865,20.93098745626632],[-100.97382454934957,20.931560993877813],[-100.97412860730223,20.932094091878135],[-100.97419130202876,20.93229998278446],[-100.97395699773688,20.93234504379231]]]},"properties":{"seccion":215,"municipio":3,"electores":561}},{"type":"Feature","geometry":{"type":"Polygon","coordinates":[[[-100.53640948370301,20.912077669390133],[-100.5348234245095,20.91197392772651],[-100.53334839580789,20.91137215794055],[-100.53258391979416,20.91125783435529],[-100.53176234418693,20.911268387243013],[-100.53099364868515,20.910823052781453],[-100.53081073926643,20.91028743174418],[-100.53033441409667,20.90975557620108],[-100.52951337291204,20.90980749326474],[-100.52881180580843,20.91002340330592],[-100.52810760261714,20.91003243298165],[-100.52769313066496,20.909748070245595],[-100.526797085765,20.908518084490538],[-100.52655438183662,20.908337021915205],[-100.5268486229088,20.90833281712674],[-100.52714286392927,20.908328611832246],[-100.5278497501177,20.908360229087723],[-100.52873318093465,20.908389318514175],[-100.52908449922018,20.908279988197506],[-100.52943581695122,20.908170657188098],[-100.5300760600123,20.907744275303003],[-100.53042276948612,20.907363814522196],[-100.53064894732967,20.906818189841992],[-100.53105024793459,20.906186613864435],[-100.53150826560466,20.90542905867986],[-100.53190176038919,20.904338649479417],[-100.53207617282266,20.904210985559878],[-100.53254198031786,20.90391225960011],[-100.53283124735091,20.903616061428878],[-100.53311980396812,20.903278150888063],[-100.53334738538116,20.902815947241717],[-100.53357496547719,20.90235374335422],[-100.53374227991719,20.901808958594913],[-100.53408683850199,20.90130335574374],[-100.53460580107297,20.900670086143478],[-100.5351290179507,20.90028708666967],[-100.53588690079074,20.899858998335652],[-100.53658948549523,20.899640310466797],[-100.53723464421557,20.899505887951484],[-100.53734949168583,20.89933735169062],[-100.53745936623085,20.898876832281818],[-100.53733599508402,20.89854482612245],[-100.53721120393983,20.898129396070587],[-100.53743450373315,20.89741691670025],[-100.5373692672629,20.89704235416051],[-100.5373004797857,20.896459232136184],[-100.5372919565615,20.89595868949627],[-100.53710619466035,20.895418967710327],[-100.53695553670853,20.895212518727064],[-100.53680487917953,20.89500606958048],[-100.53691830381673,20.894754109902138],[-100.53649433535135,20.894050915927682],[-100.5363716809253,20.893760620432914],[-100.53703589058478,20.893655926468405],[-100.5375553410678,20.89348088098026],[-100.53798458342465,20.893349239057162],[-100.53838877749166,20.892983558074565],[-100.53878915869171,20.892451409339508],[-100.53970782035145,20.891863841985728],[-100.53999370907455,20.8914523527897],[-100.5402728902168,20.89107118671483],[-100.54076767858629,20.89090015987717],[-100.54148969210405,20.890586965160537],[-100.54175477438787,20.89016292244691],[-100.54192520757616,20.88989028513844],[-100.54208197205024,20.88963951233665],[-100.5421159865769,20.88958509989877],[-100.54262954173498,20.888835083424578],[-100.54368212665557,20.887611672934078],[-100.54456540259203,20.88756110190157],[-100.54542122341337,20.887042248452545],[-100.54568550406127,20.886294476959428],[-100.54479753155223,20.885691523828413],[-100.54482588283891,20.885628532838382],[-100.54499741435605,20.885334010374027],[-100.54528591019859,20.88499608245441],[-100.54569564316999,20.88486501913427],[-100.54604938656556,20.884901648956685],[-100.54645911849421,20.884770583862178],[-100.54680359777652,20.884264959464574],[-100.54696871017764,20.88359502962996],[-100.54695659557315,20.882885929966815],[-100.54776963062926,20.88224838962714],[-100.54869890690635,20.881525726646746],[-100.54898667421456,20.88114608159508],[-100.54932828441234,20.880473606113252],[-100.54944960694036,20.880306796231128],[-100.550085497266,20.880091124083457],[-100.55036336175124,20.88004103657532],[-100.55066689701611,20.880026392288773],[-100.55134975941063,20.879984522410023],[-100.5520843247632,20.879891473002832],[-100.55296758436135,20.87992044729532],[-100.55679838068444,20.880240603473904],[-100.5600161616751,20.880563866895688],[-100.56099623775825,20.88066231450692],[-100.57059335857561,20.881626029270144],[-100.57067736510281,20.883085067169997],[-100.56863191047599,20.8907498666071],[-100.56758149072705,20.894686965054927],[-100.56657621655133,20.897830690631093],[-100.56590905741419,20.90051316743135],[-100.56580556318647,20.900929283777714],[-100.56564483162337,20.901849493939963],[-100.56524943709105,20.90281483176361],[-100.56527224358487,20.903245121424955],[-100.56529505029636,20.903675411054113],[-100.56415525099955,20.906297319806466],[-100.56341170642696,20.907796751994812],[-100.56294868811979,20.908299364627073],[-100.56200495292319,20.90793921682036],[-100.56070913173212,20.907583644783916],[-100.55923566544557,20.907106226806047],[-100.55794199612627,20.906916132597527],[-100.5560012298146,20.906610285029355],[-100.55383001421157,20.906638459589704],[-100.55213038185073,20.906826023302305],[-100.55048836017485,20.906930060234345],[-100.54925977050858,20.907235640765094],[-100.54803596497824,20.907913588937397],[-100.54628666406136,20.908805232628133],[-100.54511992003108,20.909358277284035],[-100.54336792877449,20.910043017005904],[-100.54293019373294,20.91023488688507],[-100.54249245751531,20.910426755707142],[-100.54162493916793,20.911431118842042],[-100.54155723706504,20.91072849668539],[-100.54142926131453,20.90990250558309],[-100.54079170016881,20.910531459502927],[-100.54021493791731,20.911325155889656],[-100.53916604770824,20.911918024437984],[-100.53758157835301,20.911938434359165],[-100.53640948370301,20.912077669390133]]]},"properties":{"seccion":221,"municipio":3,"electores":326}},{"type":"Feature","geometry":{"type":"Polygon","coordinates":[[[-100.71660629075035,20.88762960946549],[-100.71605857490933,20.88808748553642],[-100.7150640719118,20.888907887111852],[-100.71324853652193,20.890389784825473],[-100.7149436018179,20.892162697772932],[-100.7143922733245,20.892579070358103],[-100.71377756524826,20.89344108375486],[-100.71325111171903,20.89500069557501],[-100.71375718287324,20.89878225173574],[-100.71346869602283,20.89983478375871],[-100.7121081135455,20.899021072474586],[-100.71068273470223,20.898172303475484],[-100.7095526321586,20.89740209878353],[-100.70401709825879,20.896818345470308],[-100.70374432025065,20.896801967716616],[-100.70342966290623,20.895646583460138],[-100.70335022345904,20.894487975573195],[-100.70338323255253,20.893037902659685],[-100.7033067439914,20.89204492487788],[-100.70352942434604,20.891337772392337],[-100.70167269013233,20.889457984372957],[-100.70178520439482,20.888333156380913],[-100.70302092297096,20.875978741668984],[-100.70488044180883,20.87802415884038],[-100.70509501712425,20.875885639276238],[-100.70807273517725,20.87865596600178],[-100.70833820185918,20.878813871265315],[-100.70877057472809,20.878952656505092],[-100.70909537808632,20.879102986839733],[-100.7095395441283,20.879463290559034],[-100.70988849311155,20.878652768810394],[-100.71042303498245,20.87692741607153],[-100.71131828085699,20.87424272471947],[-100.71076334501286,20.873902323458598],[-100.710992378245,20.872829770507657],[-100.70964668872013,20.870806516392385],[-100.71048005481207,20.868835431244733],[-100.71065274197224,20.868625970860883],[-100.71088643645625,20.868539925526093],[-100.71117449277003,20.868204626740674],[-100.71163818672531,20.867825496608273],[-100.71180717821365,20.86740899737347],[-100.71179831531454,20.866912106513844],[-100.71173656901644,20.86674728405246],[-100.71401319544266,20.865804798109767],[-100.71477157128466,20.86546302480182],[-100.71581576413496,20.86466172031543],[-100.7165652521579,20.863823049941413],[-100.716791536969,20.86332292249659],[-100.7170222597396,20.863071239653703],[-100.71749258319814,20.863064762700294],[-100.717839404775,20.862728644522765],[-100.71882403183143,20.861886726205764],[-100.72021128621611,20.860542240443078],[-100.72129568051767,20.85870491103173],[-100.72266138739089,20.856159594597464],[-100.7232247969699,20.854785037743667],[-100.72378819714265,20.853410479538038],[-100.72458079821271,20.851701414001727],[-100.72491793619054,20.850826988459712],[-100.72549540399416,20.850239165591486],[-100.72661767248889,20.847241592789334],[-100.72787157125533,20.84502912812513],[-100.72866780104128,20.843527084848333],[-100.7288255835678,20.842489463409706],[-100.72933902514833,20.841612592292368],[-100.72890082098729,20.840127621236572],[-100.72811291209588,20.83881315400105],[-100.72750729474302,20.83782750355377],[-100.72684142191326,20.836759847772957],[-100.72588759407557,20.83602750724983],[-100.72452157827897,20.83525943330798],[-100.72392044550524,20.834522211843513],[-100.72343687643028,20.833783365940185],[-100.72277179178462,20.832757098084063],[-100.72246160677155,20.831850186401983],[-100.72245197964087,20.831311888910964],[-100.72268116656394,20.83097738660054],[-100.72367890704533,20.8308807882958],[-100.72443931195215,20.83066320690761],[-100.72484112001122,20.830119231112135],[-100.72488803873331,20.829455900552684],[-100.72457933176936,20.828631807712252],[-100.7243807718067,20.827392017077923],[-100.72465390482735,20.826228552129926],[-100.72527894571645,20.825018811713168],[-100.72596571732278,20.823973887836313],[-100.72659963689118,20.823261033050198],[-100.72729158331947,20.822505956891504],[-100.72756839614075,20.821549525999163],[-100.72755652944812,20.820887007104155],[-100.72754466308896,20.820224488152242],[-100.72936362485984,20.8193263859233],[-100.72982994702741,20.81911283914414],[-100.73070456535532,20.81872794938616],[-100.73149101834818,20.82004088830472],[-100.73175099300302,20.821485474841413],[-100.73307684550375,20.823411405159867],[-100.73468855220513,20.824878061407855],[-100.73576877089698,20.82618677886091],[-100.73661118340132,20.82733336964851],[-100.73756822190283,20.82831279680312],[-100.73829891606042,20.82979201354761],[-100.73934839728227,20.831018384431662],[-100.74039789579099,20.83224474751742],[-100.74194528146668,20.833381208764123],[-100.74315819978939,20.835556941850996],[-100.74464905397336,20.83681832465193],[-100.74614856611963,20.838576123481868],[-100.74724266141813,20.840670767740743],[-100.74815047146201,20.842188766788446],[-100.74917218977679,20.843498224487604],[-100.75013878371674,20.845015365250838],[-100.75174367795783,20.846068138681968],[-100.75316369439808,20.84662700531804],[-100.75354792919545,20.848442165539566],[-100.75321132156672,20.84935736140176],[-100.7528141582435,20.850169980306518],[-100.75241699092773,20.850982598518712],[-100.75099299177116,20.853568622986728],[-100.75302944467343,20.85577378923305],[-100.7541832484241,20.857908892134127],[-100.75371612927496,20.859289811200934],[-100.75306928369807,20.86090515527043],[-100.75296255371623,20.862634129263807],[-100.75297775218948,20.863944779340805],[-100.7512381822698,20.86426050325914],[-100.74964357313206,20.863808759057555],[-100.74702081946313,20.875184438888095],[-100.74625192308602,20.87490583572388],[-100.74550679754505,20.875992408460956],[-100.74432011226763,20.87534738415444],[-100.74297155412103,20.87553226378097],[-100.74115939698758,20.87609619836848],[-100.74022860598612,20.876647479809293],[-100.74043743113971,20.88189968044478],[-100.74028271922901,20.88314328336889],[-100.73964497177957,20.883648981626838],[-100.73942358347101,20.884438365696408],[-100.73890191433895,20.8848596384403],[-100.7380075527247,20.88412762406985],[-100.73753674074884,20.884092989529233],[-100.7374959366721,20.885128061768366],[-100.7371004027833,20.88604407657831],[-100.73639597096685,20.886095544240092],[-100.73595243457191,20.887632936982907],[-100.73515917895314,20.889340852753893],[-100.73429637817445,20.890429067655646],[-100.73307380408656,20.89110862894952],[-100.73178815205965,20.89154080630272],[-100.7300381036579,20.892310645088614],[-100.72945081025568,20.892339722767026],[-100.728863516468,20.89236879844199],[-100.72857112255247,20.892455731960165],[-100.72781576456813,20.89296306882712],[-100.72449545855773,20.89491658748144],[-100.72410673591646,20.894486473921354],[-100.72311206895736,20.893402246195098],[-100.7219530635411,20.892166837848098],[-100.72138629789808,20.891524549215774],[-100.72096493201397,20.891082529673028],[-100.71963448352375,20.88964098067496],[-100.71961065398294,20.889617980359855],[-100.71804277897279,20.888104234349797],[-100.71751743492477,20.887669363152988],[-100.71707014406579,20.887233706168402],[-100.71660629075035,20.88762960946549]]]},"properties":{"seccion":217,"municipio":3,"electores":776}},{"type":"Feature","geometry":{"type":"Polygon","coordinates":[[[-100.51788713615062,20.910963988336555],[-100.51729793595142,20.910930654943495],[-100.51676547053897,20.910771345167838],[-100.51664072255134,20.910355897794272],[-100.51674996203181,20.909853675642946],[-100.51691734484287,20.909308903581607],[-100.51714569024489,20.90888843048076],[-100.51725633734581,20.908469632591203],[-100.51742653734932,20.9080917091486],[-100.51748221289243,20.907903166266436],[-100.51751005061745,20.907808894820192],[-100.51753903152054,20.907714274791424],[-100.51660054513515,20.90797829898881],[-100.51583692535182,20.90807260897287],[-100.51472232635142,20.908297073849784],[-100.51372401279428,20.908436434051545],[-100.51296390723704,20.90873929311533],[-100.51220028023303,20.90883358720274],[-100.51161460567604,20.90900879542454],[-100.51125166487492,20.908429836491152],[-100.51094827872025,20.907891753451896],[-100.51069952402051,20.907102559929704],[-100.510628722178,20.906394284579886],[-100.51067702282297,20.90576776319279],[-100.51072180755041,20.904932679750694],[-100.51100619939342,20.904344529016747],[-100.51135295244828,20.903964104336787],[-100.51170040714612,20.90362539143404],[-100.51216485014388,20.903243293897344],[-100.5126257727134,20.90265263334614],[-100.51276866687228,20.902400269097487],[-100.51291156057387,20.90214790475136],[-100.51320931038775,20.902352286012682],[-100.51356942668326,20.90276439219516],[-100.51439468469971,20.902836106628737],[-100.51557161296024,20.902819370780364],[-100.51755476503826,20.90174809440297],[-100.51766188229094,20.90112073491319],[-100.51829649217053,20.9003606984805],[-100.51893814858826,20.900017782594567],[-100.5194670498826,20.89996852674805],[-100.5200660855256,20.900585826535558],[-100.52119473653012,20.90119557467414],[-100.52160171328595,20.900897716570555],[-100.52241778067093,20.90042713426481],[-100.52357772773016,20.899409252516914],[-100.5242676105504,20.89843979559363],[-100.5248362623996,20.897263455751315],[-100.52575089599448,20.89566495139664],[-100.52545173057818,20.895377167789846],[-100.52538793867808,20.895086022986924],[-100.52561906893365,20.894832389225652],[-100.5259118696443,20.894744763391273],[-100.52619971983657,20.894365152159917],[-100.52648615415544,20.893902116261387],[-100.52706679878858,20.8934348765857],[-100.52733917105138,20.893326316430066],[-100.52368064743537,20.889116576630798],[-100.52392504161034,20.888639952376753],[-100.52414006017561,20.887797058983026],[-100.52425618462972,20.887341836492116],[-100.52440939097487,20.885962814704015],[-100.52458237711002,20.885751734670144],[-100.5254004757536,20.88540627951347],[-100.52598392065721,20.88510589361695],[-100.52597755880217,20.884730483966568],[-100.52567629578245,20.884317562515538],[-100.52561038937348,20.88390128058385],[-100.52553388277028,20.882859315563174],[-100.52618181107366,20.882891787119075],[-100.52701544690932,20.883463993142318],[-100.52784484474931,20.883785921779634],[-100.5283559974449,20.882693838417715],[-100.52892244290828,20.881392352085893],[-100.52957461142552,20.881675083890826],[-100.5305266358627,20.88228730191049],[-100.53176577443872,20.882478183178836],[-100.5315254640703,20.882189566787613],[-100.53161338934508,20.880435975335665],[-100.53202524968778,20.880430080988365],[-100.5326731672046,20.88046252850555],[-100.53361668840851,20.880574184546262],[-100.53455808323655,20.8805606992228],[-100.53556044289739,20.88067150140231],[-100.53615236242763,20.880871626915646],[-100.53692434428832,20.881277778759884],[-100.53781400513797,20.881682238599655],[-100.53864412257349,20.882045826012508],[-100.5394125639778,20.88224340620631],[-100.54000378330178,20.88240180574699],[-100.54088919250142,20.88255597731759],[-100.54170936499807,20.882335582956916],[-100.54235373357785,20.882159433881263],[-100.54300094650321,20.882150129809077],[-100.54370770837825,20.88218168894287],[-100.5442408052024,20.882382631547042],[-100.54495255242924,20.882706168009147],[-100.54513581812289,20.88280011995121],[-100.54542752698119,20.882949665077966],[-100.54601875396608,20.88310804323509],[-100.54695659557315,20.882885929966815],[-100.54696871017764,20.88359502962996],[-100.54680359777652,20.884264959464574],[-100.54645911849421,20.884770583862178],[-100.54604938656556,20.884901648956685],[-100.54569564316999,20.88486501913427],[-100.54528591019859,20.88499608245441],[-100.54499741435605,20.885334010374027],[-100.54482588283891,20.885628532838382],[-100.54479753155223,20.885691523828413],[-100.54568550406127,20.886294476959428],[-100.54542122341337,20.887042248452545],[-100.54456540259203,20.88756110190157],[-100.54368212665557,20.887611672934078],[-100.54262954173498,20.888835083424578],[-100.5421159865769,20.88958509989877],[-100.54208197205024,20.88963951233665],[-100.54192520757616,20.88989028513844],[-100.54175477438787,20.89016292244691],[-100.54148969210405,20.890586965160537],[-100.54076767858629,20.89090015987717],[-100.5402728902168,20.89107118671483],[-100.53999370907455,20.8914523527897],[-100.53970782035145,20.891863841985728],[-100.53878915869171,20.892451409339508],[-100.53838877749166,20.892983558074565],[-100.53798458342465,20.893349239057162],[-100.5375553410678,20.89348088098026],[-100.53703589058478,20.893655926468405],[-100.5363716809253,20.893760620432914],[-100.53649433535135,20.894050915927682],[-100.53691830381673,20.894754109902138],[-100.53680487917953,20.89500606958048],[-100.53695553670853,20.895212518727064],[-100.53710619466035,20.895418967710327],[-100.5372919565615,20.89595868949627],[-100.5373004797857,20.896459232136184],[-100.5373692672629,20.89704235416051],[-100.53743450373315,20.89741691670025],[-100.53721120393983,20.898129396070587],[-100.53733599508402,20.89854482612245],[-100.53745936623085,20.898876832281818],[-100.53734949168583,20.89933735169062],[-100.53723464421557,20.899505887951484],[-100.53658948549523,20.899640310466797],[-100.53588690079074,20.899858998335652],[-100.5351290179507,20.90028708666967],[-100.53460580107297,20.900670086143478],[-100.53408683850199,20.90130335574374],[-100.53374227991719,20.901808958594913],[-100.53357496547719,20.90235374335422],[-100.53334738538116,20.902815947241717],[-100.53311980396812,20.903278150888063],[-100.53283124735091,20.903616061428878],[-100.53254198031786,20.90391225960011],[-100.53207617282266,20.904210985559878],[-100.53190176038919,20.904338649479417],[-100.53150826560466,20.90542905867986],[-100.53105024793459,20.906186613864435],[-100.53064894732967,20.906818189841992],[-100.53042276948612,20.907363814522196],[-100.5300760600123,20.907744275303003],[-100.52943581695122,20.908170657188098],[-100.52908449922018,20.908279988197506],[-100.52873318093465,20.908389318514175],[-100.5278497501177,20.908360229087723],[-100.52714286392927,20.908328611832246],[-100.5268486229088,20.90833281712674],[-100.52655438183662,20.908337021915205],[-100.52608854828131,20.90863573296769],[-100.52567873185878,20.90876675396149],[-100.52515546103777,20.909149727411567],[-100.5243967925269,20.909536060338496],[-100.52381325298069,20.909836445993825],[-100.52281918103144,20.910226132177595],[-100.52240688426794,20.91021115327883],[-100.52199458751728,20.910196173379497],[-100.5211090265709,20.910041913184408],[-100.52057938507893,20.91004946402141],[-100.52005539014577,20.910390710676015],[-100.51952998136711,20.91064853147301],[-100.51876776191267,20.9108262796578],[-100.51788713615062,20.910963988336555]]]},"properties":{"seccion":222,"municipio":3,"electores":1118}},{"type":"Feature","geometry":{"type":"Polygon","coordinates":[[[-100.52368064743537,20.889116576630798],[-100.52733917105138,20.893326316430066],[-100.52706679878858,20.8934348765857],[-100.52648615415544,20.893902116261387],[-100.52619971983657,20.894365152159917],[-100.5259118696443,20.894744763391273],[-100.52561906893365,20.894832389225652],[-100.52538793867808,20.895086022986924],[-100.52545173057818,20.895377167789846],[-100.52575089599448,20.89566495139664],[-100.5248362623996,20.897263455751315],[-100.5242676105504,20.89843979559363],[-100.52357772773016,20.899409252516914],[-100.52241778067093,20.90042713426481],[-100.52160171328595,20.900897716570555],[-100.52119473653012,20.90119557467414],[-100.5200660855256,20.900585826535558],[-100.5194670498826,20.89996852674805],[-100.51893814858826,20.900017782594567],[-100.51829649217053,20.9003606984805],[-100.51766188229094,20.90112073491319],[-100.51755476503826,20.90174809440297],[-100.51557161296024,20.902819370780364],[-100.51439468469971,20.902836106628737],[-100.51356942668326,20.90276439219516],[-100.51320931038775,20.902352286012682],[-100.51291156057387,20.90214790475136],[-100.51276866687228,20.902400269097487],[-100.5126257727134,20.90265263334614],[-100.51256164939416,20.902340626475187],[-100.51249752638316,20.90202861955308],[-100.51225299636386,20.90148970201269],[-100.51200846820089,20.900950783982857],[-100.5111705640825,20.900128233792362],[-100.51039573179241,20.899555118374977],[-100.50992005006084,20.899269811670777],[-100.50903526460358,20.899157196470536],[-100.50892740940837,20.899742840325843],[-100.50801256956389,20.90134126628086],[-100.50720627707206,20.902395757658283],[-100.50616739328137,20.903620431067292],[-100.50544127815955,20.90419397072323],[-100.50471515745231,20.904767507590254],[-100.50379042710762,20.9057819390216],[-100.50256092905803,20.906174840890987],[-100.50115487924285,20.906570230732704],[-100.49945807931378,20.907178330551048],[-100.49804571320747,20.907198281942712],[-100.49633280970569,20.906846960067266],[-100.49479715714475,20.906534843545682],[-100.49337152473724,20.905762213614768],[-100.49229899392972,20.904984596990925],[-100.4912278694637,20.904290398526687],[-100.49116483549994,20.904040950268705],[-100.49005200911373,20.903893636551317],[-100.48501655650439,20.903226958374567],[-100.48495317467454,20.903227620260978],[-100.48502905453677,20.899662904962707],[-100.48438905312146,20.900109980498154],[-100.48444320299147,20.899827591699857],[-100.48449735269338,20.899545202887424],[-100.48572337334632,20.898943866403002],[-100.48724430766775,20.898380099145875],[-100.48738051266308,20.89830018818608],[-100.48841006805391,20.89769614582006],[-100.48950512227641,20.89630389392458],[-100.4907059895845,20.894200860682446],[-100.49150259726616,20.892562461761674],[-100.49166796536433,20.891892570412704],[-100.4917212275849,20.891558038955896],[-100.49176472363489,20.890639527305012],[-100.4967616971872,20.883267632537535],[-100.49699216266794,20.882972322526385],[-100.49846564406124,20.88209178481428],[-100.49959203897235,20.879772955491305],[-100.50089377746087,20.877662242096754],[-100.50093717367164,20.87866337243792],[-100.50418764075336,20.879433680238115],[-100.50672907797966,20.88008840473754],[-100.50846935133737,20.8806749263865],[-100.50975505498062,20.88116513296069],[-100.5110968885037,20.881930687296908],[-100.5125210394594,20.882921200706075],[-100.51546055488147,20.884979153757033],[-100.51563825844231,20.8851035603609],[-100.51620065242939,20.885305463992864],[-100.5173512445422,20.885621264975057],[-100.51832110800429,20.885875969141416],[-100.52083620983935,20.88654951645731],[-100.52120510759782,20.886746854714247],[-100.5218673024517,20.88729345046046],[-100.5231210454884,20.888573776785783],[-100.52368064743537,20.889116576630798]]]},"properties":{"seccion":223,"municipio":3,"electores":816}},{"type":"Feature","geometry":{"type":"Polygon","coordinates":[[[-100.67157913015012,20.9006360407],[-100.66718662253462,20.898963754566562],[-100.66630123164003,20.898663185912714],[-100.66329173821262,20.897641491812784],[-100.66095377449989,20.896225624337667],[-100.6607500116041,20.895338290054333],[-100.66720470644758,20.890332171010357],[-100.6682465159782,20.889320526755718],[-100.66913128591464,20.888533567386357],[-100.67034342125221,20.883878355524114],[-100.67054951354409,20.882218841448747],[-100.67064455414405,20.880933591369256],[-100.67074177692902,20.879772566525816],[-100.67073522804903,20.87939989042591],[-100.67060671741565,20.87878035161727],[-100.67046656746123,20.87749827707269],[-100.67038449028378,20.876173999729502],[-100.67053832894358,20.87488795515719],[-100.67209671876755,20.873210174791307],[-100.66661814787223,20.86539740332614],[-100.6619470272291,20.859538383872138],[-100.6626098429052,20.853812685118555],[-100.6643067723059,20.85328646171572],[-100.66439762467867,20.851783153329738],[-100.66686888970962,20.851787595556992],[-100.66790665291249,20.852267606929725],[-100.66855840320089,20.852548749891028],[-100.66944022146338,20.85253685829491],[-100.67025743683571,20.852194486568365],[-100.67119295042768,20.85189193278378],[-100.67230409480658,20.851545584011824],[-100.67324032713844,20.85128442810356],[-100.6734021360363,20.85045387468326],[-100.67362273009964,20.84962252687988],[-100.67384259435772,20.848749770341655],[-100.6741139648036,20.8474621338407],[-100.67421843644973,20.846715191339186],[-100.67431708524444,20.845636980449672],[-100.6745848090657,20.844142300684965],[-100.67484379487205,20.84215071805492],[-100.67498739347158,20.84028494975875],[-100.67548222771221,20.83833159668786],[-100.67546403093229,20.837296382818906],[-100.67483983005853,20.83523389890214],[-100.67020193683408,20.835627857073032],[-100.66966382746118,20.835117382203773],[-100.66912572172104,20.834606905368542],[-100.66846534006527,20.833828854058478],[-100.66769611213444,20.833549288393346],[-100.6674171318075,20.832909023466318],[-100.66713815401326,20.832268757879447],[-100.66803137820199,20.83255072711241],[-100.66850016770523,20.83246157364504],[-100.66914311871889,20.832245815957325],[-100.67014019960867,20.832108117985786],[-100.67119751118447,20.832052438713543],[-100.67195946890813,20.83191790214417],[-100.67307701148586,20.8319442354316],[-100.67419309915404,20.831887744173414],[-100.67490427595204,20.83220948333457],[-100.6754913461584,20.832160131088905],[-100.6764825939267,20.831691128093972],[-100.67806235692515,20.831255576067743],[-100.6789447753503,20.831285052458774],[-100.6795383989561,20.83160836313225],[-100.6800681426571,20.831642608247606],[-100.68041790290053,20.83147219786597],[-100.68094254171352,20.831216581048505],[-100.68170740090079,20.83124763576234],[-100.68252593195598,20.830988031206758],[-100.68311226317772,20.830897244903348],[-100.68387128056682,20.83059702282734],[-100.68451273721823,20.830298392642543],[-100.68527613054192,20.830246614945402],[-100.68650171486037,20.82973295723956],[-100.68766997404383,20.82930290651117],[-100.68865969812764,20.828751020130035],[-100.6895906369258,20.828199927694648],[-100.69039889184232,20.8273605717428],[-100.69138566487649,20.82664303804382],[-100.69213732111332,20.825928699437032],[-100.6931806556912,20.825086131841804],[-100.6935825685797,20.824542222297545],[-100.69399107184736,20.824370985753358],[-100.69440763379062,20.824655238349436],[-100.69421811742833,20.823912293067906],[-100.69415274796026,20.823540419962278],[-100.69443856762923,20.823080926427902],[-100.6946722047173,20.8229949070071],[-100.69513654662244,20.822657234549027],[-100.695651598976,20.821863269988672],[-100.69621955612973,20.82073723761275],[-100.69690872006873,20.819816641646927],[-100.69736571360396,20.819064882582033],[-100.69794685174163,20.818684192208433],[-100.69835093227422,20.818264497818937],[-100.69874987462558,20.817554945773455],[-100.699032734798,20.816929813533672],[-100.69901512481457,20.815936018661986],[-100.69870292020866,20.814904825611016],[-100.69846122887532,20.814535360040498],[-100.69802928776228,20.81338154432396],[-100.6975438309485,20.811588001839773],[-100.6957395380117,20.81022356139459],[-100.69668353237174,20.81041778663814],[-100.69751145371573,20.810696425802067],[-100.69787579530983,20.811746630115486],[-100.69857626022502,20.812040669365206],[-100.69934875337523,20.811541142265238],[-100.70011717989374,20.811779162018375],[-100.70071076332245,20.81210240217457],[-100.70131088557999,20.8147196019477],[-100.70159703502509,20.815967492918745],[-100.70175853608139,20.81624175480679],[-100.70313312367087,20.81660071121389],[-100.70362397719948,20.81671822968289],[-100.70414321132844,20.816433505744964],[-100.70466244342424,20.816148780359455],[-100.70640433313596,20.81674788992184],[-100.70706375148711,20.81652042543299],[-100.70813489326235,20.81572299150131],[-100.70871596863927,20.814916977628343],[-100.70895447935206,20.81414734713295],[-100.709192987922,20.813377716407462],[-100.70957535571523,20.812228895891195],[-100.70991933761634,20.810896819012278],[-100.71006374022555,20.81058925450793],[-100.70961155219081,20.81015823034733],[-100.71020814228793,20.81028168991195],[-100.7104969447724,20.809666560445553],[-100.71088091708634,20.80881545070545],[-100.7105976311847,20.808723808181767],[-100.71001047531689,20.808603093129957],[-100.70896856612387,20.808494516740666],[-100.70854521998446,20.808393773047314],[-100.70812187433124,20.808293028268043],[-100.70779320133434,20.808160221279437],[-100.70746452887323,20.808027413618678],[-100.7068071855585,20.807761796280815],[-100.70625859007227,20.806595507784863],[-100.70633851681521,20.805895566044754],[-100.7062818592343,20.805709577759355],[-100.70622520180882,20.80552358944185],[-100.70611188742427,20.80515161271013],[-100.70556953329644,20.80433222101716],[-100.70585973085562,20.804281632784782],[-100.70508321737434,20.803427675743755],[-100.70512948891141,20.802722935137346],[-100.70523820275966,20.802224430878066],[-100.70558418953975,20.801846934976403],[-100.70587361339818,20.801594466656002],[-100.70627909930401,20.801257573497466],[-100.70656557925884,20.800839472058698],[-100.70673378931842,20.800381570909142],[-100.70678078875437,20.799718238236792],[-100.70671540390053,20.799346370327314],[-100.70682484632138,20.798889273429758],[-100.7071157336733,20.798719619506333],[-100.70752562299427,20.79863117209511],[-100.70816983878173,20.798498096819785],[-100.70869505021398,20.79828381316189],[-100.70921510773837,20.797779672168488],[-100.70991145726474,20.797273113903056],[-100.71077746889556,20.79639146483529],[-100.71112784795052,20.796262407027605],[-100.71147822636146,20.796133348543684],[-100.71200121414087,20.79579483182851],[-100.71257854250905,20.795207060022868],[-100.71328371349045,20.795197384298053],[-100.71378468385055,20.795273344672925],[-100.71428565460029,20.795349303548683],[-100.71511425476294,20.795669269484776],[-100.71605964920685,20.795946208571596],[-100.71718134025906,20.796220718909368],[-100.71806428441926,20.79629141531228],[-100.71835589143102,20.79616315126575],[-100.71976032650794,20.79581248693143],[-100.72107538462772,20.795552655253676],[-100.7211267587338,20.795110884750926],[-100.72135100575059,20.794840088186927],[-100.72107642226428,20.79380631208892],[-100.72213476091589,20.794118808222382],[-100.72183295312625,20.793381715579436],[-100.72229196682851,20.792754125062135],[-100.72241171134709,20.792876729202252],[-100.72271144329638,20.79320394296171],[-100.72295093392806,20.79344915044771],[-100.72321031937317,20.793883181725874],[-100.72360276137196,20.793955386827825],[-100.72419606187982,20.794053257159828],[-100.72417581769008,20.794156842762032],[-100.72473825606104,20.794791302469605],[-100.72504095797633,20.795284141952493],[-100.72546044965839,20.79573395194005],[-100.72599895342258,20.796264954308313],[-100.72664906368144,20.796463072034566],[-100.7272381883367,20.796537775749336],[-100.7277707723209,20.796737511479215],[-100.72946159038437,20.795968636341886],[-100.7301489577243,20.79496511107904],[-100.73033118234582,20.79529393435691],[-100.73039810540233,20.795748604486352],[-100.73052379303252,20.796202462188802],[-100.73047541423139,20.796782979329343],[-100.73031247334211,20.79753075105682],[-100.73008854100428,20.798155112501522],[-100.7294562177226,20.79895078866344],[-100.72911178324955,20.799411143255547],[-100.72859698119979,20.800205192854865],[-100.72842883902383,20.80066311084006],[-100.7283209446553,20.80120303200494],[-100.72780687415943,20.802038487309304],[-100.72735156499228,20.802873129947702],[-100.72713576595476,20.80395297136834],[-100.72720861444125,20.804738902885404],[-100.72710293727836,20.80540304610686],[-100.72728961700513,20.805980316904378],[-100.72653748924172,20.806653385394807],[-100.72619673440721,20.807320773239283],[-100.72591474553049,20.807987349476196],[-100.72580906149712,20.80865149221575],[-100.72576288692328,20.8093562313636],[-100.72577251823986,20.80989452926003],[-100.72563003948403,20.810145002147664],[-100.72548756028064,20.810395474942748],[-100.72531791804413,20.81077057573892],[-100.72568090962992,20.811345414904096],[-100.72598142884486,20.81171402673944],[-100.72628417278544,20.812206860447986],[-100.72652888935684,20.812741912402664],[-100.72665828980938,20.813402809365066],[-100.72637925845252,20.81423501653564],[-100.72582192857209,20.815940837424336],[-100.7253599038421,20.816402809640856],[-100.72490528462305,20.817278855924172],[-100.72485836552997,20.81794218711906],[-100.72503616531661,20.818022569015877],[-100.72544905614873,20.81809970601477],[-100.7259229434771,20.81830025307243],[-100.72645931129928,20.818707024515483],[-100.726823069844,20.81932326657739],[-100.72724782950375,20.820062918080012],[-100.72754466308896,20.820224488152242],[-100.72755652944812,20.820887007104155],[-100.72756839614075,20.821549525999163],[-100.72729158331947,20.822505956891504],[-100.72659963689118,20.823261033050198],[-100.72596571732278,20.823973887836313],[-100.72527894571645,20.825018811713168],[-100.72465390482735,20.826228552129926],[-100.7243807718067,20.827392017077923],[-100.72457933176936,20.828631807712252],[-100.72488803873331,20.829455900552684],[-100.72484112001122,20.830119231112135],[-100.72443931195215,20.83066320690761],[-100.72367890704533,20.8308807882958],[-100.72268116656394,20.83097738660054],[-100.72245197964087,20.831311888910964],[-100.72246160677155,20.831850186401983],[-100.72277179178462,20.832757098084063],[-100.72343687643028,20.833783365940185],[-100.72392044550524,20.834522211843513],[-100.72452157827897,20.83525943330798],[-100.72588759407557,20.83602750724983],[-100.72684142191326,20.836759847772957],[-100.72750729474302,20.83782750355377],[-100.72811291209588,20.83881315400105],[-100.72890082098729,20.840127621236572],[-100.72933902514833,20.841612592292368],[-100.7288255835678,20.842489463409706],[-100.72866780104128,20.843527084848333],[-100.72787157125533,20.84502912812513],[-100.72661767248889,20.847241592789334],[-100.72549540399416,20.850239165591486],[-100.72491793619054,20.850826988459712],[-100.72458079821271,20.851701414001727],[-100.72378819714265,20.853410479538038],[-100.7232247969699,20.854785037743667],[-100.72266138739089,20.856159594597464],[-100.72129568051767,20.85870491103173],[-100.72021128621611,20.860542240443078],[-100.71882403183143,20.861886726205764],[-100.717839404775,20.862728644522765],[-100.71749258319814,20.863064762700294],[-100.7170222597396,20.863071239653703],[-100.716791536969,20.86332292249659],[-100.7165652521579,20.863823049941413],[-100.71581576413496,20.86466172031543],[-100.71477157128466,20.86546302480182],[-100.71401319544266,20.865804798109767],[-100.71173656901644,20.86674728405246],[-100.71179831531454,20.866912106513844],[-100.71180717821365,20.86740899737347],[-100.71163818672531,20.867825496608273],[-100.71117449277003,20.868204626740674],[-100.71088643645625,20.868539925526093],[-100.71065274197224,20.868625970860883],[-100.71048005481207,20.868835431244733],[-100.70964668872013,20.870806516392385],[-100.710992378245,20.872829770507657],[-100.71076334501286,20.873902323458598],[-100.71131828085699,20.87424272471947],[-100.71042303498245,20.87692741607153],[-100.70988849311155,20.878652768810394],[-100.7095395441283,20.879463290559034],[-100.70909537808632,20.879102986839733],[-100.70877057472809,20.878952656505092],[-100.70833820185918,20.878813871265315],[-100.70807273517725,20.87865596600178],[-100.70509501712425,20.875885639276238],[-100.70488044180883,20.87802415884038],[-100.70302092297096,20.875978741668984],[-100.70178520439482,20.888333156380913],[-100.70167269013233,20.889457984372957],[-100.70352942434604,20.891337772392337],[-100.7033067439914,20.89204492487788],[-100.70338323255253,20.893037902659685],[-100.70335022345904,20.894487975573195],[-100.70342966290623,20.895646583460138],[-100.70374432025065,20.896801967716616],[-100.70441918327934,20.898366590326955],[-100.70466620074691,20.89902588684554],[-100.70473828032003,20.89977041694504],[-100.70338207643744,20.89958191850495],[-100.7018854275682,20.898111382745537],[-100.70146643005546,20.897702942593078],[-100.70093645381809,20.897668780190813],[-100.70028886884164,20.897636225596255],[-100.69899149156903,20.897446885828842],[-100.69798666744093,20.897170701182816],[-100.69692157177121,20.896812498373297],[-100.69421800615635,20.90024568373723],[-100.68473050551263,20.899256638906607],[-100.67300046351994,20.897841804914226],[-100.67157913015012,20.9006360407]]]},"properties":{"seccion":218,"municipio":3,"electores":2089}},{"type":"Feature","geometry":{"type":"Polygon","coordinates":[[[-100.64526026073771,20.90735051544407],[-100.64512924642192,20.906601508612265],[-100.64494309130598,20.90606193049035],[-100.64458632829741,20.90585867237373],[-100.64411187907918,20.905657176103027],[-100.64369923413487,20.905621635275416],[-100.64364076050491,20.9056433711826],[-100.64358228685683,20.905665107070813],[-100.6438263651942,20.90449327580701],[-100.64407044039541,20.90332144429172],[-100.64423876928944,20.901014060277088],[-100.64468591016407,20.894884665818413],[-100.64299108585182,20.892239919474637],[-100.64299847949783,20.892657015292265],[-100.64277273640836,20.893202762095015],[-100.64266245185084,20.89362161895595],[-100.64249406693673,20.89408306581522],[-100.64214842400312,20.894505444097536],[-100.64203665867588,20.894840881489714],[-100.64186383598292,20.895052070323988],[-100.63962694801775,20.901677386142495],[-100.63744240590792,20.901292823229813],[-100.6365903561115,20.901129124467403],[-100.63378333237743,20.9005897962772],[-100.6305916805897,20.899976505867702],[-100.63146466992335,20.896083466453067],[-100.62851309433691,20.89558504815854],[-100.62556741156652,20.895420257243057],[-100.62543276413308,20.897800348718516],[-100.62212225093442,20.896973388509995],[-100.61508577839832,20.8951168151955],[-100.62006053861366,20.88669877038957],[-100.62045841122834,20.88602546606138],[-100.62229147372022,20.879823562971122],[-100.62292031246976,20.878771204698925],[-100.6245323091837,20.880082339424295],[-100.62954497588645,20.880675342481616],[-100.63467386635882,20.881183021419446],[-100.63515574612201,20.87935312642765],[-100.6352805131533,20.878879328442792],[-100.63431928966051,20.877767201284723],[-100.63768366385465,20.87500515247445],[-100.63845732957068,20.875494249986055],[-100.63916847856405,20.875775673738612],[-100.64023188485595,20.876010109707583],[-100.640881253409,20.876125566291943],[-100.6415850236264,20.87598988249582],[-100.642226266726,20.875646527375647],[-100.64286529012436,20.87517804101818],[-100.64349987521005,20.874459294552956],[-100.64401309623588,20.873533758760537],[-100.64418441498226,20.873239149775923],[-100.64504987201646,20.872266618448112],[-100.64668306892155,20.871449466515358],[-100.64737423026595,20.870604697534226],[-100.64826926178132,20.871300535040827],[-100.6504541221449,20.871726697354358],[-100.65271216343358,20.869648496015177],[-100.65501318232073,20.869989415317157],[-100.65524632363487,20.87141921077724],[-100.65529456679195,20.871715069346852],[-100.65600401826981,20.876065721115697],[-100.65808331647385,20.87386497624621],[-100.65867373945302,20.87727717122641],[-100.66703979821781,20.87781856036747],[-100.66860322077464,20.878558885309115],[-100.66937341276889,20.878879838400323],[-100.67074177692902,20.879772566525816],[-100.67064455414405,20.880933591369256],[-100.67054951354409,20.882218841448747],[-100.67034342125221,20.883878355524114],[-100.66913128591464,20.888533567386357],[-100.6682465159782,20.889320526755718],[-100.66720470644758,20.890332171010357],[-100.6607500116041,20.895338290054333],[-100.66095377449989,20.896225624337667],[-100.66085614499858,20.903945362212113],[-100.65668353528048,20.904300254742726],[-100.65590780391621,20.903706982019845],[-100.65513207856618,20.90311370532603],[-100.65312698690865,20.902893529099494],[-100.65217141028414,20.902115198836697],[-100.65139311030796,20.90137592082797],[-100.65121250504957,20.901149170422144],[-100.65103190034553,20.900922419783388],[-100.65003604362313,20.901187693808012],[-100.65078813278498,20.903763073571138],[-100.64985851552177,20.904444557804005],[-100.64864060365488,20.90546412711545],[-100.64615717783072,20.907054413973036],[-100.64590532508906,20.907215686660358],[-100.64526026073771,20.90735051544407]]]},"properties":{"seccion":219,"municipio":3,"electores":1550}},{"type":"Feature","geometry":{"type":"Polygon","coordinates":[[[-100.59164229507749,20.900802587708288],[-100.57969416909201,20.900810541960393],[-100.58399244891203,20.894114030513126],[-100.58474217923644,20.89276154961293],[-100.5896076050724,20.883983907822746],[-100.58616090814661,20.883326508438852],[-100.58652349989136,20.880559252770958],[-100.58720659364944,20.875834728562634],[-100.58734836365186,20.87383002182496],[-100.58804094704342,20.873904008673815],[-100.59524865073071,20.8746738163917],[-100.59518987010632,20.871295245879992],[-100.6004302469888,20.87146856840977],[-100.60324833956969,20.87109332056239],[-100.60443734615771,20.871785068396687],[-100.6096762705982,20.87187468485746],[-100.61175362733591,20.872887030958456],[-100.61333878831478,20.876034406952662],[-100.61244713710923,20.878884627206418],[-100.62229147372022,20.879823562971122],[-100.62045841122834,20.88602546606138],[-100.62006053861366,20.88669877038957],[-100.61508577839832,20.8951168151955],[-100.6149143790315,20.895411399651728],[-100.61486066025239,20.895704242032505],[-100.61480840464971,20.896080504795115],[-100.61319411087972,20.89464415562128],[-100.6109374088413,20.893203546194314],[-100.61057518924052,20.892972310749908],[-100.60819459938789,20.891463788947966],[-100.60803486489414,20.892425733105064],[-100.60517036820279,20.900269850220056],[-100.60015800846033,20.900589001583423],[-100.60005541207167,20.900595532647365],[-100.59977231044329,20.900602506791117],[-100.5958716868894,20.90069855000587],[-100.59164229507749,20.900802587708288]]]},"properties":{"seccion":220,"municipio":3,"electores":1024}},{"type":"Feature","geometry":{"type":"Polygon","coordinates":[[[-100.52368064743537,20.889116576630798],[-100.5231210454884,20.888573776785783],[-100.5218673024517,20.88729345046046],[-100.52120510759782,20.886746854714247],[-100.52083620983935,20.88654951645731],[-100.51832110800429,20.885875969141416],[-100.5173512445422,20.885621264975057],[-100.51620065242939,20.885305463992864],[-100.51563825844231,20.8851035603609],[-100.51546055488147,20.884979153757033],[-100.5125210394594,20.882921200706075],[-100.5110968885037,20.881930687296908],[-100.50975505498062,20.88116513296069],[-100.50846935133737,20.8806749263865],[-100.50672907797966,20.88008840473754],[-100.50418764075336,20.879433680238115],[-100.50093717367164,20.87866337243792],[-100.50089377746087,20.877662242096754],[-100.50272605433351,20.875138730295976],[-100.50932595712837,20.87060090255594],[-100.50745115875753,20.869349024068114],[-100.50692980970697,20.867604555341696],[-100.50600341302507,20.864406470284752],[-100.50548351945024,20.862330105732212],[-100.50467184953098,20.85979624362298],[-100.5039762832056,20.85759472393098],[-100.50293217400885,20.85447912331844],[-100.50264681508068,20.8525281230266],[-100.5052343050338,20.851915953726476],[-100.50758696633815,20.851261345328254],[-100.50952821249389,20.850646595081933],[-100.51009584600932,20.850285068740806],[-100.51114980192006,20.849978067194982],[-100.51161760119902,20.84980454213981],[-100.52054607807034,20.845421972862926],[-100.52462988108971,20.843361113864233],[-100.5254903480758,20.842055446694474],[-100.53144283733063,20.839175044994754],[-100.53383397331403,20.837930894746336],[-100.53523645951532,20.837368428760414],[-100.53751202013193,20.836251051458643],[-100.53920786397853,20.835642627614142],[-100.54341515827183,20.833955072264786],[-100.54686696639237,20.832820675485824],[-100.5480253043077,20.83239852538871],[-100.54996581226148,20.831691295222978],[-100.55288958293622,20.830647829742578],[-100.5546441099127,20.830038412393957],[-100.55674795136001,20.829215323002284],[-100.5584429130864,20.828565006235163],[-100.55920395062357,20.82834539677352],[-100.55962138169198,20.828673138902868],[-100.56003809963927,20.82895916815412],[-100.56010335032538,20.82933372324158],[-100.56011693427168,20.830126246095666],[-100.5598959651662,20.830963882726827],[-100.55973023693645,20.831592110062832],[-100.5593270926449,20.83209860355985],[-100.55892466039762,20.832646807989804],[-100.55857961412387,20.833110738047388],[-100.55793261605258,20.833120087865375],[-100.5576435263955,20.83341631932974],[-100.55689245935615,20.834219888562398],[-100.5557941826201,20.835362244755796],[-100.55486592473382,20.836126641894886],[-100.5541141161845,20.836888488654676],[-100.55249069684832,20.83828873426447],[-100.55121447006411,20.83935018516293],[-100.55022948071819,20.840240543203453],[-100.54977600930732,20.841248407305564],[-100.54886406431028,20.842972149370052],[-100.54829791589852,20.844273687709563],[-100.54784655691715,20.845406683548656],[-100.54762692628785,20.846327732411883],[-100.546937414468,20.847297265178796],[-100.54624789405194,20.84826679561579],[-100.5456122097192,20.84894349408471],[-100.54520968501863,20.84949167117486],[-100.54544925237936,20.84973855906873],[-100.54654984361042,20.848721395409864],[-100.54776450809557,20.847493972518077],[-100.54880481948072,20.846394219010516],[-100.54978914280103,20.845462154869793],[-100.55186826751755,20.84317919715512],[-100.55222120011939,20.8431741085716],[-100.55327500376117,20.84286685579312],[-100.5540461112322,20.843231229574577],[-100.5552899414735,20.8437139418064],[-100.55576694593933,20.844082553136875],[-100.55624395269908,20.84445116297633],[-100.55719511502971,20.845021531320857],[-100.55785217000903,20.845596144892543],[-100.55881478520898,20.846833890168046],[-100.56054856497319,20.84843597047812],[-100.5672566391311,20.855306330449405],[-100.56667483192669,20.855690268736982],[-100.5658713414246,20.856870135953365],[-100.56512164715016,20.85775716673075],[-100.56377005032036,20.857860202120232],[-100.56346946404103,20.857489060625525],[-100.56328581713682,20.857074502414672],[-100.56281376705917,20.85699789707219],[-100.56355480510008,20.859031534212196],[-100.56414881835688,20.859356700792606],[-100.5649810146643,20.85984529942758],[-100.56575869133435,20.8605850156033],[-100.56606502846924,20.861289843750747],[-100.56607722372395,20.861998938246387],[-100.56573357449142,20.862546306927936],[-100.56581033691688,20.863588239637846],[-100.56558721234522,20.864300747251498],[-100.56506993493353,20.865017520423944],[-100.5646724649748,20.865857720707638],[-100.56463631843549,20.86592890043311],[-100.56450170969464,20.866193971206517],[-100.56403393193564,20.866367639911214],[-100.56369241673322,20.86704013971291],[-100.56358407333737,20.867584094099097],[-100.56336236707807,20.868380022457647],[-100.56308254361767,20.869218514606242],[-100.56303159564592,20.869678193266843],[-100.563097595206,20.870094455380922],[-100.56358115710943,20.870838440443247],[-100.56382939280091,20.871585835292887],[-100.56430866061157,20.872079549073526],[-100.5650239814823,20.872611559761413],[-100.56567616874155,20.872894152274313],[-100.56632476970695,20.87296818524468],[-100.56627311351077,20.873386152755394],[-100.56674952353796,20.87371301325771],[-100.56751435922726,20.873701910915372],[-100.568342337786,20.873940218714086],[-100.56929229736379,20.874427080660805],[-100.56978730387738,20.872417244310352],[-100.57467402994965,20.8725547734239],[-100.57522267168949,20.872609239648067],[-100.58310371768397,20.873391427787457],[-100.58734836365186,20.87383002182496],[-100.58720659364944,20.875834728562634],[-100.58652349989136,20.880559252770958],[-100.58616090814661,20.883326508438852],[-100.5896076050724,20.883983907822746],[-100.58474217923644,20.89276154961293],[-100.58399244891203,20.894114030513126],[-100.57969416909201,20.900810541960393],[-100.57923858101488,20.90169334352639],[-100.57878298788914,20.9025761441291],[-100.57861295124233,20.902954118938684],[-100.57873713731304,20.903327800127123],[-100.57874363437661,20.903703198731005],[-100.57762413878048,20.903636089561925],[-100.57700662843148,20.90366595686086],[-100.57638911767745,20.903695821942495],[-100.57533207178754,20.90383639484294],[-100.57427574413978,20.904018672374768],[-100.573747579188,20.90410980874993],[-100.57321941348435,20.904200943531276],[-100.57289828586988,20.904351644793863],[-100.57257715758105,20.904502345490837],[-100.57228653153545,20.90471518398059],[-100.57199878493442,20.905094866404518],[-100.57171103691819,20.905474548419324],[-100.57154025932911,20.905810806296223],[-100.57139926399643,20.906167491445636],[-100.57125826804885,20.906524176506505],[-100.57083671614367,20.907677653373547],[-100.57041515834652,20.908831129458495],[-100.5702508517478,20.909542786342154],[-100.57002481755633,20.910088454590287],[-100.56997460564554,20.910589843851106],[-100.56997928338406,20.910860966071372],[-100.56998396117439,20.91113208828227],[-100.56993123021682,20.91148748862603],[-100.5698784990695,20.911842888955103],[-100.56933087712616,20.91080781327574],[-100.5686691644023,20.909983001882374],[-100.56800961627204,20.909283320873264],[-100.56728547640182,20.908250802376593],[-100.56679745174577,20.90725657248435],[-100.5665469745436,20.90638405596719],[-100.56636073545847,20.905823518393348],[-100.56617449789262,20.905262980493568],[-100.56575108350597,20.904601581600538],[-100.56550420898873,20.903937618838494],[-100.56537646339436,20.903355369772544],[-100.56524943709105,20.90281483176361],[-100.56564483162337,20.901849493939963],[-100.56580556318647,20.900929283777714],[-100.56590905741419,20.90051316743135],[-100.56657621655133,20.897830690631093],[-100.56758149072705,20.894686965054927],[-100.56863191047599,20.8907498666071],[-100.57067736510281,20.883085067169997],[-100.57059335857561,20.881626029270144],[-100.56099623775825,20.88066231450692],[-100.5600161616751,20.880563866895688],[-100.55679838068444,20.880240603473904],[-100.55296758436135,20.87992044729532],[-100.5520843247632,20.879891473002832],[-100.55134975941063,20.879984522410023],[-100.55066689701611,20.880026392288773],[-100.55036336175124,20.88004103657532],[-100.550085497266,20.880091124083457],[-100.54944960694036,20.880306796231128],[-100.54932828441234,20.880473606113252],[-100.54898667421456,20.88114608159508],[-100.54869890690635,20.881525726646746],[-100.54776963062926,20.88224838962714],[-100.54695659557315,20.882885929966815],[-100.54601875396608,20.88310804323509],[-100.54542752698119,20.882949665077966],[-100.54513581812289,20.88280011995121],[-100.54495255242924,20.882706168009147],[-100.5442408052024,20.882382631547042],[-100.54370770837825,20.88218168894287],[-100.54300094650321,20.882150129809077],[-100.54235373357785,20.882159433881263],[-100.54170936499807,20.882335582956916],[-100.54088919250142,20.88255597731759],[-100.54000378330178,20.88240180574699],[-100.5394125639778,20.88224340620631],[-100.53864412257349,20.882045826012508],[-100.53781400513797,20.881682238599655],[-100.53692434428832,20.881277778759884],[-100.53615236242763,20.880871626915646],[-100.53556044289739,20.88067150140231],[-100.53455808323655,20.8805606992228],[-100.53361668840851,20.880574184546262],[-100.5326731672046,20.88046252850555],[-100.53202524968778,20.880430080988365],[-100.53161338934508,20.880435975335665],[-100.5315254640703,20.882189566787613],[-100.53176577443872,20.882478183178836],[-100.5305266358627,20.88228730191049],[-100.52957461142552,20.881675083890826],[-100.52892244290828,20.881392352085893],[-100.5283559974449,20.882693838417715],[-100.52784484474931,20.883785921779634],[-100.52701544690932,20.883463993142318],[-100.52618181107366,20.882891787119075],[-100.52553388277028,20.882859315563174],[-100.52561038937348,20.88390128058385],[-100.52567629578245,20.884317562515538],[-100.52597755880217,20.884730483966568],[-100.52598392065721,20.88510589361695],[-100.5254004757536,20.88540627951347],[-100.52458237711002,20.885751734670144],[-100.52440939097487,20.885962814704015],[-100.52425618462972,20.887341836492116],[-100.52414006017561,20.887797058983026],[-100.52392504161034,20.888639952376753],[-100.52368064743537,20.889116576630798]]]},"properties":{"seccion":224,"municipio":3,"electores":1052}},{"type":"Feature","geometry":{"type":"Polygon","coordinates":[[[-100.56929229736379,20.874427080660805],[-100.568342337786,20.873940218714086],[-100.56751435922726,20.873701910915372],[-100.56674952353796,20.87371301325771],[-100.56627311351077,20.873386152755394],[-100.56632476970695,20.87296818524468],[-100.56567616874155,20.872894152274313],[-100.5650239814823,20.872611559761413],[-100.56430866061157,20.872079549073526],[-100.56382939280091,20.871585835292887],[-100.56358115710943,20.870838440443247],[-100.563097595206,20.870094455380922],[-100.56303159564592,20.869678193266843],[-100.56308254361767,20.869218514606242],[-100.56336236707807,20.868380022457647],[-100.56358407333737,20.867584094099097],[-100.56369241673322,20.86704013971291],[-100.56403393193564,20.866367639911214],[-100.56450170969464,20.866193971206517],[-100.56463631843549,20.86592890043311],[-100.5646724649748,20.865857720707638],[-100.56506993493353,20.865017520423944],[-100.56558721234522,20.864300747251498],[-100.56581033691688,20.863588239637846],[-100.56573357449142,20.862546306927936],[-100.56607722372395,20.861998938246387],[-100.56606502846924,20.861289843750747],[-100.56575869133435,20.8605850156033],[-100.5649810146643,20.85984529942758],[-100.56414881835688,20.859356700792606],[-100.56355480510008,20.859031534212196],[-100.56281376705917,20.85699789707219],[-100.56328581713682,20.857074502414672],[-100.56346946404103,20.857489060625525],[-100.56377005032036,20.857860202120232],[-100.56512164715016,20.85775716673075],[-100.5658713414246,20.856870135953365],[-100.56667483192669,20.855690268736982],[-100.5672566391311,20.855306330449405],[-100.5679446122761,20.854253299732772],[-100.5682365885244,20.85412389605034],[-100.56762034358395,20.852505687790305],[-100.56718776099984,20.85130203051888],[-100.56675590318534,20.85014008303797],[-100.56662247542877,20.849224136886257],[-100.56660239388297,20.848056215051006],[-100.56681975733156,20.847010014659123],[-100.56724945287819,20.848046828474995],[-100.56761602592701,20.848834225492155],[-100.56816266364687,20.849827617417535],[-100.5688269580216,20.85081929897877],[-100.57015198238884,20.8525940953884],[-100.57194477022378,20.854195192814416],[-100.57364927841061,20.85408696091033],[-100.57482435252277,20.853986418649313],[-100.57863963429645,20.856851365529142],[-100.57892295551959,20.856221409653116],[-100.58193031294762,20.85659475466236],[-100.58176018791444,20.863019076146998],[-100.58175236383725,20.86331453642862],[-100.58729939886801,20.864053917274614],[-100.58824018497852,20.864179298719765],[-100.58797497858845,20.865852041552934],[-100.58800536714611,20.867603900922596],[-100.58750989450604,20.869572063678955],[-100.58734836365186,20.87383002182496],[-100.58310371768397,20.873391427787457],[-100.57522267168949,20.872609239648067],[-100.57467402994965,20.8725547734239],[-100.56978730387738,20.872417244310352],[-100.56929229736379,20.874427080660805]]]},"properties":{"seccion":225,"municipio":3,"electores":907}},{"type":"Feature","geometry":{"type":"Polygon","coordinates":[[[-100.78462082396905,20.8311091121735],[-100.78056414549354,20.830961316575525],[-100.7754465155831,20.830621943892144],[-100.77209181315519,20.830298230524882],[-100.76747485213959,20.829206551811286],[-100.76656788426558,20.828992082802486],[-100.7656609185973,20.82877760880124],[-100.76265290894753,20.828117655296047],[-100.75805463371437,20.827232315790255],[-100.75226937373955,20.825660481822457],[-100.75121462302742,20.82244805019689],[-100.75050225702847,20.818651372191972],[-100.74908943860014,20.81511303014608],[-100.74737391010346,20.8144342141241],[-100.74578592586407,20.814332865744653],[-100.74389852522266,20.813904757558813],[-100.7434193165669,20.813373690467916],[-100.74353104020324,20.813041051297006],[-100.74386405412825,20.811919025194083],[-100.74049616051911,20.810808637632583],[-100.74009506721576,20.811393695846665],[-100.73922768595689,20.812192324571946],[-100.7376526205897,20.812835550941603],[-100.73595720821457,20.813314963921393],[-100.73389578333745,20.813013369341547],[-100.73490504924133,20.810226505883836],[-100.73552677687745,20.80881070977025],[-100.73604105196476,20.807975765212916],[-100.73703305402056,20.80758916995424],[-100.73778869054082,20.807123189248625],[-100.73848559063742,20.80665804549482],[-100.73848057509647,20.806368458416713],[-100.73912447159212,20.806235108939468],[-100.74018235413646,20.806261352054836],[-100.74123951927501,20.80624621909616],[-100.74152528557364,20.80578694969267],[-100.74175447131346,20.805452629507045],[-100.74238974971298,20.80482283422125],[-100.7433201109666,20.80427156834202],[-100.74395968539069,20.803889984787563],[-100.74466301348295,20.803797143234615],[-100.7456048533689,20.803907776865202],[-100.74660254995402,20.803852084938143],[-100.74730228121057,20.803552385721577],[-100.74800200951842,20.803252683835048],[-100.74904907894978,20.80265833326466],[-100.7516173454586,20.80171107644336],[-100.75401011134674,20.800807688027586],[-100.75540806771653,20.800125491903312],[-100.75628034136781,20.799616375571894],[-100.75686113243597,20.799235593249538],[-100.75738391397859,20.798897024558883],[-100.7581437694619,20.7986791761701],[-100.7588434510543,20.798379433000736],[-100.75947790408846,20.7977082119223],[-100.76045821449105,20.796659583843844],[-100.76150518550365,20.79606516349411],[-100.76273555573034,20.795881884157705],[-100.76396519912355,20.795657227167766],[-100.76542829665115,20.795346428252454],[-100.76670145489292,20.794252154775368],[-100.76692839525039,20.793793698789514],[-100.76703136790282,20.792964620596557],[-100.76707995824344,20.79238460557315],[-100.76901571379192,20.79223245896207],[-100.77112473835197,20.791912263130243],[-100.77258415374395,20.791394562403177],[-100.77380285525248,20.790549305988115],[-100.7744364817752,20.78983666727311],[-100.77558699667243,20.788454457091685],[-100.77726890213289,20.78723004207969],[-100.77842518655781,20.786178765690334],[-100.77975616634087,20.785042184730834],[-100.78138291581315,20.784025430951072],[-100.78254351414996,20.783222342206138],[-100.78394189585573,20.782581301687536],[-100.78552225586736,20.78226863324314],[-100.78715841224704,20.78178962058397],[-100.78786743249901,20.782027559156496],[-100.78922311003602,20.782297441195926],[-100.79052372120253,20.782775011592253],[-100.79183091365236,20.783624887359228],[-100.79271099677419,20.783570653001796],[-100.79320537404574,20.783294465739313],[-100.79369974944144,20.783018277174865],[-100.79492045121755,20.782296988449556],[-100.79561192947483,20.7815420536303],[-100.79565382728268,20.780589722821905],[-100.79576322104589,20.780132953350165],[-100.79737876868934,20.781825786458498],[-100.7982168388768,20.78270392655355],[-100.79927221688067,20.785916031203318],[-100.79968138119328,20.787461747900046],[-100.8000905550664,20.789007462746167],[-100.800277296682,20.78970496058183],[-100.8007195645014,20.791356842467128],[-100.80143677744043,20.79297468478698],[-100.8025553663186,20.795509188475336],[-100.80388402232944,20.797558632424398],[-100.80419600656637,20.798588523119975],[-100.80376806248667,20.807574009985853],[-100.80194961970098,20.81103514318839],[-100.80087187706363,20.813202653563852],[-100.80176680297934,20.81397572146055],[-100.80080137032144,20.815851932255157],[-100.8000649818513,20.817393749208026],[-100.79841595811759,20.820479958810363],[-100.79708264209322,20.82149258828752],[-100.79598644918877,20.822625872759122],[-100.79638576129601,20.825268271388293],[-100.79727698831147,20.82914482470606],[-100.79300079291032,20.829869494764164],[-100.78878840345502,20.83088278098224],[-100.78462082396905,20.8311091121735]]]},"properties":{"seccion":237,"municipio":3,"electores":694}},{"type":"Feature","geometry":{"type":"Polygon","coordinates":[[[-100.62229147372022,20.879823562971122],[-100.61244713710923,20.878884627206418],[-100.61333878831478,20.876034406952662],[-100.61175362733591,20.872887030958456],[-100.6096762705982,20.87187468485746],[-100.60443734615771,20.871785068396687],[-100.60324833956969,20.87109332056239],[-100.6004302469888,20.87146856840977],[-100.59518987010632,20.871295245879992],[-100.59524865073071,20.8746738163917],[-100.58804094704342,20.873904008673815],[-100.58734836365186,20.87383002182496],[-100.58750989450604,20.869572063678955],[-100.58800536714611,20.867603900922596],[-100.58797497858845,20.865852041552934],[-100.58824018497852,20.864179298719765],[-100.58729939886801,20.864053917274614],[-100.58175236383725,20.86331453642862],[-100.58176018791444,20.863019076146998],[-100.58193031294762,20.85659475466236],[-100.57892295551959,20.856221409653116],[-100.57863963429645,20.856851365529142],[-100.57482435252277,20.853986418649313],[-100.57364927841061,20.85408696091033],[-100.57194477022378,20.854195192814416],[-100.57015198238884,20.8525940953884],[-100.5688269580216,20.85081929897877],[-100.56816266364687,20.849827617417535],[-100.56761602592701,20.848834225492155],[-100.56724945287819,20.848046828474995],[-100.56681975733156,20.847010014659123],[-100.56660239388297,20.848056215051006],[-100.56662247542877,20.849224136886257],[-100.56675590318534,20.85014008303797],[-100.56718776099984,20.85130203051888],[-100.56762034358395,20.852505687790305],[-100.5682365885244,20.85412389605034],[-100.5679446122761,20.854253299732772],[-100.5672566391311,20.855306330449405],[-100.56054856497319,20.84843597047812],[-100.55881478520898,20.846833890168046],[-100.55785217000903,20.845596144892543],[-100.55719511502973,20.84502153132095],[-100.55624395269908,20.84445116297633],[-100.55576694593933,20.844082553136875],[-100.5552899414735,20.84371394180649],[-100.5540461112322,20.843231229574577],[-100.55327500376117,20.84286685579312],[-100.55222120011939,20.8431741085716],[-100.55186826751755,20.84317919715512],[-100.54978914280103,20.845462154869793],[-100.54880481948072,20.846394219010516],[-100.54776450809557,20.847493972518077],[-100.54654984361042,20.848721395409864],[-100.54544925237936,20.84973855906873],[-100.54520968501863,20.84949167117486],[-100.5456122097192,20.84894349408471],[-100.54624789405194,20.84826679561579],[-100.546937414468,20.847297265178796],[-100.54762692628785,20.846327732411883],[-100.54784655691715,20.845406683548656],[-100.54829791589852,20.844273687709563],[-100.54886406431028,20.842972149370052],[-100.54977600930732,20.841248407305564],[-100.55022948071819,20.840240543203453],[-100.55121447006411,20.83935018516293],[-100.55249069684832,20.83828873426447],[-100.5541141161845,20.836888488654676],[-100.55486592473382,20.836126641894886],[-100.5557941826201,20.835362244755796],[-100.55689245935615,20.834219888562398],[-100.5576435263955,20.83341631932984],[-100.55793261605258,20.833120087865375],[-100.55857961412387,20.833110738047388],[-100.55892466039762,20.832646807989804],[-100.5593270926449,20.83209860355985],[-100.55973023693645,20.831592110062832],[-100.5598959651662,20.830963882726827],[-100.56011693427168,20.830126246095666],[-100.56010335032538,20.82933372324158],[-100.56003809963927,20.82895916815412],[-100.55962138169198,20.828673138902868],[-100.55920395062357,20.82834539677352],[-100.56101008598364,20.827317949879696],[-100.56278528964255,20.827918092450293],[-100.56328743339381,20.826325385361745],[-100.56410798241826,20.82614661514166],[-100.564871862699,20.82609382813156],[-100.56593125028067,20.826120199031305],[-100.56716636606662,20.826102293244094],[-100.56823077274603,20.82642063091934],[-100.5692973356763,20.82686409631922],[-100.57001029450666,20.827270966736194],[-100.57072828176979,20.827969814484],[-100.57133941414,20.829296039849183],[-100.57227975363377,20.82924065575146],[-100.5731082081045,20.82952066812997],[-100.57423074658588,20.82979639963747],[-100.57523637515978,20.83011554642566],[-100.576008180573,20.83052153397917],[-100.57785092601064,20.831621194100507],[-100.57849503083837,20.831444924234386],[-100.57931846504745,20.831432925855577],[-100.58055938052097,20.83174861108548],[-100.58191505032158,20.831895725894533],[-100.58315380966911,20.83208625805544],[-100.58445066668139,20.83223421092493],[-100.58539534614088,20.83242902099543],[-100.58545560703107,20.83251158403577],[-100.5860560531227,20.83321207955791],[-100.5864255687904,20.834166278200126],[-100.58691417023947,20.835202178190475],[-100.58703830858481,20.835575858448045],[-100.5875363140548,20.83715400021792],[-100.58809821040373,20.83902325676037],[-100.58923892105193,20.84034165955507],[-100.58991075998023,20.838370910098366],[-100.59046205263729,20.8362350368293],[-100.5906102914463,20.834605723007922],[-100.59065029907472,20.833520374788996],[-100.5915805182338,20.832880929097282],[-100.59293547855668,20.83298624430581],[-100.59411616244789,20.83321926852888],[-100.59553356699617,20.833532255283163],[-100.59760594375835,20.8342945524196],[-100.6003703527806,20.83425394501408],[-100.60965252724117,20.83559460456003],[-100.60980730612022,20.83561695534416],[-100.60997790800823,20.835659314942017],[-100.61583442643776,20.837113339658934],[-100.61638643609405,20.8383985343564],[-100.61658408175151,20.839605526932726],[-100.61654353142487,20.840649158041966],[-100.61621472882568,20.842030823223425],[-100.61570507685579,20.843164835265238],[-100.61514024945733,20.84450826817812],[-100.6143945673497,20.84560404572738],[-100.6139553960623,20.84740455153225],[-100.61631046082853,20.84749488841389],[-100.61787346742923,20.84939093158384],[-100.6174858410346,20.850773469176772],[-100.61818879160552,20.850596177298932],[-100.61900792270181,20.850333719481345],[-100.61970940529136,20.850073000958293],[-100.62052926252389,20.849852246506178],[-100.62135204631703,20.84979832940932],[-100.6227056970081,20.849819977055144],[-100.62387921482706,20.849635681704648],[-100.625561593275,20.84827563242992],[-100.6301636482387,20.84899993277767],[-100.63040701872066,20.849455243279614],[-100.63041951040069,20.850164314623434],[-100.63043714633568,20.85116535640982],[-100.63033566694585,20.852084728370283],[-100.63041874108222,20.853460285287014],[-100.63020255244327,20.854548247811916],[-100.62992533225868,20.85551195511137],[-100.62964516992054,20.856308821837064],[-100.62918779483813,20.857066603045947],[-100.62849731705002,20.85795301252793],[-100.62768991390581,20.858882878727602],[-100.62693398627458,20.859394766371924],[-100.62612876759977,20.86044975655011],[-100.62703539264038,20.861813078032192],[-100.6274023063133,20.862600323403917],[-100.62759053804812,20.863265061168093],[-100.62753905405245,20.863683036453306],[-100.62719563310472,20.86423051434313],[-100.62696913192049,20.86473453289968],[-100.6266845351164,20.86528113560265],[-100.62640874572703,20.86632825898779],[-100.62588148823723,20.8664612563813],[-100.62588956208316,20.866920067441722],[-100.62584394480643,20.867671723181587],[-100.62579612534093,20.868298248605637],[-100.62557548592221,20.86913594652284],[-100.62552326155674,20.86951221133405],[-100.62547103699966,20.869888476130445],[-100.62292031246976,20.878771204698925],[-100.62229147372022,20.879823562971122]]]},"properties":{"seccion":226,"municipio":3,"electores":1157}},{"type":"Feature","geometry":{"type":"Polygon","coordinates":[[[-100.63467386635882,20.881183021419446],[-100.62954497588645,20.880675342481616],[-100.6245323091837,20.880082339424295],[-100.62292031246976,20.878771204698925],[-100.62547103699966,20.869888476130445],[-100.62552326155674,20.86951221133405],[-100.62557548592221,20.86913594652284],[-100.62579612534093,20.868298248605637],[-100.62584394480643,20.867671723181587],[-100.62588956208316,20.866920067441722],[-100.62588148823723,20.8664612563813],[-100.62640874572703,20.86632825898779],[-100.6266845351164,20.86528113560265],[-100.62696913192049,20.86473453289968],[-100.62719563310472,20.86423051434313],[-100.62753905405245,20.863683036453306],[-100.62759053804812,20.863265061168093],[-100.6274023063133,20.862600323403917],[-100.62703539264038,20.861813078032192],[-100.62612876759977,20.86044975655011],[-100.62693398627458,20.859394766371924],[-100.62768991390581,20.858882878727602],[-100.62849731705002,20.85795301252793],[-100.62918779483813,20.857066603045947],[-100.62964516992054,20.856308821837064],[-100.62992533225868,20.85551195511137],[-100.63020255244327,20.854548247811916],[-100.63041874108222,20.853460285287014],[-100.63033566694585,20.852084728370283],[-100.63043714633568,20.85116535640982],[-100.63041951040069,20.850164314623434],[-100.63040701872066,20.849455243279614],[-100.6301636482387,20.84899993277767],[-100.625561593275,20.84827563242992],[-100.62387921482706,20.849635681704648],[-100.6227056970081,20.849819977055144],[-100.62135204631703,20.84979832940932],[-100.62052926252389,20.849852246506178],[-100.61970940529136,20.850073000958293],[-100.61900792270181,20.850333719481345],[-100.61818879160552,20.850596177298932],[-100.6174858410346,20.850773469176772],[-100.61787346742923,20.84939093158384],[-100.61631046082853,20.84749488841389],[-100.6139553960623,20.84740455153225],[-100.6143945673497,20.84560404572738],[-100.61514024945733,20.84450826817812],[-100.61570507685579,20.843164835265238],[-100.61621472882568,20.842030823223425],[-100.61654353142487,20.840649158041966],[-100.61658408175151,20.839605526932726],[-100.61638643609405,20.8383985343564],[-100.61583442643776,20.837113339658934],[-100.6158161651393,20.836070577862387],[-100.61609564196215,20.835232019169887],[-100.61660819102823,20.83426484876331],[-100.61712511826269,20.833547939899194],[-100.61793758295595,20.832910098617887],[-100.61851697066406,20.83240086789066],[-100.61909562322225,20.831849925007425],[-100.61961984434713,20.83155011388819],[-100.61984267219607,20.830837552786996],[-100.62000741466613,20.830167572990856],[-100.62017508177325,20.829664434720623],[-100.62142435741175,20.828824208980688],[-100.62157053485522,20.82872589320275],[-100.62240857711652,20.829547896150572],[-100.62324882552397,20.830495025333605],[-100.62432581121978,20.8315220799458],[-100.62521976798318,20.832176353088165],[-100.62616961533479,20.832662906701145],[-100.62723856732903,20.833231127822202],[-100.62830679319414,20.833757631498756],[-100.62931400754255,20.834159871848595],[-100.63062191889688,20.834933123271973],[-100.63163135075632,20.83546047939905],[-100.63275989319627,20.836069498073915],[-100.63435015415044,20.83617097915089],[-100.636178627656,20.836435778352183],[-100.63806739622443,20.836783100091655],[-100.6444387398889,20.837752353790393],[-100.64555929280978,20.83792279409839],[-100.64589224949331,20.836791349009772],[-100.64552162217889,20.835795594196547],[-100.64544803426223,20.834962277952286],[-100.6456633557931,20.833832593104503],[-100.64587867472524,20.832702908057463],[-100.64610433237462,20.832157160210865],[-100.64645131170253,20.831818200814112],[-100.64674095251446,20.83156354071673],[-100.64608069544869,20.830822446089737],[-100.64565865544127,20.830244668354496],[-100.64582032722942,20.829407831963792],[-100.64656496180021,20.828270226071513],[-100.64755444362409,20.827671323302553],[-100.64901146285194,20.82689852913651],[-100.65018180081302,20.826547227939848],[-100.65064786295262,20.826289918052357],[-100.6514153851458,20.826445295669068],[-100.65251801716437,20.82559434441216],[-100.65327368945346,20.82508235883769],[-100.65432193360424,20.82448253756284],[-100.6554467655772,20.824882858657332],[-100.65640109793706,20.825619499284073],[-100.65753780976085,20.82668715904216],[-100.65832462843518,20.827926953688753],[-100.65910552311806,20.828833067424654],[-100.65974454685939,20.828992645940755],[-100.66005098880214,20.82906917036217],[-100.66093393032969,20.829097605551144],[-100.66169924536021,20.829127806944413],[-100.6627630856676,20.829403833166662],[-100.66377108989678,20.829847576300914],[-100.66466295995532,20.8303765047503],[-100.66567618380365,20.83111220144605],[-100.66644895090087,20.83155947441441],[-100.66686734848815,20.831928648555134],[-100.66704788536678,20.832155388162832],[-100.66713815401326,20.832268757879447],[-100.6674171318075,20.832909023466318],[-100.66769611213444,20.833549288393346],[-100.66846534006527,20.833828854058478],[-100.66912572172104,20.834606905368542],[-100.66966382746118,20.835117382203773],[-100.67020193683408,20.835627857073032],[-100.67483983005853,20.83523389890214],[-100.67546403093229,20.837296382818906],[-100.67548222771221,20.83833159668786],[-100.67498739347158,20.84028494975875],[-100.67484379487205,20.84215071805492],[-100.6745848090657,20.844142300684965],[-100.67431708524444,20.845636980449672],[-100.67421843644973,20.846715191339186],[-100.6741139648036,20.8474621338407],[-100.67384259435772,20.848749770341655],[-100.67362273009964,20.84962252687988],[-100.6734021360363,20.85045387468326],[-100.67324032713844,20.85128442810356],[-100.67230409480658,20.851545584011824],[-100.67119295042768,20.85189193278378],[-100.67025743683571,20.852194486568365],[-100.66944022146338,20.85253685829491],[-100.66855840320089,20.852548749891028],[-100.66790665291249,20.852267606929725],[-100.66686888970962,20.851787595556992],[-100.66439762467867,20.851783153329738],[-100.6643067723059,20.85328646171572],[-100.6626098429052,20.853812685118555],[-100.6619470272291,20.859538383872138],[-100.66661814787223,20.86539740332614],[-100.67209671876755,20.873210174791307],[-100.67053832894358,20.87488795515719],[-100.67038449028378,20.876173999729502],[-100.67046656746123,20.87749827707269],[-100.67060671741565,20.87878035161727],[-100.67073522804903,20.87939989042591],[-100.67074177692902,20.879772566525816],[-100.66937341276889,20.878879838400323],[-100.66860322077464,20.878558885309115],[-100.66703979821781,20.87781856036747],[-100.65867373945302,20.87727717122641],[-100.65808331647385,20.87386497624621],[-100.65600401826981,20.876065721115697],[-100.65529456679195,20.871715069346852],[-100.65524632363487,20.87141921077724],[-100.65501318232073,20.869989415317157],[-100.65271216343358,20.869648496015177],[-100.6504541221449,20.871726697354358],[-100.64826926178132,20.871300535040827],[-100.64737423026595,20.870604697534226],[-100.64668306892155,20.871449466515358],[-100.64504987201646,20.872266618448112],[-100.64418441498226,20.873239149775923],[-100.64401309623588,20.873533758760537],[-100.64349987521005,20.874459294552956],[-100.64286529012436,20.87517804101818],[-100.642226266726,20.875646527375647],[-100.6415850236264,20.87598988249582],[-100.640881253409,20.876125566291943],[-100.64023188485595,20.876010109707583],[-100.63916847856405,20.875775673738612],[-100.63845732957068,20.875494249986055],[-100.63768366385465,20.87500515247445],[-100.63431928966051,20.877767201284723],[-100.6352805131533,20.878879328442792],[-100.63515574612201,20.87935312642765],[-100.63467386635882,20.881183021419446]]]},"properties":{"seccion":227,"municipio":3,"electores":1883}},{"type":"Feature","geometry":{"type":"Polygon","coordinates":[[[-100.774240483554,20.858942771011286],[-100.77075601995402,20.857958887874585],[-100.76984497958213,20.856275559957474],[-100.76781776898416,20.857960115959493],[-100.76642516779161,20.858973392459195],[-100.76583693247231,20.858940532575676],[-100.76535459547932,20.858244070411093],[-100.76400260310253,20.858222259991255],[-100.76281744386488,20.857660095971614],[-100.76145966235059,20.85730731478902],[-100.76003879355929,20.856707158155185],[-100.7581298546635,20.855079552093045],[-100.75717178612634,20.854058895333146],[-100.75679399332795,20.85261606880866],[-100.7557105067599,20.85114203827924],[-100.75415345008938,20.84946792691039],[-100.75372994545664,20.848770578756792],[-100.75354792919545,20.848442165539566],[-100.75316369439808,20.84662700531804],[-100.75174367795783,20.846068138681968],[-100.75013878371674,20.845015365250838],[-100.74917218977679,20.843498224487604],[-100.74815047146201,20.842188766788446],[-100.74724266141813,20.840670767740743],[-100.74614856611963,20.838576123481868],[-100.74464905397336,20.83681832465193],[-100.74315819978939,20.835556941850996],[-100.74194528146668,20.833381208764123],[-100.74039789579099,20.83224474751742],[-100.73934839728227,20.831018384431662],[-100.73829891606042,20.82979201354761],[-100.73756822190283,20.82831279680312],[-100.73661118340132,20.82733336964851],[-100.73576877089698,20.82618677886091],[-100.73468855220513,20.824878061407855],[-100.73307684550375,20.823411405159867],[-100.73175099300302,20.821485474841413],[-100.73149101834818,20.82004088830472],[-100.73070456535532,20.81872794938616],[-100.72982994702741,20.81911283914414],[-100.72936362485984,20.8193263859233],[-100.72754466308896,20.820224488152242],[-100.7292956016961,20.818789416544142],[-100.73063224989082,20.817942762563483],[-100.7309357809782,20.817659128493656],[-100.73184640611069,20.816808187324476],[-100.73265726382165,20.816134539025374],[-100.73310568923354,20.814886742613304],[-100.73361570394796,20.813803585536416],[-100.73389578333745,20.813013369341547],[-100.73595720821457,20.813314963921393],[-100.7376526205897,20.812835550941603],[-100.73922768595689,20.812192324571946],[-100.74009506721576,20.811393695846665],[-100.74049616051911,20.810808637632583],[-100.74386405412825,20.811919025194083],[-100.74353104020324,20.813041051297006],[-100.7434193165669,20.813373690467916],[-100.74389852522266,20.813904757558813],[-100.74578592586407,20.814332865744653],[-100.74737391010346,20.8144342141241],[-100.74908943860014,20.81511303014608],[-100.75050225702847,20.818651372191972],[-100.75121462302742,20.82244805019689],[-100.75226937373955,20.825660481822457],[-100.75805463371437,20.827232315790255],[-100.76265290894753,20.828117655296047],[-100.7656609185973,20.82877760880124],[-100.76656788426558,20.828992082802486],[-100.76747485213959,20.829206551811286],[-100.77209181315519,20.830298230524882],[-100.7754465155831,20.830621943892144],[-100.78056414549354,20.830961316575525],[-100.78462082396905,20.8311091121735],[-100.78878840345502,20.83088278098224],[-100.79300079291032,20.829869494764164],[-100.79727698831147,20.82914482470606],[-100.79723217981206,20.829931678748938],[-100.79570412459903,20.833222990841822],[-100.7951387053195,20.83447263581626],[-100.79611227133752,20.836361802118464],[-100.79702858791751,20.838334557686995],[-100.79660851366451,20.841154470604],[-100.79611281950068,20.84302377887053],[-100.79352561821355,20.8495581387341],[-100.78993278423873,20.845762464822695],[-100.78734288288109,20.84551064941239],[-100.78867110593588,20.847518814855135],[-100.78916301580368,20.84875299306996],[-100.7891313344124,20.850284473725704],[-100.78897484374387,20.851403989639632],[-100.78833228006107,20.85162027284426],[-100.78737696933486,20.850765270697337],[-100.78632244431111,20.85094618323163],[-100.78668881392456,20.85172703349341],[-100.7879929580054,20.852370049491693],[-100.78901800426202,20.85384471074712],[-100.78911291991966,20.854084531875877],[-100.78957161742875,20.855243499113172],[-100.78899733613603,20.85541879893452],[-100.78575462883337,20.856408595045515],[-100.78401895542345,20.856938357856077],[-100.78381933950645,20.855617144306038],[-100.7820514001858,20.85478200210069],[-100.78193387711048,20.854994135093424],[-100.78106391286825,20.856564429538437],[-100.77831685207256,20.8554320690209],[-100.77817941563352,20.85569930950246],[-100.77697262836163,20.857247890109647],[-100.77495911650342,20.856366826846273],[-100.77431796321865,20.856665797227542],[-100.77325682933667,20.85647431663101],[-100.77332358007915,20.85692851697883],[-100.77303855779915,20.857429205352172],[-100.774240483554,20.858942771011286]]]},"properties":{"seccion":228,"municipio":3,"electores":507}},{"type":"Feature","geometry":{"type":"Polygon","coordinates":[[[-100.80304340803416,20.856080497477247],[-100.80282900535163,20.857242249566745],[-100.80243761608801,20.858365223724217],[-100.80151379598779,20.859289126297313],[-100.80099680666194,20.859958778000426],[-100.79999805292596,20.85997344385042],[-100.79899782957894,20.859905368129212],[-100.79876576619385,20.860074288219792],[-100.79878559570244,20.86119122094202],[-100.79816210021383,20.862483107831288],[-100.79752464571875,20.862989003030272],[-100.79635475218582,20.863295809722867],[-100.79606539645461,20.86354832390127],[-100.79581356669723,20.863757399956114],[-100.79518187895962,20.863764028732046],[-100.7944716704848,20.863808592181847],[-100.79395886406488,20.863851083099835],[-100.79352457806003,20.86385563594695],[-100.79285560921188,20.864048214466838],[-100.79253888414047,20.863977305932245],[-100.79170803183617,20.86383755427957],[-100.79118906782865,20.86336051197089],[-100.79067318411717,20.86314323041866],[-100.78999718322633,20.862742054546015],[-100.78932030733962,20.862266657778434],[-100.78848332009618,20.86160736368638],[-100.79063273376389,20.856142094967648],[-100.7903475939798,20.85591231804148],[-100.79003983613029,20.85566482154608],[-100.78963048273685,20.855418386743988],[-100.78957161742875,20.85524349911308],[-100.78911291991966,20.854084531875877],[-100.78901800426202,20.85384471074712],[-100.7879929580054,20.852370049491693],[-100.78668881392456,20.85172703349341],[-100.78632244431111,20.85094618323163],[-100.78737696933486,20.850765270697337],[-100.78833228006107,20.85162027284426],[-100.78897484374387,20.851403989639632],[-100.7891313344124,20.850284473725704],[-100.78916301580368,20.84875299306996],[-100.78867110593588,20.847518814855135],[-100.78734288288109,20.84551064941239],[-100.78993278423873,20.845762464822695],[-100.79352561821355,20.8495581387341],[-100.79611281950068,20.84302377887053],[-100.79660851366451,20.841154470604],[-100.79702858791751,20.838334557686995],[-100.79611227133752,20.836361802118464],[-100.7951387053195,20.83447263581626],[-100.79570412459903,20.833222990841822],[-100.79626508651893,20.833380289383005],[-100.79654556786453,20.833458937931518],[-100.79682604946716,20.833537585998638],[-100.79723832993781,20.83359361272759],[-100.79765061063358,20.83364963844118],[-100.79835292423806,20.833494517166127],[-100.79905523617826,20.83333939311248],[-100.79978875126069,20.833287255408017],[-100.80052226557991,20.833235114597546],[-100.80119483633246,20.833059729004134],[-100.80186740532467,20.83288434087904],[-100.80350770531517,20.832611978322056],[-100.80441412377405,20.832371076732365],[-100.80532053898195,20.832130170548854],[-100.80556999692145,20.83211615825564],[-100.80581945478478,20.832102145602327],[-100.80631837028285,20.83207411921554],[-100.80731620036487,20.832018062121005],[-100.80854751294619,20.831875805196926],[-100.80935054748406,20.831692474052605],[-100.81035112374816,20.831464038744816],[-100.81152747399102,20.831195465362416],[-100.8137061954425,20.83080544800043],[-100.81495802135147,20.830581342832748],[-100.81620834280452,20.829859452221573],[-100.81783711918278,20.83223534826785],[-100.81830037928474,20.831856096873413],[-100.81865798495488,20.832140461244762],[-100.8190780268431,20.832630794104325],[-100.81955902869734,20.833244359771637],[-100.82021625280069,20.833855317697076],[-100.82075156470415,20.834219805704972],[-100.82128687912014,20.83458429183415],[-100.82193301523965,20.83457473046367],[-100.82246315221367,20.834649640575748],[-100.8231048460427,20.834391870260472],[-100.82374801855988,20.83421683249632],[-100.82439118940397,20.834041792422433],[-100.82532212731567,20.83353145902717],[-100.82590284855924,20.833150447276086],[-100.82637127763434,20.833060746783655],[-100.82689918624051,20.833011541407796],[-100.82749102376447,20.833251034458474],[-100.82779510085741,20.833825820513457],[-100.82734743285518,20.83507380972506],[-100.82741877892633,20.835776182703007],[-100.82719864957741,20.836607013634403],[-100.82703280971349,20.837188769408954],[-100.82686622727766,20.837729157772955],[-100.82663942005216,20.838187682465612],[-100.82641187017236,20.838604839622533],[-100.82625343914782,20.83960026803039],[-100.8259708512124,20.840225132304816],[-100.82516477124405,20.841147403887447],[-100.82470520833131,20.84173351100033],[-100.82372510701607,20.842782490312228],[-100.82274054918778,20.843583260621966],[-100.82190879566068,20.84376853470447],[-100.82182961717582,20.843786171575235],[-100.82174561732553,20.843804882352995],[-100.82153831884236,20.843912834883703],[-100.82157308862914,20.844014327869868],[-100.82167860361896,20.84428109296149],[-100.82175746133478,20.844466760764345],[-100.82213890704051,20.84490472469935],[-100.82223777465951,20.845038947136334],[-100.8223580386806,20.845192335316323],[-100.8224783029516,20.845345723391194],[-100.82202278970104,20.846159345343345],[-100.82144762070354,20.846315861037812],[-100.82137956501974,20.846334380287733],[-100.82091627201953,20.84671364210538],[-100.82021577875422,20.846972277095542],[-100.8195725480354,20.847147305640878],[-100.81851366610219,20.847080207214574],[-100.81739160513354,20.84676576533974],[-100.81656696492294,20.84665381446303],[-100.81574675768708,20.846790064731998],[-100.81587089534709,20.847160637359504],[-100.81611547863291,20.847694944562274],[-100.81600389904376,20.84802762011753],[-100.8154781480311,20.848200898535335],[-100.81494944166491,20.84820870523714],[-100.8143084130704,20.84850781748151],[-100.81378856369462,20.84901203152311],[-100.81338103554572,20.849224937552652],[-100.81297350619333,20.849437842690758],[-100.81274221303781,20.849648147213458],[-100.8126284110047,20.849856718362563],[-100.81251756024969,20.850230759840755],[-100.81237364660223,20.850398396536214],[-100.81222973264101,20.85056603313082],[-100.81188463295146,20.850984907589986],[-100.81159385186554,20.85115470954053],[-100.81095206608018,20.851412442890418],[-100.81048799269092,20.85175031168729],[-100.8103161766491,20.85200111512186],[-100.81055485085655,20.8522044897764],[-100.81085448514426,20.852531100898446],[-100.81127456545389,20.853021449498687],[-100.81128267950496,20.853476493225003],[-100.81122762034995,20.853684197483595],[-100.81111455118176,20.85393413551996],[-100.81064825843157,20.854147902337417],[-100.81035525774297,20.854193599787635],[-100.80988822568501,20.854365997026978],[-100.80947478001775,20.85424795390333],[-100.80924052633658,20.854292783857737],[-100.80876317473157,20.853886030815076],[-100.80846648926213,20.853724886657332],[-100.80793334101851,20.8534844669834],[-100.80758232955357,20.853572392408402],[-100.8073517590283,20.8538240582632],[-100.80706170352508,20.8540352209388],[-100.8069493635129,20.85432652444695],[-100.80713370890577,20.854778974870104],[-100.80719908603557,20.85515041935443],[-100.80702873394517,20.855483955481475],[-100.80668139950767,20.855778717965823],[-100.80633111824595,20.85590800896114],[-100.80598083633478,20.856037299281198],[-100.80563055377418,20.856166588925902],[-100.80510108051965,20.85613299951884],[-100.80445484605642,20.856142504149545],[-100.80380713995454,20.856069270786826],[-100.80339516417517,20.856033948561162],[-100.80304340803416,20.856080497477247]]]},"properties":{"seccion":229,"municipio":3,"electores":1095}},{"type":"Feature","geometry":{"type":"Polygon","coordinates":[[[-100.82779510085741,20.833825820513457],[-100.82862802217562,20.834448394275867],[-100.82937796758694,20.834790958026748],[-100.83088139311458,20.834811513260902],[-100.83158588179913,20.83464596039967],[-100.83229036871393,20.834480404750863],[-100.83305374068495,20.834397471401044],[-100.83393434499246,20.834190519105174],[-100.83458009390316,20.83402497679471],[-100.83504956622343,20.8338181770987],[-100.83534307310991,20.83373541568818],[-100.83616532668619,20.833735093038836],[-100.83657684340669,20.833941547912318],[-100.83728225842162,20.834271854606474],[-100.83763504533023,20.83447833028402],[-100.83810561236857,20.83485005143682],[-100.83933947276364,20.83509748624326],[-100.83998498093102,20.834807953333808],[-100.84033713987085,20.834683835438575],[-100.84086509991097,20.834353025261603],[-100.84133456316941,20.834146208902503],[-100.84192109230459,20.83373272392863],[-100.84244936375389,20.83356720299897],[-100.84280143774102,20.83340175697569],[-100.84368241850623,20.833401372896567],[-100.84409354273068,20.83340119210833],[-100.84444577455771,20.833318389613105],[-100.84497420175767,20.833235507927814],[-100.84562001155383,20.833111248516136],[-100.84591326816954,20.832904499475717],[-100.84648398315335,20.83247174960859],[-100.84658403752934,20.833132302583877],[-100.8473019465523,20.833960428628053],[-100.84874419988957,20.83562406503434],[-100.84822451476668,20.836128372578987],[-100.84790630506393,20.8364020875319],[-100.84758809420167,20.836675801971282],[-100.84755251485738,20.8379590508909],[-100.84781362752858,20.839403375401712],[-100.84737134652565,20.84094097262084],[-100.84710453611929,20.842434567872903],[-100.8467849559502,20.8442599752468],[-100.84681731562708,20.844425003309784],[-100.8468496753893,20.84459003135836],[-100.84491639261324,20.84490856728045],[-100.84560389909508,20.850442941999937],[-100.8444401987061,20.851080998036384],[-100.84415692439968,20.8516645207444],[-100.84369890380175,20.852333408723112],[-100.84317914784786,20.852837705560926],[-100.84229646560684,20.852768126604076],[-100.84141676725346,20.852864010526705],[-100.84083303512872,20.853079609260355],[-100.8407244910788,20.85357776455148],[-100.84015790297296,20.8547447998315],[-100.83957937964061,20.855249963253033],[-100.838768099029,20.855882728729696],[-100.83795532147937,20.85643275693751],[-100.83731505696201,20.85677332127603],[-100.83707265703647,20.856717005437165],[-100.8366071055651,20.856618354769047],[-100.83590436663675,20.856752954158782],[-100.83543661753741,20.856884052533115],[-100.83520237050548,20.856928917759156],[-100.83461042719006,20.85668945978196],[-100.83448549088516,20.856277538088875],[-100.83441707070337,20.85574064093351],[-100.83431073605365,20.856362894815877],[-100.83402741304872,20.856946404054014],[-100.83373441741806,20.856992141412473],[-100.83332318188856,20.856998259019363],[-100.83285691651108,20.857212084680963],[-100.83303911023984,20.857540399894862],[-100.83304729110745,20.85799543750856],[-100.8330591908443,20.858657310352925],[-100.83306960339907,20.859236449044964],[-100.83301977964521,20.859733727461297],[-100.83255424929659,20.85998891994541],[-100.83185446377011,20.860288972355825],[-100.8313257202479,20.86029683271714],[-100.83073971353464,20.860388298738958],[-100.82991425072352,20.860235051468035],[-100.82944425612207,20.860242033198872],[-100.82903301072152,20.860248141156507],[-100.82878984451678,20.859796592333794],[-100.82884116751731,20.85938204842401],[-100.82889546079684,20.859132973106874],[-100.82841878697232,20.858767647316053],[-100.82800754533133,20.85877375251537],[-100.82753755474255,20.858780728678244],[-100.8270631113662,20.858539500362244],[-100.8264733978715,20.85842411541621],[-100.82594243382039,20.858307856999854],[-100.82587626745101,20.857895056065637],[-100.82569557155622,20.857649466590274],[-100.82557362463315,20.857403005657364],[-100.82539441307532,20.85724015026265],[-100.82504266469398,20.857286744118813],[-100.82410194970939,20.85725931092438],[-100.8236297393676,20.85714217415262],[-100.82345053006705,20.856979316539164],[-100.82338288922793,20.856483779436196],[-100.82372351970433,20.855816679695845],[-100.82388642244608,20.855069456704445],[-100.82405006503437,20.85436360090877],[-100.82505025061921,20.85443153204652],[-100.82540532933545,20.854571091320643],[-100.8257604086565,20.854710649807167],[-100.82612253517713,20.855243196282085],[-100.82627237112503,20.855406486774168],[-100.82642220740044,20.855569777108137],[-100.82689441424772,20.855686906394627],[-100.82706175300109,20.855187884839395],[-100.82705359099043,20.854732845452848],[-100.82746111136842,20.85451990731094],[-100.8273369384531,20.854149345935834],[-100.82679931215138,20.853660784025703],[-100.8261992340433,20.852966255237465],[-100.82583785498926,20.852475075666693],[-100.82547499538376,20.851901160590945],[-100.8253471227255,20.851323760765958],[-100.82518785413805,20.8511862062872],[-100.824907035481,20.85053490670428],[-100.82503250970377,20.849622689880533],[-100.82540701743223,20.848990062107514],[-100.82597457947072,20.84852215540423],[-100.82523352734829,20.84761917829111],[-100.82475817695354,20.84724578127307],[-100.82411503879973,20.84710509776051],[-100.82344698168842,20.846633452257876],[-100.8233813114973,20.84655301070645],[-100.82308166489771,20.84622642242322],[-100.82271883224325,20.845652499225576],[-100.8224783029516,20.845345723391194],[-100.8223580386806,20.845192335316323],[-100.82223777465951,20.845038947136334],[-100.82213890704051,20.84490472469935],[-100.82175746133478,20.844466760764345],[-100.82167860361896,20.84428109296149],[-100.82157308862914,20.844014327869868],[-100.82153831884236,20.843912834883703],[-100.82174561732553,20.843804882352995],[-100.82182961717582,20.843786171575235],[-100.82190879566068,20.84376853470447],[-100.82274054918778,20.843583260621966],[-100.82372510701607,20.842782490312228],[-100.82470520833131,20.84173351100033],[-100.82516477124405,20.841147403887447],[-100.8259708512124,20.840225132304816],[-100.82625343914782,20.83960026803039],[-100.82641187017236,20.838604839622533],[-100.82663942005216,20.838187682465612],[-100.82686622727766,20.837729157772955],[-100.82703280971349,20.837188769408954],[-100.82719864957741,20.836607013634403],[-100.82741877892633,20.835776182703007],[-100.82734743285518,20.83507380972506],[-100.82779510085741,20.833825820513457]]]},"properties":{"seccion":230,"municipio":3,"electores":1023}},{"type":"Feature","geometry":{"type":"Polygon","coordinates":[[[-100.88635100096116,20.877510517204477],[-100.88593896382108,20.877475399757067],[-100.88552692678775,20.877440281301602],[-100.88464106547123,20.877205470772626],[-100.8838109279143,20.87680430088962],[-100.88280377543863,20.87636443524647],[-100.881915650804,20.876005512535652],[-100.88115033874969,20.875934363626573],[-100.8797990048292,20.875954847549515],[-100.87886272950342,20.876175920063684],[-100.87822022056669,20.87639253868067],[-100.87775472809888,20.8766478518832],[-100.87740674224825,20.876901384809926],[-100.87682373822456,20.87715847482147],[-100.87635748470292,20.877372418677787],[-100.87594242420384,20.877171813369852],[-100.87558082775661,20.87668075670757],[-100.87522679149501,20.87660335820348],[-100.8744607213953,20.876490813407518],[-100.87310409067989,20.876221683121116],[-100.87175652177064,20.8764489337058],[-100.87119948922263,20.87651941427493],[-100.87064245600199,20.87658989306726],[-100.86958789612751,20.876771324494218],[-100.86905986093555,20.87682067177254],[-100.86753526065472,20.877009183894433],[-100.86706941682901,20.877016209581537],[-100.86594888773939,20.877033103797295],[-100.86482953839334,20.876884462833946],[-100.86388494890763,20.876650427269464],[-100.86264658965085,20.876420809003484],[-100.86146548383249,20.876107564880474],[-100.86087493252141,20.875950939616065],[-100.85952057613845,20.875805798217232],[-100.85786944578257,20.875499594921596],[-100.85674635794311,20.87514406766064],[-100.85592154789674,20.87503232058074],[-100.85562627631997,20.874953998255165],[-100.85503498375918,20.87475598557616],[-100.85455820037434,20.874390741674667],[-100.85390290812668,20.873904041254395],[-100.85342313116206,20.873373327861216],[-100.85306011482318,20.872799484184984],[-100.85252383960629,20.87239374829274],[-100.8518738073165,20.872196604458168],[-100.85121853296997,20.871709892268687],[-100.85081175548889,20.871964254123057],[-100.85046522762015,20.872300468026218],[-100.85014021250483,20.872201892403794],[-100.84981519776694,20.87210331613062],[-100.84916516942367,20.871906161632165],[-100.84910117674804,20.87161747523811],[-100.84844441650914,20.871048018316237],[-100.84790815908609,20.870642266473595],[-100.8474901576942,20.87027612116056],[-100.84707814149175,20.870240907841648],[-100.84643111495025,20.870209208684045],[-100.84584657892957,20.87038346190497],[-100.84537730465605,20.87043185639939],[-100.84501880944833,20.870106192834662],[-100.84483134240836,20.869488326966188],[-100.84505813140383,20.869029780357458],[-100.84499190626819,20.868616991538037],[-100.84476063418197,20.86882733778431],[-100.84442007560295,20.869494473746716],[-100.84413229016297,20.869829797483163],[-100.84361248050551,20.870334099039678],[-100.84313723055564,20.87005155348645],[-100.84283599985604,20.869642273779384],[-100.84276455347707,20.868939916378125],[-100.8428745908639,20.868524493839118],[-100.84280986531445,20.868194437215752],[-100.84273692703513,20.867409346094163],[-100.84255843229596,20.86728787789308],[-100.84226243468026,20.86716816398969],[-100.84201996406102,20.866758004877664],[-100.84166969442126,20.86688736773858],[-100.84113943853082,20.866812526497565],[-100.840902940354,20.866733300052992],[-100.8404239768678,20.86624391147956],[-100.84028708036324,20.865170126818736],[-100.84063063366958,20.86466846547418],[-100.83999258014684,20.865133142208443],[-100.83876477529346,20.865482477096354],[-100.83806348908621,20.86569982192581],[-100.83753100277863,20.86550086832963],[-100.83705130865235,20.864970102220674],[-100.83686462655533,20.864393591295023],[-100.83638419365772,20.863821455873232],[-100.83608373880305,20.863453528655423],[-100.8354806000217,20.862593571350935],[-100.8356441927296,20.861887708458212],[-100.83628671636569,20.86167124954856],[-100.83728546012152,20.861656371224434],[-100.83769447206926,20.861526142398368],[-100.83798151328563,20.861149462384876],[-100.83850056887493,20.860603811478693],[-100.83914606404652,20.86055281008405],[-100.83985627291833,20.860831865068743],[-100.84062448761328,20.861068673561437],[-100.84120824999272,20.8608530734103],[-100.84137927493626,20.860560875404467],[-100.8408453119735,20.860279197296123],[-100.84049356402863,20.860325823082796],[-100.8399640773936,20.86029234325578],[-100.8398383773888,20.859839060066],[-100.8395379233683,20.859471138790802],[-100.83942620931919,20.859446687575556],[-100.83900694892417,20.85935492196255],[-100.83830271004202,20.85940679812273],[-100.83760070546312,20.859582772223092],[-100.83701433465947,20.85965357579061],[-100.83642796314005,20.859724377388034],[-100.83560473394928,20.859695258668363],[-100.83553630726152,20.85915836257416],[-100.83535410608518,20.8588300506264],[-100.83517190574416,20.85850173841376],[-100.83534219623348,20.85816817870103],[-100.83557272302647,20.857916478189466],[-100.83580362129427,20.85768546091135],[-100.83603451885965,20.85745444336804],[-100.8368473093491,20.85690442342143],[-100.83704994743601,20.85673589267326],[-100.83707265703647,20.856717005437165],[-100.83731505696201,20.85677332127603],[-100.83795532147937,20.85643275693751],[-100.838768099029,20.855882728729696],[-100.83957937964061,20.855249963253033],[-100.84015790297296,20.8547447998315],[-100.8407244910788,20.85357776455148],[-100.84083303512872,20.853079609260355],[-100.84141676725346,20.852864010526705],[-100.84229646560684,20.852768126604076],[-100.84317914784786,20.852837705560926],[-100.84369890380175,20.852333408723112],[-100.84415692439968,20.8516645207444],[-100.8444401987061,20.851080998036384],[-100.84560389909508,20.850442941999937],[-100.84491639261324,20.84490856728045],[-100.8468496753893,20.84459003135836],[-100.84762379243291,20.845157748283214],[-100.84956080940492,20.845046015525423],[-100.85072743364965,20.844573396063623],[-100.85129839556083,20.843654533460157],[-100.85191686594627,20.842114289582984],[-100.85212563541735,20.840662936903488],[-100.85283981682281,20.839490697514343],[-100.85285455371331,20.839466508546405],[-100.85320790477023,20.838666103717845],[-100.85396980602988,20.838278533288374],[-100.85509898573223,20.838228373832656],[-100.85622676869421,20.838064424872528],[-100.85772230203912,20.838275804018984],[-100.8586648456177,20.838371842662376],[-100.85915502276835,20.83948168137367],[-100.85983043634155,20.841085268341455],[-100.86009917944051,20.842943229001612],[-100.86209488840754,20.84283047451774],[-100.86380064425585,20.84292894861284],[-100.86515244830952,20.842949979539767],[-100.86573610083146,20.842734303140293],[-100.86602228418506,20.842316216900056],[-100.86659615117148,20.841562775889226],[-100.86687932012104,20.840979223314232],[-100.86756162679939,20.839727614377406],[-100.86837344723133,20.839136093083336],[-100.8680074592328,20.83839681191432],[-100.86840056811492,20.83739782424425],[-100.86885090521034,20.83631521796427],[-100.8692432511529,20.83527486269166],[-100.86986602492505,20.83398276645782],[-100.87072901079446,20.832976688473494],[-100.87142255599078,20.832345561653362],[-100.87246700850388,20.831626381020293],[-100.87327499726398,20.830828009746572],[-100.87402952040692,20.830320085492176],[-100.87525920706263,20.830094622249067],[-100.87654913485649,20.829950994774734],[-100.87843170490162,20.83008803576868],[-100.87996715139826,20.830519952808068],[-100.88032107929314,20.830597349911947],[-100.88010806264087,20.831089167816984],[-100.87987008459022,20.831638613504257],[-100.88011032133109,20.831924619047953],[-100.88052752498544,20.832249322261745],[-100.88094321822648,20.8324912923391],[-100.88141462470527,20.83256690776106],[-100.88195460119084,20.83317938948703],[-100.88237559465257,20.83371091731826],[-100.88256012845518,20.834163272511407],[-100.88279734778727,20.83428380978798],[-100.88327557144511,20.834731712846672],[-100.88304818852431,20.835148933296928],[-100.88257526025129,20.834990591205663],[-100.88216409645585,20.834996821541157],[-100.8819924220507,20.835247687063063],[-100.88223493844806,20.835657786586555],[-100.88247972605602,20.836191983435448],[-100.8824842657528,20.836440179005013],[-100.88225385212847,20.83669193496073],[-100.88142622067483,20.836414832131823],[-100.88108589094522,20.837082025753787],[-100.88104379003735,20.837992966505883],[-100.88076219476983,20.838659270055043],[-100.88077883180246,20.83956932112311],[-100.88096715118967,20.84022850730279],[-100.88110051429311,20.84109541259818],[-100.8815931307185,20.842329271340596],[-100.88130623614447,20.84270601442607],[-100.88079042749384,20.843417243751517],[-100.8802662956279,20.843673446423576],[-100.88045537577352,20.844373998588974],[-100.88141112555648,20.845228445504418],[-100.88283530792495,20.84599303079954],[-100.88476091283401,20.845260413274367],[-100.88571517534777,20.846032102180715],[-100.88613167347901,20.846315421554824],[-100.88719054442677,20.846382099725012],[-100.88794508863792,20.84587411265196],[-100.88810083664876,20.844754560705706],[-100.88806084877224,20.844175886400716],[-100.88802086139248,20.843597212026058],[-100.88787532340807,20.842068463374],[-100.88784878538414,20.840620661520347],[-100.88859950809784,20.839905844812268],[-100.89007254431056,20.840131724635043],[-100.8905165049151,20.84031117344753],[-100.89096046649175,20.8404906210242],[-100.89150810230643,20.841516723737175],[-100.8921663916214,20.84216874591358],[-100.89330220696736,20.843227269741746],[-100.89490492405606,20.844113166074532],[-100.8960377304965,20.845006206745097],[-100.89787468550229,20.845847126536476],[-100.89982838118078,20.84664486680601],[-100.90084679817606,20.847705126110323],[-100.90232983140875,20.848468642833055],[-100.90345813598985,20.849113436049205],[-100.9047603883743,20.849631430754652],[-100.90552976622561,20.849929992579657],[-100.90629914686528,20.850228550700646],[-100.90806601200144,20.850449771815843],[-100.90930648865364,20.850803168337123],[-100.91072014020487,20.850988394203874],[-100.91260756369014,20.851373227056516],[-100.91402351930714,20.851682520056478],[-100.91531969544252,20.851869509573927],[-100.91480632595213,20.852704925884545],[-100.91428988785984,20.853374880884267],[-100.91360027596312,20.854212998870356],[-100.91290836018372,20.854927019407626],[-100.91252240721745,20.856298373935452],[-100.9118953444644,20.857342410878726],[-100.91162380865997,20.858546502112105],[-100.91151779504659,20.859168779793478],[-100.91060004252445,20.860382777185663],[-100.90950450511912,20.861516740916333],[-100.90858060683624,20.862399808464954],[-100.90783446967409,20.86336290330279],[-100.9077246170669,20.86377835402122],[-100.9076147639491,20.864193804696654],[-100.9072165182376,20.86490330891773],[-100.90700139253588,20.8659824007627],[-100.9069083479905,20.867307884586193],[-100.90620717558987,20.867525502056658],[-100.90604085865732,20.868065946787024],[-100.90591077269855,20.868181724048657],[-100.90578068653944,20.868297501225186],[-100.9055205136202,20.868529055322952],[-100.90482696980678,20.86916031965197],[-100.90378702489207,20.870127894233995],[-100.90279971229401,20.87076364336899],[-100.90190452171528,20.871916001096977],[-100.90182383488374,20.872019866325616],[-100.90085251787079,20.873524276454027],[-100.89981861740308,20.874822753044874],[-100.89900675327404,20.87541442648582],[-100.89796215642775,20.876133779136996],[-100.89755545596566,20.876388247033393],[-100.89649561295204,20.876280284330058],[-100.89496574517547,20.87617948027908],[-100.89379220190598,20.876280118881372],[-100.89314667607799,20.876331330182513],[-100.89197617079519,20.87659741843039],[-100.89092012767527,20.876696248514442],[-100.89004034353958,20.87679239052521],[-100.88898125855393,20.876725746594115],[-100.88775122744859,20.876951334648318],[-100.88728651079418,20.877248038302252],[-100.88676152027737,20.877462902411814],[-100.88635100096116,20.877510517204477]]]},"properties":{"seccion":231,"municipio":3,"electores":767}},{"type":"Feature","geometry":{"type":"Polygon","coordinates":[[[-100.66803137820199,20.83255072711241],[-100.66713815401326,20.832268757879447],[-100.66704788536678,20.832155388162832],[-100.66686734848815,20.831928648555134],[-100.66644895090087,20.83155947441441],[-100.66567618380365,20.83111220144605],[-100.66466295995532,20.8303765047503],[-100.66377108989678,20.829847576300914],[-100.6627630856676,20.829403833166662],[-100.66169924536021,20.829127806944413],[-100.66093393032969,20.829097605551144],[-100.66005098880214,20.82906917036217],[-100.65974454685939,20.828992645940755],[-100.65910552311806,20.828833067424654],[-100.65832462843518,20.827926953688753],[-100.65753780976085,20.82668715904216],[-100.65640109793706,20.825619499284073],[-100.6554467655772,20.824882858657332],[-100.65432193360424,20.82448253756284],[-100.6526633613792,20.823839890521114],[-100.65159513481615,20.82331353914871],[-100.65111576641354,20.8228200755972],[-100.65063344249074,20.822159771430982],[-100.64826591900551,20.818023148150026],[-100.64783504521978,20.816944854969886],[-100.6477562906466,20.815819569208372],[-100.64738719029208,20.81490723322307],[-100.64725701872187,20.81419992550545],[-100.64712832556445,20.813576037316665],[-100.64671002654084,20.813206807576208],[-100.64960531456944,20.810618491722455],[-100.65036979823573,20.810607040377075],[-100.65209700257384,20.80849511176281],[-100.65043122597744,20.80743533130786],[-100.65121900604993,20.805420924563748],[-100.65220462680024,20.804613455553152],[-100.65278009058538,20.803895573175353],[-100.6535275195557,20.80292478484632],[-100.65415955362768,20.802080887330533],[-100.654497567568,20.801241399004997],[-100.65489215957301,20.800275898591863],[-100.65540879306242,20.79955889125955],[-100.65545352747638,20.798765523280593],[-100.65538288005065,20.798099049392547],[-100.65525269201034,20.797391747951377],[-100.65506148388161,20.79656019917587],[-100.66039935157796,20.79616348843082],[-100.66197808645522,20.79568669581094],[-100.66355681040984,20.79520988930224],[-100.66589875176987,20.79468138903845],[-100.66736644063322,20.794578809925177],[-100.66848950765474,20.794936463402752],[-100.66942468059699,20.794633941041962],[-100.67017992713127,20.794126744423522],[-100.67064206899762,20.793664912891767],[-100.67145244315488,20.79294987507192],[-100.6723477049157,20.79372476010186],[-100.67317694930142,20.794086344241006],[-100.67359048353707,20.794205021480654],[-100.6740700472017,20.79473699271675],[-100.67467077804737,20.795474419879955],[-100.67562629038386,20.796331309715878],[-100.67658690338666,20.797478054519484],[-100.67749094670096,20.798749813191215],[-100.67815266052312,20.799610657366713],[-100.67868956947403,20.800059001223595],[-100.67904581214209,20.800261275857498],[-100.67876143712063,20.80080356246466],[-100.67911840961504,20.801047245460296],[-100.67895666444943,20.801877803146493],[-100.67857076209765,20.803332669701135],[-100.67864408768843,20.80416004795237],[-100.67834096616238,20.80698060461241],[-100.67916156052435,20.80684524985196],[-100.68009386603512,20.806377031719116],[-100.68085131428283,20.80599401298701],[-100.6814317219997,20.805571970073302],[-100.68189700106808,20.805319139253903],[-100.6819219457327,20.80531838281141],[-100.6820150416821,20.80531555966146],[-100.68266296023326,20.805389619609056],[-100.68354960210432,20.80566753378349],[-100.68420189904121,20.80599003885407],[-100.68485930597156,20.80660240070826],[-100.68521050444794,20.806858197625992],[-100.68556170408759,20.807113993735687],[-100.68575252719383,20.807252978970872],[-100.68664575594093,20.807903552006895],[-100.6869708165538,20.80800268573325],[-100.6872958775492,20.808101818812915],[-100.68811719714475,20.808007829743755],[-100.68916994099006,20.807703600962146],[-100.69010733399314,20.807525188784272],[-100.69128126580327,20.807426391590578],[-100.69221938538772,20.80728937647113],[-100.69287097362482,20.807570438442824],[-100.693406488568,20.807935914311233],[-100.69364888842112,20.808346797138455],[-100.69382959102154,20.808592846544915],[-100.694010294225,20.808838895713684],[-100.69455021041091,20.809452817022898],[-100.69496965997418,20.80990270446452],[-100.6957395380117,20.81022356139459],[-100.6975438309485,20.811588001839773],[-100.69802928776228,20.81338154432396],[-100.69846122887532,20.814535360040498],[-100.69870292020866,20.814904825611016],[-100.69901512481457,20.815936018661986],[-100.699032734798,20.816929813533672],[-100.69874987462558,20.817554945773455],[-100.69835093227422,20.818264497818937],[-100.69794685174163,20.818684192208433],[-100.69736571360396,20.819064882582033],[-100.69690872006873,20.819816641646927],[-100.69621955612973,20.82073723761275],[-100.695651598976,20.821863269988672],[-100.69513654662244,20.822657234549027],[-100.6946722047173,20.8229949070071],[-100.69443856762923,20.823080926427902],[-100.69415274796026,20.823540419962278],[-100.69421811742833,20.823912293067906],[-100.69440763379062,20.824655238349436],[-100.69399107184736,20.824370985753358],[-100.6935825685797,20.824542222297545],[-100.6931806556912,20.825086131841804],[-100.69213732111332,20.825928699437032],[-100.69138566487649,20.82664303804382],[-100.69039889184232,20.8273605717428],[-100.6895906369258,20.828199927694648],[-100.68865969812764,20.828751020130035],[-100.68766997404383,20.82930290651117],[-100.68650171486037,20.82973295723956],[-100.68527613054192,20.830246614945402],[-100.68451273721823,20.830298392642543],[-100.68387128056682,20.83059702282734],[-100.68311226317772,20.830897244903348],[-100.68252593195598,20.830988031206758],[-100.68170740090079,20.83124763576234],[-100.68094254171352,20.831216581048505],[-100.68041790290053,20.83147219786597],[-100.6800681426571,20.831642608247606],[-100.6795383989561,20.83160836313225],[-100.6789447753503,20.831285052458774],[-100.67806235692515,20.831255576067743],[-100.6764825939267,20.831691128093972],[-100.6754913461584,20.832160131088905],[-100.67490427595204,20.83220948333457],[-100.67419309915404,20.831887744173414],[-100.67307701148586,20.8319442354316],[-100.67195946890813,20.83191790214417],[-100.67119751118447,20.832052438713543],[-100.67014019960867,20.832108117985786],[-100.66914311871889,20.832245815957325],[-100.66850016770523,20.83246157364504],[-100.66803137820199,20.83255072711241]]]},"properties":{"seccion":238,"municipio":3,"electores":890}},{"type":"Feature","geometry":{"type":"Polygon","coordinates":[[[-100.91572620764858,20.892826183602082],[-100.91448076429414,20.89222467413328],[-100.91364740697448,20.891658202887633],[-100.91227526785575,20.890562102000633],[-100.91096037436152,20.889382357073018],[-100.91063376023422,20.889201172600526],[-100.9103071468559,20.889019987439426],[-100.91039250091956,20.88728085657023],[-100.90982847319661,20.885386177421562],[-100.90933010497099,20.88386287929355],[-100.90894313689444,20.88200685735325],[-100.90852037628312,20.881392685164773],[-100.90842765411344,20.881145845463266],[-100.90833493227784,20.880899005681357],[-100.9087753721188,20.877985284141626],[-100.9097647526189,20.875980170741368],[-100.90998986033946,20.875523951998776],[-100.90990003107486,20.874449979335424],[-100.90985646177151,20.873929068910474],[-100.90733475987224,20.87150943529091],[-100.90605815441421,20.868870979647372],[-100.90578068653944,20.868297501225186],[-100.90591077269855,20.868181724048657],[-100.90604085865732,20.868065946787024],[-100.90620717558987,20.867525502056658],[-100.9069083479905,20.867307884586193],[-100.90700139253588,20.8659824007627],[-100.9072165182376,20.86490330891773],[-100.9076147639491,20.864193804696654],[-100.9077246170669,20.86377835402122],[-100.90783446967409,20.86336290330279],[-100.90858060683624,20.862399808464954],[-100.90950450511912,20.861516740916333],[-100.91060004252445,20.860382777185663],[-100.91151779504659,20.859168779793478],[-100.91162380865997,20.858546502112105],[-100.9118953444644,20.857342410878726],[-100.91252240721745,20.856298373935452],[-100.91290836018372,20.854927019407626],[-100.91360027596312,20.854212998870356],[-100.91428988785984,20.853374880884267],[-100.91480632595213,20.852704925884545],[-100.91531969544252,20.851869509573927],[-100.91402351930714,20.851682520056478],[-100.91260756369014,20.851373227056516],[-100.91072014020487,20.850988394203874],[-100.90930648865364,20.850803168337123],[-100.90806601200144,20.850449771815843],[-100.90629914686528,20.850228550700646],[-100.90552976622561,20.849929992579657],[-100.9047603883743,20.849631430754652],[-100.90345813598985,20.849113436049205],[-100.90232983140875,20.848468642833055],[-100.90084679817606,20.847705126110323],[-100.89982838118078,20.84664486680601],[-100.89787468550229,20.845847126536476],[-100.8960377304965,20.845006206745097],[-100.89490492405606,20.844113166074532],[-100.89330220696736,20.843227269741746],[-100.8921663916214,20.84216874591358],[-100.89150810230643,20.841516723737175],[-100.89096046649175,20.8404906210242],[-100.8905165049151,20.84031117344753],[-100.89007254431056,20.840131724635043],[-100.88859950809784,20.839905844812268],[-100.88784878538414,20.840620661520347],[-100.88787532340807,20.842068463374],[-100.88802086139248,20.843597212026058],[-100.88806084877224,20.844175886400716],[-100.88810083664876,20.844754560705706],[-100.88794508863792,20.84587411265196],[-100.88719054442677,20.846382099725012],[-100.88613167347901,20.846315421554824],[-100.88571517534777,20.846032102180715],[-100.88476091283401,20.845260413274367],[-100.88283530792495,20.84599303079954],[-100.88141112555648,20.845228445504418],[-100.88045537577352,20.844373998588974],[-100.8802662956279,20.843673446423576],[-100.88079042749384,20.843417243751517],[-100.88130623614447,20.84270601442607],[-100.8815931307185,20.842329271340596],[-100.88110051429311,20.84109541259818],[-100.88096715118967,20.84022850730279],[-100.88077883180246,20.83956932112311],[-100.88076219476983,20.838659270055043],[-100.88104379003735,20.837992966505883],[-100.88108589094522,20.837082025753787],[-100.88142622067483,20.836414832131823],[-100.88225385212847,20.83669193496073],[-100.8824842657528,20.836440179005013],[-100.88247972605602,20.836191983435448],[-100.88223493844806,20.835657786586555],[-100.8819924220507,20.835247687063063],[-100.88216409645585,20.834996821541157],[-100.88257526025129,20.834990591205663],[-100.88304818852431,20.835148933296928],[-100.88327557144511,20.834731712846672],[-100.88279734778727,20.83428380978798],[-100.88256012845518,20.834163272511407],[-100.88237559465257,20.83371091731826],[-100.88195460119084,20.83317938948703],[-100.88141462470527,20.83256690776106],[-100.88094321822648,20.8324912923391],[-100.88052752498544,20.832249322261745],[-100.88011032133109,20.831924619047953],[-100.87987008459022,20.831638613504257],[-100.88010806264087,20.831089167816984],[-100.88032107929314,20.830597349911947],[-100.88067500749044,20.830674746255973],[-100.88087177106301,20.830430853537727],[-100.88124951420967,20.829962630039855],[-100.88233523850906,20.828291086924587],[-100.88296014223997,20.827123050647177],[-100.8838169467134,20.825785987939067],[-100.8846737367007,20.824448921902547],[-100.88558924516992,20.823110961748725],[-100.88534901416624,20.822824963335616],[-100.88479165829278,20.82126107318027],[-100.88473964465223,20.820951709612686],[-100.88452797359675,20.819692728634994],[-100.88426959184198,20.818413944802064],[-100.88384410056412,20.81763422207603],[-100.88417832916404,20.81663609794884],[-100.88457128397832,20.8156370831758],[-100.88504715650355,20.81517502982427],[-100.885301139194,20.814928421092677],[-100.88543709888397,20.814796408302275],[-100.88618393143976,20.813874779326643],[-100.88626994337078,20.81372231817466],[-100.88652533007942,20.813269628474767],[-100.88686672614163,20.81266447711094],[-100.88759990866173,20.810998256560154],[-100.8881629529463,20.809665635044563],[-100.88884571509577,20.80845532704455],[-100.88964137389239,20.806995038251745],[-100.89031577692792,20.805329701130873],[-100.89110306880113,20.803414382768686],[-100.89119474593063,20.8020061588176],[-100.89152510896318,20.80080119561211],[-100.89211727849666,20.801061150981347],[-100.8927094499224,20.80132110414131],[-100.89424690384804,20.801877011197313],[-100.89578360875736,20.802391537803068],[-100.89779240027158,20.803022992539496],[-100.89974172139074,20.803613951825724],[-100.90115492241634,20.803799292535707],[-100.9023332260685,20.803988205340058],[-100.90420937718613,20.803794062067176],[-100.90532667216475,20.803859754057065],[-100.90579723257854,20.80389394303487],[-100.90614805707068,20.80380582881939],[-100.90702892812996,20.803792367602153],[-100.90762977937784,20.80379432012695],[-100.90926122865793,20.80379961105278],[-100.9103884459042,20.804403019846877],[-100.91117324761292,20.80554956452342],[-100.91142647592174,20.806538736420602],[-100.91132429742352,20.80736784147941],[-100.9131486213894,20.807546784890455],[-100.91543893163494,20.807511678537026],[-100.91684529082602,20.807324598671716],[-100.91807546871,20.807140211957893],[-100.91930411121369,20.806873086373166],[-100.92041836244688,20.806773217238753],[-100.9210574450391,20.806391005605903],[-100.92192299299799,20.80555016526055],[-100.92243925072601,20.804880199022485],[-100.9231811997862,20.803710238673645],[-100.92474060571996,20.808610090137325],[-100.9253658775597,20.81055352182844],[-100.9258003603362,20.81190391927079],[-100.92518276168924,20.813444367958553],[-100.92473212663425,20.81448572386676],[-100.9248871945572,20.816510798436486],[-100.92500889228224,20.816803719212043],[-100.92519465827624,20.817250846699547],[-100.92571887775533,20.816779054053445],[-100.92617692802146,20.816366809542654],[-100.92797370103712,20.81505644961303],[-100.92911290668359,20.8131355612482],[-100.92821047784822,20.81199092349518],[-100.93081089718082,20.80967511046014],[-100.93308866947972,20.81212255810718],[-100.9355891001318,20.813904503684903],[-100.93632322083405,20.81585887319427],[-100.93651625831926,20.81637276576436],[-100.93967602032814,20.81570323408428],[-100.94096109122862,20.81531094828645],[-100.94290297465689,20.815487745414963],[-100.94364634783265,20.81440043508829],[-100.9451732619349,20.81437675745286],[-100.94631692567312,20.815848564200934],[-100.94763370232494,20.81715216839546],[-100.94911507424862,20.817832558733727],[-100.95087538244093,20.817722449346327],[-100.95259401281596,20.81852324840978],[-100.95292167294298,20.818766408498234],[-100.95324933410114,20.819009567870072],[-100.94983930165253,20.82407014625827],[-100.9492482687113,20.82494721639181],[-100.95056670454436,20.826333516955934],[-100.95181712896073,20.82722434860798],[-100.95207376774245,20.828378891107633],[-100.95227322909392,20.829617074944306],[-100.95187450345928,20.830285298122448],[-100.95135055467233,20.83054170591295],[-100.95025011749158,20.831386343975517],[-100.95108401908078,20.83199402006873],[-100.95091866947834,20.832575859135787],[-100.95075331879002,20.83315769810646],[-100.95041641334383,20.833990462213194],[-100.95026346088912,20.83523412798197],[-100.95039178339857,20.83581139992453],[-100.95110436320083,20.8362140795676],[-100.95168241383395,20.83570857237485],[-100.95236552057152,20.83453940924447],[-100.95323490690582,20.83390523492171],[-100.95397983255417,20.832900608879097],[-100.95454621851802,20.831774632123924],[-100.95607329722881,20.831750843629916],[-100.95744515108287,20.832846617147226],[-100.9575310809815,20.83429344179029],[-100.95709305821848,20.835996691967253],[-100.95740693904105,20.837067577269952],[-100.95863572521662,20.836800156763086],[-100.95877263328885,20.837832423227166],[-100.95890954385206,20.83886468931638],[-100.9606016236766,20.841362220177462],[-100.96324214079674,20.844300045192373],[-100.96327641395733,20.846120052474056],[-100.96226116104647,20.848370221453184],[-100.9624654188879,20.84985656479472],[-100.96463803805948,20.849781223132727],[-100.96577126087867,20.850673765987427],[-100.9659763378916,20.852201465466596],[-100.96655337440782,20.854757739457224],[-100.96658614071377,20.856495013307747],[-100.96673249551156,20.858023629223492],[-100.96697839450394,20.858599041351752],[-100.96751021037896,20.858756217127542],[-100.96802641450464,20.85808611895311],[-100.96854495641388,20.857540110341404],[-100.9695662424465,20.858724006406256],[-100.96898817594864,20.8592295749791],[-100.96926610795524,20.861500889217314],[-100.96845226955531,20.861968775638065],[-100.96810838775052,20.8624292970253],[-100.9677660653027,20.862972545055182],[-100.96765872316261,20.86351211211706],[-100.96772839874727,20.86409028224589],[-100.96842944459425,20.863872420611287],[-100.96856372659802,20.864759896421997],[-100.9686980106399,20.865647371915006],[-100.96982747563716,20.866333057314776],[-100.97033971716307,20.867007726133682],[-100.97085196339873,20.867682393003317],[-100.97124202870663,20.86811072016479],[-100.97151381943661,20.868499526071258],[-100.97157295783957,20.868519286166354],[-100.97163209625641,20.86853904623972],[-100.97059261938445,20.86950699333257],[-100.97002702314386,20.87067438377495],[-100.96957657208976,20.87171584028605],[-100.96900861696545,20.87275913782591],[-100.9683701871905,20.873182901807226],[-100.96750222200815,20.873899890301193],[-100.96651206428088,20.87437053380494],[-100.96598799822183,20.87462699533529],[-100.96550785237838,20.874096627285073],[-100.964731621072,20.87344676426072],[-100.96425226348288,20.87295775560212],[-100.96371182013061,20.872345573445386],[-100.96340481775609,20.871646986235973],[-100.96292624998416,20.871199336647084],[-100.96277183202889,20.872360275979414],[-100.96319633239183,20.873057026599575],[-100.96367880675295,20.87371149306035],[-100.96398191540904,20.874203260992818],[-100.9641157962071,20.875070058819656],[-100.96506438391484,20.87551034722922],[-100.96554765517926,20.876206170562945],[-100.96456371772318,20.87700771319441],[-100.96369805244082,20.877848776122985],[-100.96288645031134,20.878440734503958],[-100.96250509157788,20.876915792553806],[-100.96173898924172,20.876803644143205],[-100.96107558375289,20.87590374524807],[-100.9605970076765,20.875456089869214],[-100.95983013460226,20.87530256844561],[-100.95907338573511,20.87568677236236],[-100.95884928389557,20.876269535234254],[-100.95851546398862,20.877267770481037],[-100.95795363946408,20.878641948553582],[-100.95744666622308,20.879808389322875],[-100.9571089395176,20.880599803856875],[-100.95624476669242,20.88152356121837],[-100.95572610238034,20.882069541130036],[-100.95485569080708,20.882662381995782],[-100.95410433499802,20.883336114464285],[-100.95387398455654,20.883587961886956],[-100.95335374983291,20.884051207976956],[-100.95342494252318,20.884712113945184],[-100.9531976984367,20.88512941614166],[-100.95328366240017,20.886576235458808],[-100.95330854108214,20.887899878809346],[-100.95374004861897,20.888968926265072],[-100.95364275455587,20.890046218236535],[-100.95277384546554,20.89072177994454],[-100.95223726164159,20.89031638336575],[-100.95198902291838,20.889616860049706],[-100.95079525077732,20.888642433650496],[-100.95049292650688,20.8881920059275],[-100.94944075525316,20.888498020612424],[-100.94875431294736,20.889501730293816],[-100.94805777236394,20.889967706128395],[-100.94780800116718,20.889185447164888],[-100.94755512921083,20.888237731567834],[-100.9469536056201,20.88750231834259],[-100.94599412699591,20.886482835082603],[-100.9449797821095,20.8856710787506],[-100.94372810436032,20.88473887364798],[-100.94194997418745,20.883938958919494],[-100.94011542849636,20.883264028100637],[-100.93978355861242,20.88308606300451],[-100.93940302757888,20.882882002021624],[-100.93869063009063,20.882499972673703],[-100.93662805296441,20.88220092347371],[-100.9341673289232,20.88261140814216],[-100.9326466610929,20.883007321301115],[-100.93096283108139,20.884109141806835],[-100.92956504421161,20.88479276421785],[-100.92752016137322,20.885444990302556],[-100.92570181433284,20.8856385572726],[-100.92475325576957,20.885198046823557],[-100.92311117292341,20.885388867904425],[-100.9216430460928,20.88545286446831],[-100.92065802860813,20.886212811740883],[-100.9203170174807,20.8868387103508],[-100.92022178837341,20.888040096195482],[-100.91995028637866,20.8892441957082],[-100.9195566552049,20.89020191563577],[-100.91833733273144,20.8910068348205],[-100.91770942106305,20.892009532386368],[-100.91572620764858,20.892826183602082]]]},"properties":{"seccion":232,"municipio":3,"electores":252}},{"type":"Feature","geometry":{"type":"Polygon","coordinates":[[[-101.02812475672208,20.89010083037158],[-101.02822319172219,20.88978945900726],[-101.02832162637024,20.88947808760877],[-101.0284861891114,20.888957535301248],[-101.02851849461013,20.888855344709544],[-101.02938765141303,20.887767723445574],[-101.03031405321514,20.886554928137173],[-101.03129823780117,20.885258533408745],[-101.03222731724955,20.88425360634785],[-101.03303700155425,20.883124840162086],[-101.03367599922281,20.882454735612743],[-101.03395955378608,20.881621002435097],[-101.0338976951734,20.88139278418773],[-101.03383583677781,20.88116456589681],[-101.03336372862994,20.881084979516746],[-101.03288945450699,20.88083909066044],[-101.03052405575605,20.8800669534672],[-101.02963331976868,20.879491562361657],[-101.02921198776265,20.87878788900786],[-101.0287944425723,20.878375242047134],[-101.02813923080205,20.877798066495135],[-101.02774923945755,20.877239680700363],[-101.02772075091865,20.877198890875274],[-101.0273592511075,20.876681293744937],[-101.02569182532594,20.875238553969567],[-101.02521704167619,20.874951065623883],[-101.0248032923576,20.87482943561241],[-101.02186003175368,20.874893100319056],[-101.02174174130134,20.87485240723471],[-101.02161591468742,20.87422965561545],[-101.02131346264169,20.87360822701231],[-101.02107204104281,20.873152659191835],[-101.02071018055139,20.872490094374193],[-101.02028891066689,20.8717863934817],[-101.01986872035835,20.87116584250564],[-101.01938965920185,20.870545730471477],[-101.01926545992592,20.870047702798914],[-101.01334265666948,20.867347618939217],[-101.01368464317443,20.86647189723026],[-101.01285399239222,20.86597911957732],[-101.0122005004285,20.865526600438393],[-101.01178303791367,20.86511390453463],[-101.01148332257436,20.864700332682993],[-101.01118307379812,20.86424518423363],[-101.01088764230315,20.864164218448483],[-101.01053547866165,20.864249992920733],[-101.01024379153772,20.86446005759583],[-101.00930236765205,20.86450862214435],[-101.00882550869859,20.864054778723926],[-101.00846746558777,20.86368321312429],[-101.00828123155587,20.862936153997488],[-101.00821541414409,20.862396102168667],[-101.00832728027072,20.861937893725766],[-101.00814265249579,20.861315562108743],[-101.00799200230313,20.86104640825453],[-101.00784135267915,20.860777254216153],[-101.00771559951629,20.8601544857853],[-101.0075903816278,20.85957329316983],[-101.00699687115224,20.859203466514398],[-101.00605280930088,20.85904413026214],[-101.00546410494385,20.859048482602596],[-101.0049926080186,20.859010386914708],[-101.00463618621302,20.85876353969029],[-101.00454334892683,20.858410794935118],[-101.00445051214508,20.858058050080682],[-101.00467906142978,20.857515821386215],[-101.00461272779,20.856934190491053],[-101.00401870167128,20.85652277582279],[-101.00377896063087,20.85619190471019],[-101.00371103298544,20.855485544596018],[-101.0040562539576,20.8548592955448],[-101.00416786300507,20.854380300800052],[-101.00427947147766,20.85390130601452],[-101.00450535157186,20.853151197044234],[-101.00484789940302,20.85231706623492],[-101.00542538065679,20.851439619479397],[-101.00605798933253,20.850270703349594],[-101.0067553237118,20.849558687432374],[-101.00744571405085,20.848306179964474],[-101.00813983028124,20.84734470303039],[-101.0084266849157,20.84676045932887],[-101.00865360433934,20.846093498978192],[-101.0091239925795,20.846048435704663],[-101.00958850462872,20.845546034607978],[-101.00999414879,20.845044068732086],[-101.01004232852411,20.844212111590437],[-101.01688330484569,20.842987711573134],[-101.0226695709631,20.840789436007054],[-101.02550617238612,20.83720966864698],[-101.02377529533365,20.833108296850945],[-101.02251970496721,20.829573088054577],[-101.01690020227575,20.82362067528567],[-101.01748340803464,20.823200535278144],[-101.01794246925039,20.82228235873011],[-101.0185187000712,20.821321728560186],[-101.019095996041,20.820444248809512],[-101.01984770452478,20.819399147524443],[-101.02019680934991,20.819084694927707],[-101.02054591271953,20.81877024172726],[-101.02074922040511,20.818560825479423],[-101.02095252753277,20.818351409031635],[-101.02118204184632,20.817892317436208],[-101.02158972590519,20.817556635288305],[-101.02352491539737,20.817001639579754],[-101.02469822203389,20.81670180476663],[-101.0259271497271,20.816152066834487],[-101.02715068682934,20.815186563308075],[-101.02837205448408,20.814054749333355],[-101.02906643149828,20.813134783391774],[-101.02999405073909,20.812046744331845],[-101.0308681960297,20.811374900287664],[-101.0320355084758,20.81061768769296],[-101.0327481720584,20.81015538954835],[-101.0332028088623,20.809860468044462],[-101.03442840729791,20.8090612222638],[-101.03447375948039,20.808021388952778],[-101.0347480292572,20.806480874428253],[-101.03508708304122,20.8053972476089],[-101.03549146163913,20.804812083718108],[-101.03572037324803,20.804311401701867],[-101.03570903083363,20.803438314461605],[-101.03563830152375,20.80252409524975],[-101.03538617276271,20.801237026275643],[-101.03536048087142,20.801048383352605],[-101.03525606118724,20.800281674364403],[-101.03518533004203,20.799976762953115],[-101.03511459923605,20.799671851478966],[-101.03563964409561,20.80091122221477],[-101.03591741537495,20.80135776005307],[-101.0359770725086,20.801419679663983],[-101.03603672969147,20.801481599249588],[-101.03621975298194,20.801979174703813],[-101.03637065266182,20.802269093949654],[-101.0365215529585,20.80255901300573],[-101.03676720970151,20.8033471724616],[-101.03712948433358,20.80405129170301],[-101.03725420739886,20.80459088516914],[-101.03755817994104,20.805337022841083],[-101.03792046371498,20.80604113955996],[-101.0384598389473,20.80678549635063],[-101.0386968579105,20.806908443432686],[-101.03958825334553,20.807566975233268],[-101.04065566316542,20.80818258954146],[-101.0415411138107,20.808383780233005],[-101.04260148859821,20.80845890123129],[-101.04342646589939,20.808535802014926],[-101.04386810822511,20.80855323985808],[-101.04430975054596,20.808570676554375],[-101.04496089409855,20.808856786974225],[-101.0455553621591,20.80930964324368],[-101.0460332202042,20.809846542752485],[-101.04680207208617,20.81013175034049],[-101.04756983947901,20.810333803740022],[-101.04833760862223,20.810535853524467],[-101.05021972177043,20.81043834664392],[-101.05187024417356,20.81063364346875],[-101.05317366541766,20.811288950363906],[-101.05436048735814,20.812028297378728],[-101.05608243632572,20.81317932664263],[-101.05662137800743,20.81388204115453],[-101.05698322451767,20.814544532864044],[-101.05752162914108,20.8152056687213],[-101.05817172940498,20.815408574377773],[-101.05899783942117,20.815568546159177],[-101.05999995879138,20.81568558153324],[-101.06100317396518,20.81588576064943],[-101.06218404199947,20.81616772367262],[-101.06239276220715,20.816374011307097],[-101.06260148298608,20.81658029863504],[-101.0630172823029,20.81686814794133],[-101.06355243182433,20.81727981301014],[-101.0641453398824,20.817607872623654],[-101.06479929678609,20.81810177479152],[-101.0652767000209,20.81859703735449],[-101.06598841984724,20.81900733039291],[-101.0662892709936,20.819503953434754],[-101.06683487191947,20.820705525818383],[-101.06731064243172,20.821076057289233],[-101.0678447194287,20.821404557206773],[-101.06849760536852,20.821815293373724],[-101.06915269402849,20.822392325228805],[-101.06969172932234,20.82309499008539],[-101.0700536562471,20.823757446884642],[-101.07018346878073,20.824671175352755],[-101.07060370691751,20.825291599497778],[-101.07114386108542,20.826077407238362],[-101.07174452871693,20.82698747946047],[-101.0725844843748,20.828186741752322],[-101.07265876787365,20.82935037052572],[-101.07244317623223,20.83084888146092],[-101.07200482199593,20.833305434439986],[-101.0719635940637,20.834636275395013],[-101.07214347600524,20.83488435056835],[-101.07250875314129,20.835796244887337],[-101.07263418790588,20.836377372480428],[-101.07210500545153,20.836423063650543],[-101.07117317087227,20.837178719199056],[-101.07059118247808,20.837682182588722],[-101.07006474697017,20.83793574049049],[-101.06965878194856,20.83839625654356],[-101.0694277443692,20.838730678858347],[-101.06896401542306,20.839274799135435],[-101.06849808254577,20.839652620179212],[-101.0677372930502,20.839991145499486],[-101.06616618447215,20.841375410622977],[-101.06529424946847,20.842213732565817],[-101.06459339942212,20.8426349395858],[-101.06395030946035,20.8429725399993],[-101.06295898143817,20.84368703713221],[-101.06243141371482,20.84385742481694],[-101.06184882132834,20.844319287983932],[-101.0616177576689,20.84465370173789],[-101.06150770948301,20.845236655660656],[-101.0613387973117,20.845820063482098],[-101.06135470088226,20.847025730098707],[-101.06154116494616,20.847772712718882],[-101.0616104509516,20.8485621778685],[-101.06179637025758,20.849267585135806],[-101.06228320145749,20.85046961635772],[-101.06282451509293,20.85133859359175],[-101.06241245697095,20.851341775405718],[-101.06170881459501,20.851555101023678],[-101.06124008412223,20.85172503304215],[-101.06054246972143,20.8523956758612],[-101.05990426355652,20.853107437361086],[-101.05932436993878,20.85377716871469],[-101.05874118377284,20.854197450037187],[-101.05792143134987,20.854536392406434],[-101.05727499083277,20.854624524101517],[-101.05692343159238,20.854751964978004],[-101.05674956757848,20.854961196928073],[-101.05675504152968,20.85537694481346],[-101.05658227135244,20.855669326238704],[-101.05599305058789,20.855632276512285],[-101.05557824365434,20.855427568766427],[-101.05504570332863,20.855223764089423],[-101.05456929753326,20.854811631510316],[-101.05427222859112,20.854606016425578],[-101.05391902647324,20.854608726742455],[-101.05345191551778,20.854903363501645],[-101.05345847337992,20.855402261996343],[-101.05352444551475,20.855942283774514],[-101.05353155053163,20.85648275705246],[-101.05335822623853,20.85673356093999],[-101.05312548696295,20.856943241291347],[-101.05324486234018,20.857067062941624],[-101.05360572265585,20.85764640158039],[-101.05372947216772,20.858102821638877],[-101.05414701857538,20.85851540761099],[-101.05491942035532,20.85905000432204],[-101.05575343261908,20.859792018582763],[-101.05575835798824,20.860166191703748],[-101.05606036662424,20.86074597602989],[-101.05671778530619,20.86148934196705],[-101.0574318892828,20.862065952725693],[-101.05779058697094,20.862478980981976],[-101.05814873864963,20.862850433589095],[-101.05868679175583,20.863469972836928],[-101.06000278303976,20.865039826132033],[-101.06101895603916,20.86619619323572],[-101.0619157539381,20.867228738758758],[-101.06227832160172,20.86793277741345],[-101.06200043892552,20.869182289594235],[-101.06253688344796,20.86967708939505],[-101.06306948447744,20.869880865332558],[-101.06407196872807,20.869997845854694],[-101.06415888616611,20.872117690628194],[-101.06843745367138,20.87507818056475],[-101.05736989096457,20.879695890512618],[-101.0509960461199,20.883071203794078],[-101.04434644147878,20.88511537307468],[-101.04098427456707,20.886148827399882],[-101.02984416564475,20.889572485878666],[-101.02974407157842,20.889603243608217],[-101.02812475672208,20.89010083037158]]]},"properties":{"seccion":233,"municipio":3,"electores":1029}},{"type":"Feature","geometry":{"type":"Polygon","coordinates":[[[-100.98462874419232,20.87214119807989],[-100.98392140728923,20.872028222169995],[-100.98274015906507,20.87171583282407],[-100.98132863015908,20.871655314579876],[-100.9802672382305,20.871465146909557],[-100.97909070403306,20.87140091086223],[-100.97877893170039,20.870454177120045],[-100.97818361451147,20.87004978509816],[-100.97729926306141,20.86989818907955],[-100.9764783604455,20.869993844968135],[-100.97599741347175,20.869422144531548],[-100.97510602094493,20.868898266384434],[-100.97427886014351,20.868663004274925],[-100.97404074014761,20.868501240836757],[-100.973336554031,20.868553672756192],[-100.97163209625641,20.86853904623972],[-100.97157295783957,20.868519286166354],[-100.97151381943661,20.868499526071258],[-100.97124202870663,20.86811072016479],[-100.97085196339873,20.867682393003317],[-100.97033971716307,20.867007726133682],[-100.96982747563716,20.866333057314776],[-100.9686980106399,20.865647371915006],[-100.96856372659802,20.864759896421997],[-100.96842944459425,20.863872420611287],[-100.96772839874727,20.86409028224589],[-100.96765872316261,20.86351211211706],[-100.9677660653027,20.862972545055182],[-100.96810838775052,20.8624292970253],[-100.96845226955531,20.861968775638065],[-100.96926610795524,20.861500889217314],[-100.96898817594864,20.8592295749791],[-100.9695662424465,20.858724006406256],[-100.96854495641388,20.857540110341404],[-100.96802641450464,20.85808611895311],[-100.96751021037896,20.858756217127542],[-100.96697839450394,20.858599041351752],[-100.96673249551156,20.858023629223492],[-100.96658614071377,20.856495013307747],[-100.96655337440782,20.854757739457224],[-100.9659763378916,20.852201465466596],[-100.96577126087867,20.850673765987427],[-100.96463803805948,20.849781223132727],[-100.9624654188879,20.84985656479472],[-100.96226116104647,20.848370221453184],[-100.96327641395733,20.846120052474056],[-100.96324214079674,20.844300045192373],[-100.9606016236766,20.841362220177462],[-100.95890954385206,20.83886468931638],[-100.95877263328885,20.837832423227166],[-100.95863572521662,20.836800156763086],[-100.95740693904105,20.837067577269952],[-100.95709305821848,20.835996691967253],[-100.9575310809815,20.83429344179029],[-100.95744515108287,20.832846617147226],[-100.95607329722881,20.831750843629916],[-100.95454621851802,20.831774632123924],[-100.95397983255417,20.832900608879097],[-100.95323490690582,20.83390523492171],[-100.95236552057152,20.83453940924447],[-100.95168241383395,20.83570857237485],[-100.95110436320083,20.8362140795676],[-100.95039178339857,20.83581139992453],[-100.95026346088912,20.83523412798197],[-100.95041641334383,20.833990462213194],[-100.95075331879002,20.83315769810646],[-100.95091866947834,20.832575859135787],[-100.95108401908078,20.83199402006873],[-100.95025011749158,20.831386343975517],[-100.95135055467233,20.83054170591295],[-100.95187450345928,20.830285298122448],[-100.95227322909392,20.829617074944306],[-100.95207376774245,20.828378891107633],[-100.95181712896073,20.82722434860798],[-100.95056670454436,20.826333516955934],[-100.9492482687113,20.82494721639181],[-100.94983930165253,20.82407014625827],[-100.95324933410114,20.819009567870072],[-100.95360093212028,20.81896272024914],[-100.95442856671504,20.819239471916465],[-100.95466736170971,20.81944263550713],[-100.95496100691068,20.81943806353348],[-100.95531415707076,20.819473940640332],[-100.95530251719258,20.818853478547524],[-100.95494160972814,20.818403959781616],[-100.95457837719171,20.817830347568517],[-100.95415874618536,20.817381740979993],[-100.95379474375602,20.816766762422144],[-100.95384649213877,20.8163935707339],[-100.95388970977844,20.815565372909294],[-100.95429149551072,20.81506260447965],[-100.95457427301776,20.814478935295423],[-100.95450391149669,20.813859386668515],[-100.95425737080573,20.813242580057995],[-100.95472020314753,20.812862989636038],[-100.95547976814437,20.812644283012872],[-100.95670060293618,20.811963249695932],[-100.95769273445879,20.81161678209535],[-100.95785881821938,20.81107630313785],[-100.95802412447732,20.81049445997023],[-100.95707287369339,20.80988863884601],[-100.95653736183462,20.80952459452245],[-100.95570745156238,20.809123756307972],[-100.95523687570646,20.80908970654901],[-100.95481959607702,20.80876519198956],[-100.95438392628459,20.808528969057658],[-100.9539294185705,20.808282530036028],[-100.95402515951652,20.807122504067834],[-100.95365575985072,20.806217972813588],[-100.95375770426188,20.805388860666127],[-100.95350498282997,20.80444113700476],[-100.9527253082917,20.80358436072255],[-100.95247492139602,20.802760727486344],[-100.95205534189854,20.802312111202546],[-100.95164350976916,20.80227713687384],[-100.95202823156174,20.80086436028279],[-100.95224297971603,20.799785236501865],[-100.95252109435306,20.79895338548206],[-100.95352942817861,20.7994755975858],[-100.9545902883089,20.799665975431317],[-100.95612867836589,20.80026267533384],[-100.95743064046387,20.800780291123854],[-100.95831845243069,20.80113884545453],[-100.95932448868419,20.80153692822511],[-100.9602130856602,20.801936836104073],[-100.96050514216125,20.801849529148612],[-100.96149098166234,20.80117213257001],[-100.96206809393315,20.800625237693044],[-100.96288164202969,20.80015740316033],[-100.96386823709445,20.799521358522828],[-100.96491198830547,20.798801663637242],[-100.96625477959157,20.798366922813774],[-100.96736657460139,20.798142663976144],[-100.96830220507313,20.79792115332229],[-100.96847836570002,20.797918398184972],[-100.96935994768434,20.797945983666306],[-100.97070817255664,20.797800756474402],[-100.97111141643735,20.797380683497284],[-100.97240325361619,20.79736045419292],[-100.97370055209045,20.797629761522764],[-100.97451844713358,20.798464515510563],[-100.9746588054832,20.798607765607652],[-100.97544247135947,20.799671253269842],[-100.97628096379768,20.800526996790634],[-100.97746788556717,20.801170387951593],[-100.97796545181401,20.801079826490678],[-100.97846301733992,20.800989263632175],[-100.97855231568346,20.799498329408134],[-100.97870111519902,20.798047836764773],[-100.97844747585893,20.797058796958922],[-100.97790024470113,20.796074364529556],[-100.97746655206723,20.794881268543108],[-100.97715655305508,20.79401723782458],[-100.97684812015248,20.793235933582114],[-100.97630481955179,20.792458312291416],[-100.97581789996266,20.79155567684021],[-100.97586568670417,20.790975663797532],[-100.97626577535469,20.79039012605688],[-100.97677938972075,20.789595927036082],[-100.9775333323767,20.789087588040804],[-100.97784097705798,20.789827528108805],[-100.97809537749929,20.790857934565267],[-100.97828090584021,20.79135153411876],[-100.97852280848782,20.791720120709442],[-100.97958441267302,20.791951709525506],[-100.98111263085902,20.792010457341657],[-100.98247174006718,20.792444232577154],[-100.98395064059986,20.793000239887014],[-100.98496215775751,20.79368771591546],[-100.98561667360923,20.794132549743995],[-100.9868067119918,20.794941331272405],[-100.98758651625892,20.79579794148191],[-100.98824418572545,20.796408217365038],[-100.98925495960397,20.79705430104612],[-100.98935356738393,20.79605972957346],[-100.98945374362357,20.795147884754417],[-100.989607929584,20.79398693422308],[-100.9895327359549,20.793119229116833],[-100.98957497809772,20.792249672968495],[-100.99020674300907,20.791494951470444],[-100.99124873293842,20.79069238343381],[-100.99235178350547,20.79001297348954],[-100.9936333283133,20.78945486687823],[-100.99461499794077,20.78857048100985],[-100.99476128398071,20.78699589619487],[-100.99514321184124,20.785458966088616],[-100.9955133450074,20.783301586717553],[-100.99578962203299,20.78238695900201],[-100.99587061833505,20.782013298834265],[-100.99591111636681,20.781826468742413],[-100.99595161431904,20.781639638645277],[-100.99725194656573,20.782074228622395],[-100.99978211249787,20.782323858642776],[-101.00033892107186,20.78230130700968],[-101.00089572931446,20.78227875358248],[-101.0020093448052,20.782233641345588],[-101.00324446892735,20.782182998371407],[-101.00607838293465,20.782910617760752],[-101.00701930454353,20.782862111710948],[-101.00748737197934,20.782650762929233],[-101.00806780006764,20.78202278182862],[-101.00858831917589,20.78131208010155],[-101.0090478651889,20.78043550551519],[-101.00968498908263,20.779640780662355],[-101.0101407976735,20.77847316938123],[-101.01043286277238,20.77830469274587],[-101.0104662756865,20.778616298251876],[-101.0104996887964,20.77892790372956],[-101.0105670481249,20.77959269094568],[-101.01075368540813,20.78038133817324],[-101.010824242899,20.78129558302871],[-101.01083383066394,20.782043956947923],[-101.01119592985296,20.78274814669799],[-101.0114933300751,20.782995430833562],[-101.01179073125644,20.78324271436732],[-101.01208866644856,20.78353157358741],[-101.01256365890193,20.783860702975243],[-101.01310016121506,20.784397276781124],[-101.01351951808653,20.784976295962384],[-101.01417424465026,20.785553570781612],[-101.01476693123215,20.785881821445592],[-101.01524060166437,20.78610700176716],[-101.01571427341293,20.786332180659716],[-101.0161285703212,20.786516218465277],[-101.0165428681629,20.7867002551839],[-101.0174902200457,20.787150603696357],[-101.01884519267207,20.787265275942826],[-101.0204916994758,20.787169867168217],[-101.02243134026749,20.786989097595555],[-101.02396230070882,20.787060837122723],[-101.02432018025624,20.78743238514718],[-101.02521247133807,20.78817415956429],[-101.02662575840016,20.788246753510776],[-101.0272446760834,20.788325282525363],[-101.0278635942034,20.78840380925257],[-101.02880937165112,20.78872936400061],[-101.0299300656597,20.78892886192168],[-101.03211154071303,20.789245125635947],[-101.032760962481,20.78940656458605],[-101.03293964552329,20.789571540503992],[-101.03311832895375,20.78973651620064],[-101.03326893906251,20.790005652204574],[-101.0334195497382,20.79027478802406],[-101.0333714887196,20.791106744707857],[-101.03339777603324,20.7914719947197],[-101.03344327098024,20.79210411896156],[-101.03375582284633,20.79351547899237],[-101.03400818870931,20.794823341489934],[-101.03426055994603,20.796131203069425],[-101.03441279802657,20.796525064146707],[-101.03456503698125,20.796918925006523],[-101.03475344536055,20.797832259514415],[-101.035009878767,20.799451935796277],[-101.03510002426925,20.79964124372017],[-101.03511459923605,20.799671851478966],[-101.03518533004203,20.799976762953115],[-101.03525606118724,20.800281674364403],[-101.03536048087142,20.801048383352605],[-101.03538617276271,20.801237026275643],[-101.03563830152375,20.80252409524975],[-101.03570903083363,20.803438314461605],[-101.03572037324803,20.804311401701867],[-101.03549146163913,20.804812083718108],[-101.03508708304122,20.8053972476089],[-101.0347480292572,20.806480874428253],[-101.03447375948039,20.808021388952778],[-101.03442840729791,20.8090612222638],[-101.0332028088623,20.809860468044462],[-101.0327481720584,20.81015538954835],[-101.0320355084758,20.81061768769296],[-101.0308681960297,20.811374900287664],[-101.02999405073909,20.812046744331845],[-101.02906643149828,20.813134783391774],[-101.02837205448408,20.814054749333355],[-101.02715068682934,20.815186563308075],[-101.0259271497271,20.816152066834487],[-101.02469822203389,20.81670180476663],[-101.02352491539737,20.817001639579754],[-101.02158972590519,20.817556635288305],[-101.02118204184632,20.817892317436208],[-101.02095252753277,20.818351409031635],[-101.02074922040511,20.818560825479423],[-101.02054591271953,20.81877024172726],[-101.02019680934991,20.819084694927707],[-101.01984770452478,20.819399147524443],[-101.019095996041,20.820444248809512],[-101.0185187000712,20.821321728560186],[-101.01794246925039,20.82228235873011],[-101.01748340803464,20.823200535278144],[-101.01690020227575,20.82362067528567],[-101.02251970496721,20.829573088054577],[-101.02377529533365,20.833108296850945],[-101.02550617238612,20.83720966864698],[-101.0226695709631,20.840789436007054],[-101.01688330484569,20.842987711573134],[-101.01004232852411,20.844212111590437],[-101.00999414879,20.845044068732086],[-101.00958850462872,20.845546034607978],[-101.0091239925795,20.846048435704663],[-101.00865360433934,20.846093498978192],[-101.0084266849157,20.84676045932887],[-101.00813983028124,20.84734470303039],[-101.00744571405085,20.848306179964474],[-101.0067553237118,20.849558687432374],[-101.00605798933253,20.850270703349594],[-101.00542538065679,20.851439619479397],[-101.00484789940302,20.85231706623492],[-101.00450535157186,20.853151197044234],[-101.00427947147766,20.85390130601452],[-101.00416786300507,20.854380300800052],[-101.0040562539576,20.8548592955448],[-101.00371103298544,20.855485544596018],[-101.00377896063087,20.85619190471019],[-101.00401870167128,20.85652277582279],[-101.00461272779,20.856934190491053],[-101.00467906142978,20.857515821386215],[-101.00445051214508,20.858058050080682],[-101.00454334892683,20.858410794935118],[-101.00463618621302,20.85876353969029],[-101.0049926080186,20.859010386914708],[-101.00546410494385,20.859048482602596],[-101.00605280930088,20.85904413026214],[-101.00699687115224,20.859203466514398],[-101.0075903816278,20.85957329316983],[-101.00771559951629,20.8601544857853],[-101.00784135267915,20.860777254216153],[-101.00799200230313,20.86104640825453],[-101.00814265249579,20.861315562108743],[-101.00832728027072,20.861937893725766],[-101.00821541414409,20.862396102168667],[-101.00828123155587,20.862936153997488],[-101.00846746558777,20.86368321312429],[-101.00882550869859,20.864054778723926],[-101.00930236765205,20.86450862214435],[-101.01024379153772,20.86446005759583],[-101.01053547866165,20.864249992920733],[-101.01088764230315,20.864164218448483],[-101.01118307379812,20.86424518423363],[-101.01148332257436,20.864700332682993],[-101.01178303791367,20.86511390453463],[-101.0122005004285,20.865526600438393],[-101.01285399239222,20.86597911957732],[-101.01368464317443,20.86647189723026],[-101.01334265666948,20.867347618939217],[-101.01263349753229,20.867144995412044],[-101.01109957847618,20.86690691736253],[-101.00974174802704,20.86662593875974],[-101.00838392168679,20.866344948953163],[-101.00519356207566,20.86549538594673],[-101.00371427369741,20.864924195221658],[-101.00317589136328,20.86426288889186],[-101.0022848125795,20.863645762045593],[-101.00030512438406,20.86217014227551],[-100.99937390386063,20.8626400310096],[-100.99855464211758,20.862818514229435],[-100.99807679840477,20.862412331501428],[-100.9977704558985,20.86175517916648],[-100.99705212229065,20.861063174813147],[-100.99604086674339,20.860417178921978],[-100.99568210032578,20.86009185436974],[-100.9951995443326,20.859437484866636],[-100.99454233998236,20.858868627200046],[-100.99388750364044,20.85842385534959],[-100.99317077852915,20.8578145576147],[-100.99239846589535,20.857371636703153],[-100.99163009279388,20.85713552687914],[-100.99127449122408,20.85697564357251],[-100.9902680061199,20.856577787218942],[-100.98926703048583,20.856469465909594],[-100.9884493575037,20.85673062525261],[-100.98824651098849,20.85687864067852],[-100.98804366406719,20.85702665589348],[-100.98775702601105,20.85740355821019],[-100.98747510215534,20.858028638737547],[-100.98749082116335,20.858855900650628],[-100.9880931888104,20.859632529973858],[-100.98875666556798,20.860532318483806],[-100.98940913864533,20.86085302126305],[-100.98954393142236,20.861761152750912],[-100.98967636628002,20.862545194861877],[-100.98980722940966,20.863246510672628],[-100.99023417961234,20.86406727591919],[-100.99089926441238,20.865049779035065],[-100.99120873489834,20.86587239715476],[-100.99151584721213,20.86657092552582],[-100.99164908601607,20.867396327472523],[-100.9914799330423,20.867771379388785],[-100.99131550306049,20.86839460885945],[-100.9908612732744,20.869229294667694],[-100.99052374635407,20.870020760277615],[-100.9900013161677,20.87036001702024],[-100.98959008369677,20.870366512741967],[-100.98929083853791,20.870081611016236],[-100.98916468941529,20.869628473596624],[-100.98921792934166,20.869338004903287],[-100.98832256528047,20.868607384213256],[-100.9874476519706,20.868952197310968],[-100.98692836200641,20.869456897175358],[-100.98628842976899,20.869797996961047],[-100.98565320932418,20.870387273084685],[-100.98519579904897,20.871056494286055],[-100.98496866375744,20.87147383072728],[-100.98462874419232,20.87214119807989]]]},"properties":{"seccion":234,"municipio":3,"electores":309}},{"type":"Feature","geometry":{"type":"Polygon","coordinates":[[[-100.84762379243291,20.845157748283214],[-100.8468496753893,20.84459003135836],[-100.84681731562708,20.844425003309784],[-100.8467849559502,20.8442599752468],[-100.84710453611929,20.842434567872903],[-100.84737134652565,20.84094097262084],[-100.84781362752858,20.839403375401712],[-100.84755251485738,20.8379590508909],[-100.84758809420167,20.836675801971282],[-100.84790630506393,20.8364020875319],[-100.84822451476668,20.836128372578987],[-100.84874419988957,20.83562406503434],[-100.8473019465523,20.833960428628053],[-100.84658403752934,20.833132302583877],[-100.84648398315335,20.83247174960859],[-100.84638392988995,20.831811196461274],[-100.84607605701272,20.83102961392157],[-100.84547524826233,20.830293783998513],[-100.84469077374918,20.829146913422584],[-100.8440252759689,20.828081018710257],[-100.8434884456316,20.827633871873097],[-100.84340957576542,20.826517840689668],[-100.84346085471103,20.82610329468712],[-100.843486494114,20.82589602168083],[-100.84351213347043,20.82568874867121],[-100.84347829175462,20.8254409851569],[-100.84344445018328,20.82519322162092],[-100.84341060875641,20.824945458063112],[-100.84337676747407,20.824697694483646],[-100.84307787342577,20.824412507371406],[-100.84277898050489,20.824127319644415],[-100.84267470368023,20.824046118937947],[-100.84257042696576,20.82396491815881],[-100.8423618738673,20.82380251638291],[-100.84130166785356,20.82365281332367],[-100.84065930988788,20.8238692794156],[-100.84001694990809,20.824085743230174],[-100.84019327537152,20.82307919840504],[-100.84011181955957,20.822361953867237],[-100.8395918895174,20.821478435486465],[-100.83939469358164,20.821038943952495],[-100.83929306977937,20.820831915496615],[-100.83847713105212,20.820136376129405],[-100.83852395806058,20.819473627808218],[-100.83890457716349,20.817771453999885],[-100.8392933761425,20.816524317838383],[-100.84009254580246,20.815229689553938],[-100.84060325939228,20.81422900385774],[-100.84140464112777,20.813058472087082],[-100.84208706083191,20.811806954418532],[-100.84271148533205,20.810597677514302],[-100.84394876870897,20.808904882231268],[-100.84408745313887,20.808715137719364],[-100.84314481084255,20.808563685676898],[-100.84267796006823,20.808736160023738],[-100.84180149463961,20.808997495580517],[-100.841163665403,20.809462161772313],[-100.84104322872602,20.809298443723947],[-100.84039497448921,20.80918396776325],[-100.8395578834707,20.808368871932647],[-100.83907689277075,20.807755360880638],[-100.83853271484357,20.80689451935374],[-100.83753284572113,20.80682664374181],[-100.8365381797502,20.80704833277825],[-100.83513092449434,20.807193393683896],[-100.83464029947774,20.8060420939926],[-100.83415562291958,20.805221730508684],[-100.83360777005403,20.80415403382172],[-100.83294395561185,20.80317081376839],[-100.83234332870087,20.80243492252927],[-100.83192037111478,20.801779148091992],[-100.83138144800779,20.80120785029096],[-100.83113096869606,20.800342621478134],[-100.83123433017406,20.799554898110404],[-100.83073857342298,20.798114010404504],[-100.83042715547181,20.797125548620606],[-100.82958648072916,20.7961035568495],[-100.8288573391704,20.794748879145033],[-100.82795055989932,20.79331407288657],[-100.82787776690598,20.79252896051774],[-100.82733371151869,20.791668073194625],[-100.82685282608314,20.791054519089876],[-100.8270788338153,20.790554629463887],[-100.82759178814936,20.78967808218357],[-100.82766987654276,20.789118315591917],[-100.82774796453027,20.78855854897291],[-100.82791154290719,20.787852690941694],[-100.8280223220281,20.78747864309641],[-100.8280743796315,20.787105465285],[-100.82811903316119,20.786318612169946],[-100.82816886921269,20.785821331735093],[-100.82839190440379,20.785155970871358],[-100.82867884128508,20.78477931229804],[-100.82908025435478,20.78423544263389],[-100.8295389029152,20.7836079667311],[-100.82892652900252,20.782210174520564],[-100.82856162775067,20.78151214728653],[-100.82813727121783,20.780773621337666],[-100.82759104200974,20.779788627971023],[-100.82693330337679,20.77913631191795],[-100.82662343849114,20.778230571627894],[-100.82603182421651,20.77799105809369],[-100.8257330597413,20.7777058299835],[-100.82543429639038,20.77742060126075],[-100.82460116511486,20.77681224883325],[-100.82383119098427,20.776451229637377],[-100.82288063739263,20.775844604474987],[-100.82157483793975,20.77507770788117],[-100.82033145719934,20.77451677216265],[-100.81956076600662,20.7741143643017],[-100.81872767514142,20.77350598004718],[-100.81795330672155,20.77289672501903],[-100.81706077605821,20.77224782993085],[-100.81652496651752,20.771841943202528],[-100.81640532505433,20.77171957086845],[-100.81628568378534,20.771597198435057],[-100.8156309747905,20.77111030387923],[-100.81521554902469,20.77086815337811],[-100.81433113959933,20.77067428957138],[-100.81379828671642,20.77043386514091],[-100.81285590180241,20.77028222608193],[-100.81202138632287,20.769591069473556],[-100.81154688749473,20.76932908937899],[-100.81107239023238,20.769067107844425],[-100.81059899723036,20.768867176937768],[-100.81012266541339,20.768501772397386],[-100.81052925606258,20.768247519783497],[-100.81122353432997,20.767658003433013],[-100.81195267998854,20.767378312794122],[-100.81268182274592,20.76709861924737],[-100.81402488040058,20.766665056750792],[-100.81487475530268,20.766569780809018],[-100.81572462879208,20.766474500737473],[-100.81836452224039,20.766311440142704],[-100.82001070779287,20.76641128336748],[-100.8218939618238,20.766631744674843],[-100.82371924489608,20.766894420656744],[-100.82572067295101,20.767154470760886],[-100.82737722181632,20.767833389373664],[-100.8288055897946,20.768888078551292],[-100.8306494212469,20.770184866828824],[-100.83225323638432,20.771195544618728],[-100.83379687402305,20.77212434240512],[-100.83562742816201,20.77267645709519],[-100.83735689937646,20.77414037898551],[-100.83950559221687,20.77605320601451],[-100.8400968443442,20.776271988479866],[-100.84068809803044,20.77649076877509],[-100.84227865055453,20.776756731997438],[-100.84381197963673,20.777106289597626],[-100.84386771862347,20.7769399456752],[-100.84528063953964,20.777125771429816],[-100.84705853261083,20.778009568800158],[-100.84826716979696,20.779894924023367],[-100.84941413582908,20.781615677198758],[-100.85038347973045,20.78325631929201],[-100.85229011467857,20.784758803197676],[-100.85425475916686,20.786219016946255],[-100.85543663276216,20.78661510155106],[-100.85662150458826,20.787176644812806],[-100.85733400322924,20.787600436788136],[-100.85804650570003,20.788024225483277],[-100.85987432644708,20.7884105924901],[-100.86128886271895,20.788679010041204],[-100.86247152007518,20.789116409897108],[-100.86300638031196,20.789460088603988],[-100.86354124289664,20.789803765446255],[-100.86385810422765,20.791081719152952],[-100.8639860509801,20.79165908689119],[-100.86512427884503,20.792883313599187],[-100.86643343530201,20.793815315315502],[-100.86732553875147,20.79442256010264],[-100.86828463917197,20.795483947005202],[-100.86917826328566,20.796173913665594],[-100.86948691759817,20.7969968205084],[-100.86897344310279,20.79783210959596],[-100.86863312846745,20.79849927890054],[-100.86915638139598,20.798201754479404],[-100.87008317716419,20.797484371513107],[-100.87071785214194,20.79685414190663],[-100.87156180174733,20.798041376307978],[-100.8721618353949,20.798735751095172],[-100.87257290336134,20.798729552201316],[-100.87412154140557,20.79667868282061],[-100.87568827713079,20.796186976842343],[-100.87896914583892,20.795157250170263],[-100.88139412986128,20.7960722588458],[-100.88322662155728,20.796706561381775],[-100.88518186682113,20.797628625725423],[-100.88648512386854,20.79822953316427],[-100.88808276507022,20.798867341412475],[-100.88927313992245,20.79971820340754],[-100.89051922076742,20.80040270061241],[-100.89148736911604,20.80078624465585],[-100.89152510896318,20.80080119561211],[-100.89119474593063,20.8020061588176],[-100.89110306880113,20.803414382768686],[-100.89031577692792,20.805329701130873],[-100.88964137389239,20.806995038251745],[-100.88884571509577,20.80845532704455],[-100.8881629529463,20.809665635044563],[-100.88759990866173,20.810998256560154],[-100.88686672614163,20.81266447711094],[-100.88652533007942,20.813269628474767],[-100.88626994337078,20.81372231817466],[-100.88618393143976,20.813874779326643],[-100.88543709888397,20.814796408302275],[-100.885301139194,20.814928421092677],[-100.88504715650355,20.81517502982427],[-100.88457128397832,20.8156370831758],[-100.88417832916404,20.81663609794884],[-100.88384410056412,20.81763422207603],[-100.88426959184198,20.818413944802064],[-100.88452797359675,20.819692728634994],[-100.88473964465223,20.820951709612686],[-100.88479165829278,20.82126107318027],[-100.88534901416624,20.822824963335616],[-100.88558924516992,20.823110961748725],[-100.8846737367007,20.824448921902547],[-100.8838169467134,20.825785987939067],[-100.88296014223997,20.827123050647177],[-100.88233523850906,20.828291086924587],[-100.88124951420967,20.829962630039855],[-100.88087177106301,20.830430853537727],[-100.88067500749044,20.830674746255973],[-100.88032107929314,20.830597349911947],[-100.87996715139826,20.830519952808068],[-100.87843170490162,20.83008803576868],[-100.87654913485649,20.829950994774734],[-100.87525920706263,20.830094622249067],[-100.87402952040692,20.830320085492176],[-100.87327499726398,20.830828009746572],[-100.87246700850388,20.831626381020293],[-100.87142255599078,20.832345561653362],[-100.87072901079446,20.832976688473494],[-100.86986602492505,20.83398276645782],[-100.8692432511529,20.83527486269166],[-100.86885090521034,20.83631521796427],[-100.86840056811492,20.83739782424425],[-100.8680074592328,20.83839681191432],[-100.86837344723133,20.839136093083336],[-100.86756162679939,20.839727614377406],[-100.86687932012104,20.840979223314232],[-100.86659615117148,20.841562775889226],[-100.86602228418506,20.842316216900056],[-100.86573610083146,20.842734303140293],[-100.86515244830952,20.842949979539767],[-100.86380064425585,20.84292894861284],[-100.86209488840754,20.84283047451774],[-100.86009917944051,20.842943229001612],[-100.85983043634155,20.841085268341455],[-100.85915502276835,20.83948168137367],[-100.8586648456177,20.838371842662376],[-100.85772230203912,20.838275804018984],[-100.85622676869421,20.838064424872528],[-100.85509898573223,20.838228373832656],[-100.85396980602988,20.838278533288374],[-100.85320790477023,20.838666103717845],[-100.85285455371331,20.839466508546405],[-100.85283981682281,20.839490697514343],[-100.85212563541735,20.840662936903488],[-100.85191686594627,20.842114289582984],[-100.85129839556083,20.843654533460157],[-100.85072743364965,20.844573396063623],[-100.84956080940492,20.845046015525423],[-100.84762379243291,20.845157748283214]]]},"properties":{"seccion":235,"municipio":3,"electores":1070}},{"type":"Feature","geometry":{"type":"Polygon","coordinates":[[[-100.84001694990809,20.824085743230174],[-100.84065930988788,20.8238692794156],[-100.84130166785356,20.82365281332367],[-100.8423618738673,20.82380251638291],[-100.84257042696576,20.82396491815881],[-100.84267470368023,20.824046118937947],[-100.84277898050489,20.824127319644415],[-100.84307787342577,20.824412507371406],[-100.84337676747407,20.824697694483646],[-100.84341060875641,20.824945458063112],[-100.84344445018328,20.82519322162092],[-100.84347829175462,20.8254409851569],[-100.84351213347043,20.82568874867121],[-100.843486494114,20.82589602168083],[-100.84346085471103,20.82610329468712],[-100.84340957576542,20.826517840689668],[-100.8434884456316,20.827633871873097],[-100.8440252759689,20.828081018710257],[-100.84469077374918,20.829146913422584],[-100.84547524826233,20.830293783998513],[-100.84607605701272,20.83102961392157],[-100.84638392988995,20.831811196461274],[-100.84648398315335,20.83247174960859],[-100.84591326816954,20.832904499475717],[-100.84562001155383,20.833111248516136],[-100.84497420175767,20.833235507927814],[-100.84444577455771,20.833318389613105],[-100.84409354273068,20.83340119210833],[-100.84368241850623,20.833401372896567],[-100.84280143774102,20.83340175697569],[-100.84244936375389,20.83356720299897],[-100.84192109230459,20.83373272392863],[-100.84133456316941,20.834146208902503],[-100.84086509991097,20.834353025261603],[-100.84033713987085,20.834683835438575],[-100.83998498093102,20.834807953333808],[-100.83933947276364,20.83509748624326],[-100.83810561236857,20.83485005143682],[-100.83763504533023,20.83447833028402],[-100.83728225842162,20.834271854606474],[-100.83657684340669,20.833941547912318],[-100.83616532668619,20.833735093038836],[-100.83534307310991,20.83373541568818],[-100.83504956622343,20.8338181770987],[-100.83458009390316,20.83402497679471],[-100.83393434499246,20.834190519105174],[-100.83305374068495,20.834397471401044],[-100.83229036871393,20.834480404750863],[-100.83158588179913,20.83464596039967],[-100.83088139311458,20.834811513260902],[-100.82937796758694,20.834790958026748],[-100.82862802217562,20.834448394275867],[-100.82779510085741,20.833825820513457],[-100.82749102376447,20.833251034458474],[-100.82689918624051,20.833011541407796],[-100.82637127763434,20.833060746783655],[-100.82590284855924,20.833150447276086],[-100.82532212731567,20.83353145902717],[-100.82439118940397,20.834041792422433],[-100.82374801855988,20.83421683249632],[-100.8231048460427,20.834391870260472],[-100.82246315221367,20.834649640575748],[-100.82193301523965,20.83457473046367],[-100.82128687912014,20.83458429183415],[-100.82075156470415,20.834219805704972],[-100.82021625280069,20.833855317697076],[-100.81955902869734,20.833244359771637],[-100.8190780268431,20.832630794104325],[-100.81865798495488,20.832140461244762],[-100.81830037928474,20.831856096873413],[-100.81783711918278,20.83223534826785],[-100.81620834280452,20.829859452221573],[-100.81495802135147,20.830581342832748],[-100.8137061954425,20.83080544800043],[-100.81152747399102,20.831195465362416],[-100.81035112374816,20.831464038744816],[-100.80935054748406,20.831692474052605],[-100.80854751294619,20.831875805196926],[-100.80731620036487,20.832018062121005],[-100.80631837028285,20.83207411921554],[-100.80581945478478,20.832102145602327],[-100.80556999692145,20.83211615825564],[-100.80532053898195,20.832130170548854],[-100.80441412377405,20.832371076732365],[-100.80350770531517,20.832611978322056],[-100.80186740532467,20.83288434087904],[-100.80119483633246,20.833059729004134],[-100.80052226557991,20.833235114597546],[-100.79978875126069,20.833287255408017],[-100.79905523617826,20.83333939311248],[-100.79835292423806,20.833494517166127],[-100.79765061063358,20.83364963844118],[-100.79723832993781,20.83359361272759],[-100.79682604946716,20.833537585998638],[-100.79654556786453,20.833458937931518],[-100.79626508651893,20.833380289383005],[-100.79570412459903,20.833222990841822],[-100.79723217981206,20.829931678748938],[-100.79727698831147,20.82914482470606],[-100.79638576129601,20.825268271388293],[-100.79598644918877,20.822625872759122],[-100.79708264209322,20.82149258828752],[-100.79841595811759,20.820479958810363],[-100.8000649818513,20.817393749208026],[-100.80080137032144,20.815851932255157],[-100.80176680297934,20.81397572146055],[-100.80087187706363,20.813202653563852],[-100.80194961970098,20.81103514318839],[-100.80376806248667,20.807574009985853],[-100.80607175219468,20.808284986861132],[-100.80855091610982,20.808951971277278],[-100.81090012087324,20.80891739465454],[-100.81106232041124,20.808128811195274],[-100.81203347236351,20.806583496509944],[-100.81252419796522,20.806100412256022],[-100.81301492044939,20.805617326801503],[-100.81320442775933,20.80545820741403],[-100.81376733865676,20.804985557475224],[-100.81446323384027,20.804478754505773],[-100.81488664023132,20.80429910989222],[-100.81559529445953,20.805372388983255],[-100.81607323666492,20.80582050278805],[-100.81659294151869,20.805316290868767],[-100.81697246299989,20.80518655400523],[-100.81735198377044,20.805056816347285],[-100.81822847963574,20.804795604273117],[-100.81898677755034,20.80449475522869],[-100.81933693053092,20.80436544714591],[-100.8199807226296,20.80423179968373],[-100.8206987574147,20.804966001939963],[-100.82170452815592,20.80536491799809],[-100.82276755330543,20.805680223834297],[-100.82370720759796,20.805666320680977],[-100.82447289604849,20.80577912315708],[-100.82541995193388,20.806178885616433],[-100.82607225867604,20.806520941203132],[-100.82672456821966,20.806862994076038],[-100.82763290997282,20.80838053438134],[-100.8281807401271,20.809448251660175],[-100.828782861165,20.810266891143826],[-100.82978868556833,20.810665755341862],[-100.83061313195947,20.81077765676783],[-100.83143238548242,20.810599982839257],[-100.8322449572124,20.8100499993387],[-100.83317498195373,20.809498267514808],[-100.83363442279267,20.80891214527088],[-100.83409608804013,20.80845012384418],[-100.83479118045568,20.807901875130117],[-100.83496105284433,20.807547634468595],[-100.83513092449434,20.807193393683896],[-100.8365381797502,20.80704833277825],[-100.83753284572113,20.80682664374181],[-100.83853271484357,20.80689451935374],[-100.83907689277075,20.807755360880638],[-100.8395578834707,20.808368871932647],[-100.84039497448921,20.80918396776325],[-100.84104322872602,20.809298443723947],[-100.841163665403,20.809462161772313],[-100.84180149463961,20.808997495580517],[-100.84267796006823,20.808736160023738],[-100.84314481084255,20.808563685676898],[-100.84408745313887,20.808715137719364],[-100.84394876870897,20.808904882231268],[-100.84271148533205,20.810597677514302],[-100.84208706083191,20.811806954418532],[-100.84140464112777,20.813058472087082],[-100.84060325939228,20.81422900385774],[-100.84009254580246,20.815229689553938],[-100.8392933761425,20.816524317838383],[-100.83890457716349,20.817771453999885],[-100.83852395806058,20.819473627808218],[-100.83847713105212,20.820136376129405],[-100.83929306977937,20.820831915496615],[-100.83939469358164,20.821038943952495],[-100.8395918895174,20.821478435486465],[-100.84011181955957,20.822361953867237],[-100.84019327537152,20.82307919840504],[-100.84001694990809,20.824085743230174]]]},"properties":{"seccion":236,"municipio":3,"electores":1182}},{"type":"Feature","geometry":{"type":"Polygon","coordinates":[[[-100.58923892105193,20.84034165955507],[-100.58809821040373,20.83902325676037],[-100.5875363140548,20.83715400021792],[-100.58703830858481,20.835575858448045],[-100.58691417023947,20.835202178190475],[-100.5864255687904,20.834166278200126],[-100.5860560531227,20.83321207955791],[-100.58545560703107,20.83251158403577],[-100.58539534614088,20.83242902099543],[-100.58445066668139,20.83223421092493],[-100.58315380966911,20.83208625805544],[-100.58191505032158,20.831895725894533],[-100.58055938052097,20.83174861108548],[-100.57931846504745,20.831432925855577],[-100.57849503083837,20.831444924234386],[-100.57785092601064,20.831621194100507],[-100.576008180573,20.83052153397917],[-100.57523637515978,20.83011554642566],[-100.57423074658588,20.82979639963747],[-100.5731082081045,20.82952066812997],[-100.57227975363377,20.82924065575146],[-100.57133941414,20.829296039849183],[-100.57072828176979,20.827969814484],[-100.57001029450666,20.827270966736194],[-100.5692973356763,20.82686409631922],[-100.56823077274603,20.82642063091934],[-100.56716636606662,20.826102293244094],[-100.56593125028067,20.826120199031305],[-100.564871862699,20.82609382813156],[-100.56410798241826,20.82614661514166],[-100.56328743339381,20.826325385361745],[-100.56222017385663,20.82584016945495],[-100.5625630469378,20.82525109834382],[-100.56331547240825,20.824530931525445],[-100.5642421855743,20.82368307145057],[-100.56563868244523,20.82278667782883],[-100.5666872979582,20.822187371115074],[-100.56803355572454,20.82179235144488],[-100.56962079714036,20.821727599930245],[-100.56948882422893,20.82089507573667],[-100.56934681168183,20.819478589169393],[-100.56874434655906,20.81865289078688],[-100.5680794921807,20.81761948469827],[-100.56729415816773,20.816420934173102],[-100.56621836426481,20.815435199066517],[-100.56508878538247,20.814742289964965],[-100.56430706912157,20.813752281489982],[-100.56393560172928,20.812672885690066],[-100.56331045522532,20.8070911721924],[-100.56442780227006,20.807074998050084],[-100.56531707608335,20.807479341142724],[-100.56603565878756,20.80821992915842],[-100.56682738278002,20.809793895047438],[-100.56905996112175,20.809636356265386],[-100.57042044792728,20.810075557012023],[-100.57166045367147,20.810349608228538],[-100.57396620493833,20.811025381996533],[-100.57598439881187,20.812080804569387],[-100.57657624221181,20.815702000122958],[-100.57705104328292,20.81594542135699],[-100.57781558317568,20.81593429156217],[-100.57834847794145,20.816135141333348],[-100.57888569272207,20.81658625767836],[-100.5795419728848,20.817119081116903],[-100.5800885565741,20.81811244082866],[-100.58078853193152,20.817768463443],[-100.5813643971533,20.817050796512913],[-100.5821690139881,20.815954295150707],[-100.58297434034705,20.814899501929393],[-100.58360322647731,20.813847280213366],[-100.58487972812132,20.81282732438567],[-100.58697231778102,20.811378219358254],[-100.58847461893794,20.809812556244264],[-100.589983392998,20.808622282351234],[-100.59136946807111,20.80714173988102],[-100.59304520736762,20.80540661499581],[-100.59449437179944,20.804175456038422],[-100.59647348312758,20.802978237014383],[-100.59710585067121,20.802134528910823],[-100.59808234190989,20.800785109583465],[-100.59895643148188,20.80031334347735],[-100.59977461202303,20.80000928069061],[-100.60082292628333,20.79940978243353],[-100.60209628534167,20.798222868229303],[-100.60202732259063,20.797639778770407],[-100.6080802658752,20.793962669716564],[-100.60842373363516,20.796794676323692],[-100.61026698869622,20.79793571417182],[-100.61061106882643,20.797429982790003],[-100.61124770211806,20.796836493296933],[-100.61193949066805,20.79603358046571],[-100.61310168513799,20.795223723162657],[-100.61444756090737,20.794828361096577],[-100.61549796411367,20.794353910997746],[-100.61660862056546,20.793962007208542],[-100.61713345140026,20.793703921362425],[-100.61736062740563,20.793241627287276],[-100.61729233984899,20.792700257990976],[-100.61757904423177,20.79227880514902],[-100.61792673695787,20.791981614458425],[-100.61785333923187,20.791148270839148],[-100.61778067247211,20.790356637716695],[-100.61717735372795,20.789489405756],[-100.61726430738489,20.787735819024604],[-100.61913637002081,20.787165759899214],[-100.62034118686404,20.785437356204543],[-100.62077687778864,20.786807715445057],[-100.62362120279111,20.78703787244565],[-100.63167283437478,20.787689133049888],[-100.63122360188088,20.79224342759535],[-100.6321607311099,20.79202088983456],[-100.63298245997014,20.79192522722595],[-100.63386151862142,20.791745265311512],[-100.6349757730028,20.79156179823087],[-100.63614808869188,20.791335738219477],[-100.63708520316752,20.79111317438306],[-100.63802599152514,20.79109915660934],[-100.63914685552594,20.791291054689857],[-100.64079765190642,20.791516761130953],[-100.64197499323352,20.788244945736025],[-100.64449151272606,20.787539831356614],[-100.64444229707141,20.788082940673394],[-100.64409687968994,20.788505311428775],[-100.64362944265608,20.788679177398983],[-100.64281142507338,20.78898343994593],[-100.64258507117796,20.789487472489164],[-100.64271003465863,20.789902817882453],[-100.64312604575437,20.790146933019276],[-100.64365633957476,20.790201595379582],[-100.64418663365498,20.790256256074567],[-100.64310777085572,20.792441865677596],[-100.64388248435705,20.79301439021405],[-100.64446458463487,20.79267192557512],[-100.64486880903249,20.792248675075935],[-100.64574711328908,20.79202694304336],[-100.64604332299602,20.792147678136434],[-100.64634248401345,20.79243525270865],[-100.64645035663476,20.792725171420567],[-100.64726875641475,20.794924661865128],[-100.65089220908948,20.793618795219007],[-100.6510467619521,20.795702528090054],[-100.65469165633962,20.79560616695925],[-100.65506148388161,20.79656019917587],[-100.65525269201034,20.797391747951377],[-100.65538288005065,20.798099049392547],[-100.65545352747638,20.798765523280593],[-100.65540879306242,20.79955889125955],[-100.65489215957301,20.800275898591863],[-100.654497567568,20.801241399004997],[-100.65415955362768,20.802080887330533],[-100.6535275195557,20.80292478484632],[-100.65278009058538,20.803895573175353],[-100.65220462680024,20.804613455553152],[-100.65121900604993,20.805420924563748],[-100.65043122597744,20.80743533130786],[-100.65209700257384,20.80849511176281],[-100.65036979823573,20.810607040377075],[-100.64960531456944,20.810618491722455],[-100.64671002654084,20.813206807576208],[-100.64712832556445,20.813576037316665],[-100.64725701872187,20.81419992550545],[-100.64738719029208,20.81490723322307],[-100.6477562906466,20.815819569208372],[-100.64783504521978,20.816944854969886],[-100.64826591900551,20.818023148150026],[-100.65063344249074,20.822159771430982],[-100.65111576641354,20.8228200755972],[-100.65159513481615,20.82331353914871],[-100.6526633613792,20.823839890521114],[-100.65432193360424,20.82448253756284],[-100.65327368945346,20.82508235883769],[-100.65251801716437,20.82559434441216],[-100.6514153851458,20.826445295669068],[-100.65064786295262,20.826289918052357],[-100.65018180081302,20.826547227939848],[-100.64901146285194,20.82689852913651],[-100.64755444362409,20.827671323302553],[-100.64656496180021,20.828270226071513],[-100.64582032722942,20.829407831963792],[-100.64565865544127,20.830244668354496],[-100.64608069544869,20.830822446089737],[-100.64674095251446,20.83156354071673],[-100.64645131170253,20.831818200814112],[-100.64610433237462,20.832157160210865],[-100.64587867472524,20.832702908057463],[-100.6456633557931,20.833832593104503],[-100.64544803426223,20.834962277952286],[-100.64552162217889,20.835795594196547],[-100.64589224949331,20.836791349009772],[-100.64555929280978,20.83792279409839],[-100.6444387398889,20.837752353790393],[-100.63806739622443,20.836783100091655],[-100.636178627656,20.836435778352183],[-100.63435015415044,20.83617097915089],[-100.63275989319627,20.836069498073915],[-100.63163135075632,20.83546047939905],[-100.63062191889688,20.834933123271973],[-100.62931400754255,20.834159871848595],[-100.62830679319414,20.833757631498756],[-100.62723856732903,20.833231127822202],[-100.62616961533479,20.832662906701145],[-100.62521976798318,20.832176353088165],[-100.62432581121978,20.8315220799458],[-100.62324882552397,20.830495025333605],[-100.62240857711652,20.829547896150572],[-100.62157053485522,20.82872589320275],[-100.62142435741175,20.828824208980688],[-100.62017508177325,20.829664434720623],[-100.62000741466613,20.830167572990856],[-100.61984267219607,20.830837552786996],[-100.61961984434713,20.83155011388819],[-100.61909562322225,20.831849925007425],[-100.61851697066406,20.83240086789066],[-100.61793758295595,20.832910098617887],[-100.61712511826269,20.833547939899194],[-100.61660819102823,20.83426484876331],[-100.61609564196215,20.835232019169887],[-100.6158161651393,20.836070577862387],[-100.61583442643776,20.837113339658934],[-100.60997790800823,20.835659314942017],[-100.60980730612022,20.83561695534416],[-100.60965252724117,20.83559460456003],[-100.6003703527806,20.83425394501408],[-100.59760594375835,20.8342945524196],[-100.59553356699617,20.833532255283163],[-100.59411616244789,20.83321926852888],[-100.59293547855668,20.83298624430581],[-100.5915805182338,20.832880929097282],[-100.59065029907472,20.833520374788996],[-100.5906102914463,20.834605723007922],[-100.59046205263729,20.8362350368293],[-100.58991075998023,20.838370910098366],[-100.58923892105193,20.84034165955507]]]},"properties":{"seccion":239,"municipio":3,"electores":353}},{"type":"Feature","geometry":{"type":"Polygon","coordinates":[[[-100.5800885565741,20.81811244082866],[-100.5795419728848,20.817119081116903],[-100.57888569272207,20.81658625767836],[-100.57834847794145,20.816135141333348],[-100.57781558317568,20.81593429156217],[-100.57705104328292,20.81594542135699],[-100.57657624221181,20.815702000122958],[-100.57598439881187,20.812080804569387],[-100.57396620493833,20.811025381996533],[-100.57166045367147,20.810349608228538],[-100.57042044792728,20.810075557012023],[-100.56905996112175,20.809636356265386],[-100.56682738278002,20.809793895047438],[-100.56603565878756,20.80821992915842],[-100.56531707608335,20.807479341142724],[-100.56442780227006,20.807074998050084],[-100.56331045522532,20.8070911721924],[-100.55846914181835,20.80440691214512],[-100.5587699763944,20.802582613931474],[-100.55936753763812,20.799971153035468],[-100.5598481251874,20.79723480979151],[-100.56032804499654,20.79466440738327],[-100.56056269492532,20.793262370350078],[-100.56086928673238,20.791430448156238],[-100.55971157956128,20.789286111285097],[-100.55964207125993,20.788661281551313],[-100.55956828106412,20.78778618001392],[-100.55961994364392,20.787368211181633],[-100.56183149109353,20.78600114103842],[-100.56181434706367,20.78500005513653],[-100.5618438595512,20.783289016439937],[-100.5618790868173,20.781911672893056],[-100.56242277529502,20.779317032913006],[-100.56279720412661,20.77714206153892],[-100.56306689341162,20.775719604998496],[-100.56627118235463,20.777383849771542],[-100.56927264877085,20.777507251234077],[-100.56988066803028,20.778666655991266],[-100.5717040770161,20.77868192650975],[-100.57475796261218,20.781850182070478],[-100.57487706082837,20.785353105394613],[-100.57959877828009,20.782906267069105],[-100.5809417756673,20.78234432268347],[-100.5816982279899,20.78187435991605],[-100.5825127528046,20.78136182559531],[-100.5834957410897,20.780387889662492],[-100.5841273790054,20.779502517230316],[-100.58493395697027,20.77853114671699],[-100.58645256045953,20.777924877887763],[-100.58769304097346,20.77824054058395],[-100.58851906852608,20.778395362053978],[-100.58928052798503,20.778217347918762],[-100.58997741471698,20.777706499326918],[-100.58972851831321,20.776917421548923],[-100.58948467667268,20.77642032266357],[-100.58977143427971,20.775998912495435],[-100.59123625123702,20.775685442688886],[-100.59299647943938,20.775451081283787],[-100.59463911199258,20.775218424248557],[-100.59645667417428,20.774899744583323],[-100.59785760091181,20.774295103119545],[-100.59931296356662,20.773439321420128],[-100.60065072275208,20.7725852544242],[-100.6022236380001,20.771727723961085],[-100.60379290732462,20.770661624823845],[-100.60421415635466,20.770198570009587],[-100.60431765017867,20.77008480464174],[-100.60448535411362,20.769900455972685],[-100.60483230067769,20.76956158169591],[-100.6051792456974,20.769222706806335],[-100.605933374681,20.768627512546903],[-100.60640443327168,20.768662305193875],[-100.60619831157517,20.7703342053805],[-100.60626640778474,20.771390979349594],[-100.60627888900696,20.771584670872183],[-100.60659318859761,20.772748254040234],[-100.60701781627681,20.773492995947358],[-100.60732486093703,20.774239467177427],[-100.60716301006195,20.77507628256048],[-100.60694308986695,20.77595567405635],[-100.60683639805404,20.776583069100884],[-100.60672679972619,20.777043620209476],[-100.61007519000447,20.77682742757576],[-100.61013543937656,20.77690998301826],[-100.6108677565369,20.775063439697004],[-100.61127130968373,20.77459855354297],[-100.61179317518949,20.774173643771643],[-100.61243844795584,20.774080685366684],[-100.61343939308107,20.774149363785156],[-100.61420297952299,20.77409637475947],[-100.6150812372592,20.773874803241192],[-100.61537356409902,20.773776613808923],[-100.61566589052845,20.77367842390246],[-100.61595821654753,20.773580233522],[-100.61625054215624,20.773482042667457],[-100.61741546478494,20.772839009986868],[-100.61851428900059,20.77177973178752],[-100.61891197222965,20.770981143763766],[-100.62013857549087,20.77050406806182],[-100.62124831751183,20.77007043478185],[-100.62261148438408,20.770676079415527],[-100.62361971647186,20.771161805965114],[-100.62432741362953,20.77127648637196],[-100.6252680855848,20.771262546586527],[-100.6261709271665,20.775796795641146],[-100.6258526124306,20.778050050084126],[-100.62580473556018,20.778388951745793],[-100.62710846806955,20.778953715219853],[-100.62852760235047,20.77939159128629],[-100.62953151405172,20.77962701483752],[-100.63047443419057,20.779738174431564],[-100.63147541711993,20.779806744616227],[-100.63229928170983,20.779836220677417],[-100.6321735105459,20.78271685901003],[-100.6371197325599,20.783060470249975],[-100.63703594765673,20.784980893610104],[-100.63906994490692,20.785625804006276],[-100.64005224705453,20.78593724730331],[-100.6408893927475,20.78671746270918],[-100.64155236264295,20.78762543605072],[-100.64197499323352,20.788244945736025],[-100.64079765190642,20.791516761130953],[-100.63914685552594,20.791291054689857],[-100.63802599152514,20.79109915660934],[-100.63708520316752,20.79111317438306],[-100.63614808869188,20.791335738219477],[-100.6349757730028,20.79156179823087],[-100.63386151862142,20.791745265311512],[-100.63298245997014,20.79192522722595],[-100.6321607311099,20.79202088983456],[-100.63122360188088,20.79224342759535],[-100.63167283437478,20.787689133049888],[-100.62362120279111,20.78703787244565],[-100.62077687778864,20.786807715445057],[-100.62034118686404,20.785437356204543],[-100.61913637002081,20.787165759899214],[-100.61726430738489,20.787735819024604],[-100.61717735372795,20.789489405755912],[-100.61778067247211,20.790356637716695],[-100.61785333923187,20.791148270839148],[-100.61792673695787,20.791981614458425],[-100.61757904423177,20.79227880514902],[-100.61729233984899,20.792700257990976],[-100.61736062740563,20.793241627287276],[-100.61713345140026,20.793703921362425],[-100.61660862056546,20.793962007208542],[-100.61549796411367,20.794353910997746],[-100.61444756090737,20.794828361096577],[-100.61310168513799,20.795223723162657],[-100.61193949066805,20.79603358046571],[-100.61124770211806,20.796836493296933],[-100.61061106882643,20.797429982790003],[-100.61026698869622,20.79793571417182],[-100.60842373363516,20.796794676323692],[-100.6080802658752,20.793962669716564],[-100.60202732259063,20.797639778770407],[-100.60209628534167,20.798222868229303],[-100.60082292628333,20.79940978243353],[-100.59977461202303,20.80000928069061],[-100.59895643148188,20.80031334347735],[-100.59808234190989,20.800785109583465],[-100.59710585067121,20.802134528910823],[-100.59647348312758,20.802978237014383],[-100.59449437179944,20.804175456038422],[-100.59304520736762,20.80540661499581],[-100.59136946807111,20.80714173988102],[-100.589983392998,20.808622282351234],[-100.58847461893794,20.809812556244264],[-100.58697231778102,20.811378219358254],[-100.58487972812132,20.81282732438567],[-100.58360322647731,20.813847280213366],[-100.58297434034705,20.814899501929393],[-100.5821690139881,20.815954295150707],[-100.5813643971533,20.817050796512913],[-100.58078853193152,20.817768463443],[-100.5800885565741,20.81811244082866]]]},"properties":{"seccion":240,"municipio":3,"electores":196}},{"type":"Feature","geometry":{"type":"Polygon","coordinates":[[[-100.61033569251438,20.75128992814331],[-100.61074500482236,20.751158734131657],[-100.61297372784954,20.75083383792152],[-100.61543102280908,20.750130045346417],[-100.61619594454818,20.75016047709417],[-100.61660961870857,20.750279534948255],[-100.61742676677842,20.749933695404284],[-100.61812925881333,20.749756432467862],[-100.61894931660764,20.749577429434403],[-100.61959447965421,20.74948445104569],[-100.62006547892135,20.749519209992464],[-100.62036377459918,20.749765129242213],[-100.62078328719372,20.750217863262453],[-100.620850097385,20.750675812605053],[-100.62073471795404,20.750802683659913],[-100.62055836530371,20.750805291547685],[-100.62056493162248,20.75118068868267],[-100.62068760778018,20.75147092560576],[-100.62075004053621,20.751678610197335],[-100.62075441851842,20.751928874904223],[-100.6206404974103,20.75213916751614],[-100.62029143671549,20.75235293708478],[-100.61988796677963,20.752817839890334],[-100.61948376505796,20.75324103108147],[-100.61913980501112,20.753746774229054],[-100.61891341395865,20.75425077926821],[-100.61880605152237,20.754836468212588],[-100.61887285888153,20.755294418346942],[-100.61899553580427,20.75558465633917],[-100.61923870308664,20.756039999549163],[-100.61936356959271,20.756455369548277],[-100.6193128064564,20.75691505725616],[-100.61890786368798,20.75729653692622],[-100.61844413194592,20.757678884487092],[-100.61797748161105,20.75789438767056],[-100.6174535005814,20.758194179720856],[-100.61698976231617,20.758576523738178],[-100.61670165544122,20.758914551427484],[-100.61658772400826,20.75912484190221],[-100.61630034387679,20.75950457986931],[-100.6162459279133,20.75975571296773],[-100.61613272388671,20.760007714050257],[-100.61649055226844,20.76029448163667],[-100.61714523811732,20.7607437501832],[-100.61785725785747,20.76110872575437],[-100.61826731737101,20.761019223445047],[-100.61915205853784,20.761173033149753],[-100.62009413002265,20.761242547306527],[-100.62085983718191,20.761314665236867],[-100.62174093083524,20.76125990771976],[-100.62256250494498,20.761164305252343],[-100.62332528963319,20.761069569404842],[-100.62402563112587,20.760767147622364],[-100.6247362033975,20.761048672269364],[-100.62474278235763,20.761424068103533],[-100.62468764910564,20.761633492300163],[-100.62415928539005,20.761683040725266],[-100.62375142085322,20.76189768898831],[-100.62346647431623,20.762055003389456],[-100.62305253480415,20.762283531356896],[-100.62270053376398,20.76233046414803],[-100.62255194576225,20.762297658399877],[-100.62216924526471,20.762213163856238],[-100.6218128626799,20.762009830588806],[-100.62151599958243,20.76184733736887],[-100.6211074003985,20.762020268900205],[-100.62093687458794,20.76235656385589],[-100.62070244980062,20.762401753184296],[-100.62046656514383,20.762363520725525],[-100.62011018420662,20.762160183800784],[-100.61981405206961,20.762039398293922],[-100.61910712996006,20.761966406871196],[-100.61863900929278,20.76209849099824],[-100.61828627739062,20.76210370401687],[-100.61781378071481,20.76198552118638],[-100.61746031990215,20.761949021687194],[-100.61716856357705,20.762078496326378],[-100.61699292641428,20.76212281223321],[-100.6168223910932,20.76245910370704],[-100.61682749311107,20.762751079436118],[-100.61689065536629,20.76300047602633],[-100.61686381192891,20.76314689803816],[-100.61683696844996,20.763293320046714],[-100.61660545588026,20.76350534722618],[-100.61649516533633,20.76392419186339],[-100.61638195914352,20.76417619317004],[-100.61638414548264,20.764301325630516],[-100.61650318223992,20.764383010861373],[-100.61679567238973,20.76429524786815],[-100.61685519085025,20.764336090345346],[-100.61697933052044,20.764709750867972],[-100.61707188897391,20.764958713063617],[-100.61716444775746,20.765207675182477],[-100.6172885890436,20.76558133534811],[-100.61753541533808,20.766245233674315],[-100.61748464556477,20.766704920918716],[-100.61737435582037,20.767123765964225],[-100.61737581407169,20.7672071875311],[-100.61844972832057,20.76808833085957],[-100.61952365491136,20.768969466562822],[-100.62047526541257,20.769581214567886],[-100.62124831751183,20.77007043478185],[-100.62013857549087,20.77050406806182],[-100.61891197222965,20.770981143763766],[-100.61851428900059,20.77177973178752],[-100.61741546478494,20.772839009986868],[-100.61625054215624,20.773482042667457],[-100.61595821654753,20.773580233522],[-100.61566589052845,20.77367842390246],[-100.61537356409902,20.773776613808923],[-100.6150812372592,20.773874803241192],[-100.61420297952299,20.77409637475947],[-100.61343939308107,20.774149363785156],[-100.61243844795584,20.774080685366684],[-100.61179317518949,20.774173643771643],[-100.61127130968373,20.77459855354297],[-100.6108677565369,20.775063439697092],[-100.61013543937656,20.77690998301826],[-100.61007519000447,20.77682742757576],[-100.60672679972619,20.777043620209476],[-100.60683639805404,20.776583069100884],[-100.60694308986695,20.77595567405635],[-100.60716301006195,20.77507628256048],[-100.60732486093703,20.774239467177427],[-100.60701781627681,20.773492995947358],[-100.60659318859761,20.772748254040234],[-100.60627888900696,20.771584670872183],[-100.60626640778474,20.771390979349594],[-100.60619831157517,20.7703342053805],[-100.60640443327168,20.768662305193875],[-100.605933374681,20.768627512546903],[-100.6051792456974,20.769222706806335],[-100.60483230067769,20.76956158169591],[-100.60448535411362,20.769900455972685],[-100.60431765017867,20.77008480464174],[-100.60421415635466,20.770198570009587],[-100.60379290732462,20.770661624823845],[-100.6022236380001,20.771727723961085],[-100.60065072275208,20.7725852544242],[-100.59931296356662,20.773439321420128],[-100.59785760091181,20.774295103119545],[-100.59645667417428,20.774899744583323],[-100.59463911199258,20.775218424248557],[-100.59299647943938,20.775451081283787],[-100.59123625123702,20.775685442688886],[-100.58977143427971,20.775998912495435],[-100.58948467667268,20.77642032266357],[-100.58972851831321,20.776917421548923],[-100.58997741471698,20.777706499326918],[-100.58928052798503,20.778217347918762],[-100.58851906852608,20.778395362053978],[-100.58769304097346,20.77824054058395],[-100.58645256045953,20.777924877887763],[-100.58493395697027,20.77853114671699],[-100.5841273790054,20.779502517230316],[-100.5834957410897,20.780387889662492],[-100.5825127528046,20.78136182559531],[-100.5816982279899,20.78187435991605],[-100.5809417756673,20.78234432268347],[-100.57959877828009,20.782906267069105],[-100.57487706082837,20.785353105394613],[-100.57475796261218,20.781850182070478],[-100.5717040770161,20.77868192650975],[-100.56988066803027,20.778666655991266],[-100.56927264877085,20.777507251234077],[-100.56627118235463,20.777383849771542],[-100.56306689341162,20.775719604998496],[-100.56334300891919,20.774672555343844],[-100.56239489868958,20.76738486260787],[-100.56197407066668,20.766848554652718],[-100.55960913616268,20.76266875680794],[-100.55863854385343,20.760930425665244],[-100.55755680873234,20.759569192411682],[-100.55623708863988,20.758044492243233],[-100.55402133896627,20.755698237740486],[-100.55288160718688,20.754379528121863],[-100.55162574255435,20.753145925641526],[-100.55066809507501,20.752158359674816],[-100.54976711607456,20.751044805375585],[-100.54867914442463,20.749308093900634],[-100.55259734606999,20.74854910053566],[-100.55324609190386,20.748706973283685],[-100.55323911193668,20.748212506429326],[-100.55317394870772,20.747759876972474],[-100.55304711315453,20.74710185133676],[-100.55286267735887,20.746526868381064],[-100.55250253134615,20.74599498549933],[-100.55196493279783,20.745382584661215],[-100.55183519916032,20.744518529407785],[-100.55199986615408,20.74369252304206],[-100.55181602044878,20.743158743856863],[-100.55202608239449,20.741384376710158],[-100.55232512685718,20.74175207059409],[-100.55309485745046,20.74215591667186],[-100.5538628468805,20.742436142262978],[-100.55451156715274,20.74259401190998],[-100.55509919740061,20.742587689165102],[-100.55563097533903,20.742788024730654],[-100.55663344208772,20.74302450145993],[-100.5574555431784,20.742974433247905],[-100.55844635439492,20.742386789240587],[-100.55961694488043,20.742044471197158],[-100.56372156227904,20.74138196788133],[-100.56372623700355,20.741711610992045],[-100.56367039623329,20.74191827322602],[-100.56367565529155,20.74228912171069],[-100.56338710043373,20.742663146469834],[-100.56303393938205,20.742625751960116],[-100.56273778895896,20.742464105525073],[-100.562562084754,20.742507215787455],[-100.56262493600101,20.74279501869852],[-100.56245039943384,20.74292053968775],[-100.56191569416954,20.742514198721246],[-100.56127630781798,20.74301564443001],[-100.56063633364748,20.743475882557135],[-100.56070209971452,20.74396971354773],[-100.56129206845829,20.744128191023616],[-100.56252960458477,20.74436209390758],[-100.5631847668167,20.74497318894158],[-100.5637224064654,20.745585551929672],[-100.56450270771718,20.7467310399201],[-100.56542905557392,20.747813125463153],[-100.56635541681158,20.748895205039922],[-100.56670742222012,20.748850181133584],[-100.56699773532299,20.748599766691722],[-100.56746375661176,20.748306236401877],[-100.56787862439288,20.748549010347784],[-100.56905568084053,20.74865988431449],[-100.56958515148074,20.748695353101173],[-100.57005761596855,20.74885507355393],[-100.57023625607918,20.749017981416397],[-100.57570257398164,20.74904099829027],[-100.57594703892842,20.749697721392593],[-100.5765335144287,20.74960891348848],[-100.57711940094839,20.749478898553456],[-100.5785826409118,20.74905084013992],[-100.58033910591433,20.74857835927708],[-100.58133751455021,20.748526251896827],[-100.58212995157136,20.748455782541978],[-100.58292238759401,20.748385309579245],[-100.58480225877437,20.748323549601256],[-100.58662926967153,20.748674461235442],[-100.58804375364674,20.748947450221063],[-100.58881242268595,20.749268717908354],[-100.58952351308172,20.749673035879116],[-100.59008317969459,20.75019077834046],[-100.59053612502191,20.750609789800706],[-100.59078080961083,20.74936555516633],[-100.59107833987447,20.74956981692572],[-100.59114073199903,20.749777515015623],[-100.59108699765986,20.75007035435307],[-100.5912088965066,20.750318904650282],[-100.59141789093583,20.75050359873852],[-100.59162688587071,20.75068829253577],[-100.59200194834602,20.750887892016607],[-100.59216100404058,20.750972537319054],[-100.59251804643013,20.751217648060305],[-100.59299049447212,20.751335904089995],[-100.5933432061115,20.751330744589048],[-100.59364002130746,20.751493290005506],[-100.59411247086838,20.751611542833892],[-100.59452758064128,20.751814077448635],[-100.59493980109754,20.7518497655566],[-100.59517494275312,20.751846323252945],[-100.59523300549202,20.75180375127597],[-100.59553488274105,20.752258272627998],[-100.5957155762948,20.752505958315048],[-100.59601311901858,20.75271021062688],[-100.59642389597136,20.752662472345502],[-100.59683539572382,20.752656444409926],[-100.59701464544938,20.75282070593648],[-100.59748854778834,20.753022371618854],[-100.5977868171357,20.753268331914978],[-100.59802557799752,20.75347344198505],[-100.59837974080887,20.75355169438272],[-100.59879051885684,20.753503950347138],[-100.59902421509447,20.753417080094323],[-100.59956269880496,20.75395156774229],[-100.5999226554139,20.75436350672833],[-100.60039801429097,20.75464858623518],[-100.60081169136753,20.754767682081763],[-100.60122102271679,20.75463650966373],[-100.60121015713969,20.754010841567208],[-100.60167392517738,20.753628538269492],[-100.6020201193851,20.753247959877775],[-100.602190679725,20.752911681286413],[-100.60336953546488,20.75356706912603],[-100.60487245026201,20.754164156595884],[-100.6080696934253,20.755902137367528],[-100.60990211265198,20.753647863089913],[-100.61033569251438,20.75128992814331]]]},"properties":{"seccion":241,"municipio":3,"electores":594}},{"type":"Feature","geometry":{"type":"Polygon","coordinates":[[[-100.6111992244385,20.728581231936793],[-100.61225742881712,20.72861071176543],[-100.61848614759,20.728582739310376],[-100.61930812893658,20.72853238161992],[-100.62002638140875,20.729431026589115],[-100.62117152741271,20.731396396035297],[-100.62167577231988,20.731730366435634],[-100.62312970551415,20.73269331516559],[-100.62519882272933,20.73353565196858],[-100.62726194773361,20.73396592141243],[-100.62968364891285,20.734804260116096],[-100.6303911515474,20.734961182852803],[-100.63109865543491,20.735118102577818],[-100.63251788667579,20.73572036075514],[-100.63364454329549,20.73640830979315],[-100.63559503673648,20.737169424191894],[-100.63642067592855,20.737366205287344],[-100.63713242434406,20.737811525988427],[-100.63778300067345,20.738092688605185],[-100.63854928358923,20.73824891560875],[-100.63931314894504,20.73824032386432],[-100.63995707671769,20.738068236108177],[-100.6404840905131,20.737938672705855],[-100.64083603760416,20.737893500014163],[-100.64113164659501,20.73801380334405],[-100.64148843600658,20.738298259407454],[-100.64179070563054,20.738871802782636],[-100.64220444086251,20.739031983978897],[-100.64256123464425,20.73931643748888],[-100.64291802974478,20.739600890159714],[-100.64351895221715,20.740500747703052],[-100.64411745766209,20.741235787828842],[-100.64442277448694,20.74201534372684],[-100.64442944270293,20.742468584165266],[-100.64474385881579,20.74386619407419],[-100.64492681160614,20.74431744510277],[-100.64516670738567,20.744644421704248],[-100.64556637799538,20.744845962853542],[-100.64596604741114,20.74504750188663],[-100.64676539588018,20.745450580270308],[-100.64818599352,20.74613510493426],[-100.64925524733484,20.74690601230986],[-100.64996646824683,20.74731007033938],[-100.65067769279723,20.747714125152573],[-100.65133073905506,20.748636926694424],[-100.65166819789995,20.751093423536307],[-100.65174543502893,20.752135295778412],[-100.65081006013777,20.75244134329055],[-100.64981442178654,20.752664845029035],[-100.6489958699203,20.752927414304025],[-100.64570455527775,20.749680623452637],[-100.64424602057366,20.75032821693337],[-100.6426169709458,20.750966439512048],[-100.6419248034256,20.75106247421456],[-100.64049932150782,20.751260243460994],[-100.63931629834592,20.750860657601667],[-100.63778425111846,20.75067486642387],[-100.63637564515565,20.75082099556081],[-100.63508460328151,20.7509653648971],[-100.63379429145623,20.751151435187275],[-100.6319668592797,20.750886539542545],[-100.6315031813804,20.75126891916031],[-100.63074631240724,20.751697372324237],[-100.62975137270422,20.751962470022335],[-100.62827956735633,20.751859142841372],[-100.62709656521196,20.751459471033165],[-100.62515887577445,20.751613352233644],[-100.6251066690916,20.751989619265828],[-100.62499933175651,20.75257531054626],[-100.62483101631807,20.75303674051304],[-100.62436658217497,20.753377391708092],[-100.62384628291933,20.75388575506632],[-100.6237374787785,20.754388024435972],[-100.62386746981758,20.755095365412753],[-100.62399380904884,20.755594152692968],[-100.62353155706742,20.756059934272486],[-100.62277537048094,20.756530065868784],[-100.62214113327705,20.757248718896548],[-100.62144664317627,20.757884818206147],[-100.62069117060749,20.75839665230643],[-100.61993642244987,20.758950194157396],[-100.61964978095477,20.75937164793371],[-100.61971805301255,20.75991301874356],[-100.62025444017605,20.76032230258239],[-100.62084012943099,20.760188475317758],[-100.62195709793819,20.76017194927815],[-100.62342898397598,20.76027532549364],[-100.62419834083312,20.76055598210164],[-100.6247362033975,20.761048672269364],[-100.62402563112587,20.760767147622364],[-100.62332528963319,20.761069569404842],[-100.62256250494498,20.761164305252343],[-100.62174093083524,20.76125990771976],[-100.62085983718191,20.761314665236867],[-100.62009413002265,20.761242547306527],[-100.61915205853784,20.761173033149753],[-100.61826731737101,20.761019223445047],[-100.61785725785747,20.76110872575437],[-100.61714523811732,20.7607437501832],[-100.61649055226844,20.76029448163667],[-100.61613272388671,20.760007714050257],[-100.6162459279133,20.75975571296773],[-100.61630034387679,20.75950457986931],[-100.61658772400826,20.75912484190221],[-100.61670165544122,20.758914551427484],[-100.61698976231617,20.758576523738178],[-100.6174535005814,20.758194179720856],[-100.61797748161105,20.75789438767056],[-100.61844413194592,20.757678884487092],[-100.61890786368798,20.75729653692622],[-100.6193128064564,20.75691505725616],[-100.61936356959271,20.756455369548277],[-100.61923870308664,20.756039999549163],[-100.61899553580427,20.75558465633917],[-100.61887285888153,20.755294418346942],[-100.61880605152237,20.754836468212588],[-100.61891341395865,20.75425077926821],[-100.61913980501112,20.753746774229054],[-100.61948376505796,20.75324103108147],[-100.61988796677963,20.752817839890334],[-100.62029143671549,20.75235293708478],[-100.6206404974103,20.75213916751614],[-100.62075441851842,20.751928874904223],[-100.62075004053621,20.751678610197335],[-100.62068760778018,20.75147092560576],[-100.62056493162248,20.75118068868267],[-100.62055836530371,20.750805291547685],[-100.62073471795404,20.750802683659913],[-100.620850097385,20.750675812605053],[-100.62078328719372,20.750217863262453],[-100.62036377459918,20.749765129242213],[-100.62006547892135,20.749519209992464],[-100.61959447965421,20.74948445104569],[-100.61894931660764,20.749577429434403],[-100.61812925881333,20.749756432467862],[-100.61742676677842,20.749933695404284],[-100.61660961870857,20.750279534948255],[-100.61619594454818,20.75016047709417],[-100.61543102280908,20.750130045346417],[-100.61297372784954,20.75083383792152],[-100.61074500482236,20.751158734131657],[-100.61033569251438,20.75128992814331],[-100.60990211265198,20.753647863089913],[-100.6080696934253,20.755902137367528],[-100.60487245026201,20.754164156595884],[-100.60336953546488,20.75356706912603],[-100.602190679725,20.752911681286413],[-100.6020201193851,20.753247959877775],[-100.60167392517738,20.753628538269492],[-100.60121015713969,20.754010841567208],[-100.60122102271679,20.75463650966373],[-100.60081169136753,20.754767682081763],[-100.60039801429097,20.75464858623518],[-100.5999226554139,20.75436350672833],[-100.59956269880496,20.75395156774229],[-100.59902421509447,20.753417080094323],[-100.59879051885684,20.753503950347138],[-100.59837974080887,20.75355169438272],[-100.59802557799752,20.75347344198505],[-100.5977868171357,20.753268331914978],[-100.59748854778834,20.753022371618854],[-100.59701464544938,20.75282070593648],[-100.59683539572382,20.752656444409926],[-100.59642389597136,20.752662472345502],[-100.59601311901858,20.75271021062688],[-100.5957155762948,20.752505958315048],[-100.59553488274105,20.752258272627998],[-100.59523300549202,20.75180375127597],[-100.59517494275312,20.751846323252945],[-100.59493980109754,20.7518497655566],[-100.59452758064128,20.751814077448635],[-100.59411247086838,20.751611542833892],[-100.59364002130746,20.751493290005506],[-100.5933432061115,20.751330744589048],[-100.59299049447212,20.751335904089995],[-100.59251804643013,20.751217648060305],[-100.59216100404058,20.750972537319054],[-100.59200194834602,20.750887892016607],[-100.59162688587071,20.75068829253577],[-100.59141789093583,20.75050359873852],[-100.5912088965066,20.750318904650282],[-100.59108699765986,20.75007035435307],[-100.59114073199903,20.749777515015623],[-100.59107833987447,20.74956981692572],[-100.59078080961083,20.74936555516633],[-100.59053612502191,20.750609789800706],[-100.59008317969459,20.75019077834046],[-100.58952351308172,20.749673035879116],[-100.58881242268595,20.749268717908354],[-100.58804375364674,20.748947450221063],[-100.58662926967153,20.748674461235442],[-100.58480225877437,20.748323549601256],[-100.58292238759401,20.748385309579245],[-100.58212995157136,20.748455782541978],[-100.58133751455021,20.748526251896827],[-100.58033910591433,20.74857835927708],[-100.5785826409118,20.74905084013992],[-100.57711940094839,20.749478898553456],[-100.5765335144287,20.74960891348848],[-100.57594703892842,20.749697721392593],[-100.57570257398164,20.74904099829027],[-100.57023625607918,20.749017981416397],[-100.57005761596855,20.74885507355393],[-100.56958515148074,20.748695353101173],[-100.56905568084053,20.74865988431449],[-100.56787862439288,20.748549010347784],[-100.56746375661176,20.748306236401877],[-100.56699773532299,20.748599766691722],[-100.56670742222012,20.748850181133584],[-100.56635541681158,20.748895205039922],[-100.56542905557392,20.747813125463153],[-100.56450270771718,20.7467310399201],[-100.5637224064654,20.745585551929672],[-100.5631847668167,20.74497318894158],[-100.56252960458477,20.74436209390758],[-100.56129206845829,20.744128191023616],[-100.56070209971452,20.74396971354773],[-100.56063633364748,20.743475882557135],[-100.56127630781798,20.74301564443001],[-100.56191569416954,20.742514198721246],[-100.56245039943384,20.74292053968775],[-100.56262493600101,20.74279501869852],[-100.562562084754,20.742507215787455],[-100.56273778895896,20.742464105525073],[-100.56303393938205,20.742625751960116],[-100.56338710043373,20.742663146469834],[-100.56367565529155,20.74228912171069],[-100.56367039623329,20.74191827322602],[-100.56372623700355,20.741711610992045],[-100.56372156227904,20.74138196788133],[-100.55961694488043,20.742044471197158],[-100.55844635439492,20.742386789240587],[-100.5574555431784,20.742974433247905],[-100.55663344208772,20.74302450145993],[-100.55563097533903,20.742788024730654],[-100.55509919740061,20.742587689165102],[-100.55451156715274,20.74259401190998],[-100.5538628468805,20.742436142262978],[-100.55309485745046,20.74215591667186],[-100.55232512685718,20.74175207059409],[-100.55202608239449,20.741384376710158],[-100.55181602044878,20.743158743856863],[-100.55199986615408,20.74369252304206],[-100.55183519916032,20.744518529407785],[-100.55196493279783,20.745382584661215],[-100.55250253134615,20.74599498549933],[-100.55286267735887,20.746526868381064],[-100.55304711315453,20.74710185133676],[-100.55317394870772,20.747759876972474],[-100.55323911193668,20.748212506429326],[-100.55324609190386,20.748706973283685],[-100.55259734606999,20.74854910053566],[-100.54867914442463,20.749308093900634],[-100.54842283444154,20.746195163192983],[-100.54895432813451,20.73610101067982],[-100.55142169440762,20.73603332238406],[-100.5567438610663,20.73420398286221],[-100.55973710636364,20.73392445442218],[-100.56327161326321,20.73344653796896],[-100.56536807492773,20.733163030608974],[-100.56953059354535,20.732458563843625],[-100.57274941423941,20.731516980003633],[-100.5759717155531,20.730822569486957],[-100.57928241370689,20.730147742511313],[-100.57892137091142,20.731614686169678],[-100.58851992355264,20.737073366633187],[-100.59030185625751,20.734292677854036],[-100.59503858184911,20.735391163097827],[-100.59839867689966,20.736170306249388],[-100.59861591442326,20.73622067698677],[-100.59853017402533,20.735179787596557],[-100.5984734645409,20.73449137401505],[-100.60142268686877,20.73524188747877],[-100.60693587850604,20.734480408592372],[-100.60810150682197,20.733808135064777],[-100.60887192190376,20.734252929251344],[-100.60973133369743,20.730782701013577],[-100.6111992244385,20.728581231936793]]]},"properties":{"seccion":242,"municipio":3,"electores":698}},{"type":"Feature","geometry":{"type":"Polygon","coordinates":[[[-100.6111992244385,20.728581231936793],[-100.60973133369743,20.730782701013577],[-100.60887192190376,20.734252929251344],[-100.60810150682197,20.733808135064777],[-100.60693587850604,20.734480408592372],[-100.60142268686877,20.73524188747877],[-100.5984734645409,20.73449137401505],[-100.59853017402533,20.735179787596557],[-100.59861591442326,20.73622067698677],[-100.59839867689966,20.736170306249388],[-100.59503858184911,20.735391163097827],[-100.59030185625751,20.734292677854036],[-100.58851992355264,20.737073366633187],[-100.57892137091142,20.731614686169678],[-100.57928241370689,20.730147742511313],[-100.58259307807536,20.72947285363236],[-100.5828204468504,20.728934622031744],[-100.58322585224651,20.728518080541114],[-100.58351786791701,20.728391256996574],[-100.58392798587923,20.728304354324013],[-100.58428052586109,20.72830050275102],[-100.5846912327152,20.72825480331991],[-100.5851424117448,20.726931105307074],[-100.58658416624064,20.725019613347023],[-100.58675792441512,20.724796103030673],[-100.58739198197388,20.723980489201374],[-100.58796594992383,20.72302634441704],[-100.58877669946934,20.72219323965453],[-100.5905832993065,20.721143162365717],[-100.59203676230133,20.720055729647758],[-100.59378574395141,20.719088675730156],[-100.59542134427929,20.71841133036702],[-100.59606110394175,20.71795097506149],[-100.59634834687506,20.71749449299489],[-100.59657920680394,20.71720347573882],[-100.59662215957094,20.7171257322625],[-100.59663647715067,20.7170998177686],[-100.59666511229622,20.717047988777743],[-100.59667942986205,20.7170220742809],[-100.59669374742326,20.716996159783196],[-100.60081427053939,20.717357837535463],[-100.60493480600174,20.717719415297626],[-100.6058818867641,20.717802507527093],[-100.6104613275592,20.718204209910283],[-100.61106256925925,20.71914540585996],[-100.61124658298837,20.719679111565597],[-100.61131368935756,20.72025532351962],[-100.61144014613251,20.720872088803247],[-100.61144790410005,20.721407747137583],[-100.61145148476606,20.721654974048924],[-100.61134173601047,20.722191934517777],[-100.61152575517175,20.72272563943669],[-100.61211747106101,20.723007558188826],[-100.61335249502025,20.72307628410788],[-100.61493884654467,20.723058678684126],[-100.6167626043223,20.72320326449275],[-100.61953720593425,20.72407904839866],[-100.62042450825422,20.724481280168394],[-100.61851136864914,20.726274644507082],[-100.61848614759,20.728582739310376],[-100.61225742881712,20.72861071176543],[-100.6111992244385,20.728581231936793]]]},"properties":{"seccion":243,"municipio":3,"electores":587}},{"type":"Feature","geometry":{"type":"Polygon","coordinates":[[[-100.77750664360025,20.93581390229388],[-100.77726758800073,20.9358617460494],[-100.77706404200073,20.93584476204947],[-100.77678552702079,20.935798698059568],[-100.77673805159505,20.93579084591123],[-100.77652158030205,20.93573911941875],[-100.77630949975735,20.93566158124799],[-100.77613088018863,20.9356054717176],[-100.77584599406875,20.93555502021664],[-100.77555960700408,20.935527953704216],[-100.77508366467539,20.93554876391639],[-100.77490568300072,20.935599775049457],[-100.77469896173909,20.93577311015685],[-100.77450370563754,20.93594039929854],[-100.77433306597518,20.936085731657737],[-100.77416127100072,20.936276151049395],[-100.77400521785762,20.936501423684756],[-100.77392133400072,20.936622515049454],[-100.77386676711198,20.936698342413486],[-100.77374126877629,20.936872736837877],[-100.77359518911587,20.93707573080086],[-100.77356120274176,20.93712295844161],[-100.7733213090964,20.937305223921456],[-100.77303875894566,20.93745338754947],[-100.7727910923258,20.93754610213306],[-100.77259144140669,20.937680049443987],[-100.77218341680445,20.937886270766178],[-100.77186710807646,20.937997015832288],[-100.77160821042759,20.938041436374697],[-100.77140524716151,20.93808277186539],[-100.77119836790426,20.938102760150706],[-100.77102091534319,20.93808477963422],[-100.77066600068247,20.937972448650672],[-100.77038634454549,20.93781927328026],[-100.77027971146956,20.93772293561118],[-100.77001808543777,20.93768642202191],[-100.76970737759069,20.937650208483216],[-100.76934350226425,20.93760682533817],[-100.76852067286231,20.93751853834525],[-100.76685237507026,20.93734587049564],[-100.76682932689576,20.9373350662045],[-100.76665435884794,20.937105738664197],[-100.7665949651357,20.937003275531083],[-100.76652857269399,20.936910065882532],[-100.76639621816416,20.936741378150604],[-100.7661989995292,20.9364771694059],[-100.76608285008199,20.936307687646963],[-100.76575933682143,20.935879943916188],[-100.76534316491667,20.93531585965323],[-100.76487010416625,20.934673071635565],[-100.76454090875276,20.934252608732276],[-100.76418987095919,20.933749610941334],[-100.76396984755888,20.93347186323937],[-100.76374196700073,20.933156307049423],[-100.7644432410007,20.93332425504935],[-100.76454545900073,20.93336699704941],[-100.76467015800071,20.93279631504938],[-100.76478142200072,20.932269638049345],[-100.76489162900073,20.932282598049383],[-100.76493976700071,20.93169462104937],[-100.76497065100072,20.931341815049382],[-100.76498546000072,20.93100363904938],[-100.7650195200007,20.930643664049317],[-100.76540288500071,20.930693642049327],[-100.76544437600073,20.93042349504933],[-100.76488857200071,20.930357320049342],[-100.76495354300073,20.929913112049327],[-100.76500458300072,20.929541429049312],[-100.7650666660007,20.929222664049295],[-100.7651382970007,20.928802363049293],[-100.76520818300071,20.92877766504935],[-100.76528227100071,20.92856711904928],[-100.7654507760007,20.92824770804931],[-100.76558808900073,20.927988558049275],[-100.7657439760007,20.927681266049337],[-100.76579402300072,20.92759683604934],[-100.76593112400072,20.927319706049275],[-100.76613349800071,20.92687414504925],[-100.76584392000072,20.9264908250493],[-100.7662550060007,20.92610562304926],[-100.7662984620007,20.926003280049322],[-100.76637724000072,20.92564883504925],[-100.76644631300071,20.92519140104929],[-100.76645534300071,20.92511402504929],[-100.76649140400072,20.924805026049295],[-100.7665120050007,20.924628508049242],[-100.7666132700007,20.92465985704922],[-100.76675879500073,20.924704908049236],[-100.76693595400073,20.924417819049225],[-100.76718244500071,20.92409531804926],[-100.76744498300071,20.923741813049286],[-100.76753882700072,20.92334765104921],[-100.76764829400072,20.92313919204922],[-100.76789045860284,20.922728265247613],[-100.76798725400073,20.922564013049268],[-100.76881501300072,20.922054807049207],[-100.76981322500072,20.921440734049256],[-100.77033918900072,20.920345861049174],[-100.77083393200071,20.92091777004916],[-100.77103032300073,20.92119273904918],[-100.77127754100071,20.92146718004925],[-100.77143170200073,20.921608860049194],[-100.77167712500072,20.921730488049235],[-100.7718937910007,20.92286492104926],[-100.77190519100073,20.92296987404928],[-100.77198297400074,20.923532630049273],[-100.77202722900071,20.92383783304924],[-100.77206192600072,20.92417013904925],[-100.77207305700071,20.924276747049266],[-100.77207652300072,20.924571476049223],[-100.77208114400072,20.924964402049294],[-100.77209389300073,20.925183964049292],[-100.77211748100072,20.925460726049312],[-100.77213438600073,20.926033666049268],[-100.77214227700073,20.92627238204931],[-100.77212270500071,20.926769286049296],[-100.77210625000072,20.927098999049278],[-100.77211984100073,20.927390192049295],[-100.77214873800072,20.927686002049317],[-100.77215820200072,20.92805842904935],[-100.77215761300072,20.928440512049303],[-100.77216617900072,20.92873653304933],[-100.77218642700072,20.929161384049323],[-100.77283905100073,20.929326541049342],[-100.77327239900073,20.928137600049343],[-100.77340095400072,20.927830602049337],[-100.77539021200073,20.928402141049293],[-100.77555545000072,20.928620116049284],[-100.77717211500074,20.928631945049336],[-100.77711366200073,20.930571592049397],[-100.77711053400073,20.930844969049385],[-100.777063939255,20.931283149481683],[-100.77695377231606,20.933478160511886],[-100.77699714077161,20.934099849058423],[-100.77708935303963,20.934585617450704],[-100.77715161667207,20.934840557959802],[-100.77722392284896,20.935064362052728],[-100.77728942680096,20.935254572180057],[-100.77738385264244,20.93552064988405],[-100.77750664360025,20.93581390229388]]]},"properties":{"seccion":3212,"municipio":3,"electores":1990}},{"type":"Feature","geometry":{"type":"Polygon","coordinates":[[[-100.76374196700073,20.933156307049423],[-100.76368007518299,20.933060458747157],[-100.76358981931654,20.932939533830194],[-100.76351223417622,20.932838509320263],[-100.76341678563472,20.932729322945438],[-100.76333032271441,20.932628807399105],[-100.76325583407689,20.932540175039446],[-100.76289017812685,20.93236793873273],[-100.76263421353998,20.932206992904543],[-100.76155342705493,20.933531672000463],[-100.76107075892543,20.93388887329893],[-100.76047659155971,20.934321924301727],[-100.7590291513707,20.934607067605928],[-100.75635629967618,20.93509636777933],[-100.75558024181743,20.93525104812403],[-100.75504865505293,20.9319982669003],[-100.75460268220687,20.931903112835492],[-100.75369281913548,20.93169983956156],[-100.75341100925036,20.93166455029694],[-100.7547318880007,20.930203963049344],[-100.7553378980007,20.929398691049347],[-100.75563786100071,20.92903181504937],[-100.75594473500071,20.92866486704932],[-100.75602313800073,20.928560161049358],[-100.75616742800072,20.92836746304928],[-100.7563123920007,20.928173865049313],[-100.7564827330007,20.92795773504929],[-100.75670732200072,20.92765010004933],[-100.75700028800071,20.9272767980493],[-100.7580587670007,20.92587406304927],[-100.75842020600071,20.92538596204928],[-100.75886644300073,20.924801578049305],[-100.7589744100007,20.924642981049253],[-100.75915826900071,20.924372904049232],[-100.7594044310007,20.924047448049215],[-100.7594450890007,20.923994678049276],[-100.75971221700073,20.923647966049263],[-100.7600363080007,20.923307028049212],[-100.76034340500071,20.9228488390492],[-100.76058723900071,20.922581172049192],[-100.7607791590007,20.922359894049222],[-100.76093275200071,20.922187744049264],[-100.76120047100072,20.921795118049236],[-100.76139196200072,20.921537293049234],[-100.76162192200071,20.9212425220492],[-100.76178823300071,20.92106072004918],[-100.7619932170007,20.92083664304917],[-100.76224090400069,20.920918575049164],[-100.76239685100073,20.920978676049174],[-100.7627094440007,20.921097281049203],[-100.76305509200071,20.921270369049243],[-100.7625427460007,20.922088892049192],[-100.76329535200072,20.92250860204927],[-100.76339738000071,20.92236463004921],[-100.76368983800072,20.922566370049203],[-100.76368013700073,20.922592318049205],[-100.76401763600072,20.92279327404921],[-100.76389913800071,20.922926094049274],[-100.76419176100072,20.923139263049187],[-100.7647670063428,20.92356570100403],[-100.76503984548451,20.92379787174653],[-100.76636835200074,20.923659147049197],[-100.76677237300072,20.923914815049258],[-100.76697518000073,20.92361777404921],[-100.76716881700071,20.923334162049226],[-100.76739773800071,20.9229988690492],[-100.76764829400072,20.92313919204922],[-100.76753882700072,20.92334765104921],[-100.76744498300071,20.923741813049286],[-100.76718244500071,20.92409531804926],[-100.76693595400073,20.924417819049225],[-100.76675879500073,20.924704908049236],[-100.7666132700007,20.92465985704922],[-100.7665120050007,20.924628508049242],[-100.76649140400072,20.924805026049295],[-100.76645534300071,20.92511402504929],[-100.76644631300071,20.92519140104929],[-100.76637724000072,20.92564883504925],[-100.7662984620007,20.926003280049322],[-100.7662550060007,20.92610562304926],[-100.76584392000072,20.9264908250493],[-100.76613349800071,20.92687414504925],[-100.76593112400072,20.927319706049275],[-100.76579402300072,20.92759683604934],[-100.7657439760007,20.927681266049337],[-100.76558808900073,20.927988558049275],[-100.7654507760007,20.92824770804931],[-100.76528227100071,20.92856711904928],[-100.76520818300071,20.92877766504935],[-100.7651382970007,20.928802363049293],[-100.7650666660007,20.929222664049295],[-100.76500458300072,20.929541429049312],[-100.76495354300073,20.929913112049327],[-100.76488857200071,20.930357320049342],[-100.76544437600073,20.93042349504933],[-100.76540288500071,20.930693642049327],[-100.7650195200007,20.930643664049317],[-100.76498546000072,20.93100363904938],[-100.76497065100072,20.931341815049382],[-100.76493976700071,20.93169462104937],[-100.76489162900073,20.932282598049383],[-100.76478142200072,20.932269638049345],[-100.76467015800071,20.93279631504938],[-100.76454545900073,20.93336699704941],[-100.7644432410007,20.93332425504935],[-100.76374196700073,20.933156307049423]]]},"properties":{"seccion":3213,"municipio":3,"electores":3268}},{"type":"Feature","geometry":{"type":"Polygon","coordinates":[[[-100.75556544200072,20.920471589049182],[-100.75567243400072,20.920347473049183],[-100.75588278100072,20.920115104049206],[-100.75600064600071,20.920173946049207],[-100.7561832350007,20.920302184049206],[-100.7563866610007,20.92039017204921],[-100.75640684900073,20.92039805604915],[-100.75653648100071,20.920448684049177],[-100.75666464700069,20.920477392049214],[-100.75698582300069,20.92061421204919],[-100.75715706200073,20.9206825120492],[-100.7572961140007,20.920731126049226],[-100.75748338900073,20.92080426504922],[-100.7577082430007,20.92088690504916],[-100.7577927310007,20.920904310049185],[-100.75820491300071,20.921076700049163],[-100.75826182900072,20.921100504049168],[-100.7583414930007,20.921141261049215],[-100.75848359100073,20.921213961049208],[-100.75871148000073,20.921296896049224],[-100.75884198700071,20.921368651049182],[-100.7593176410007,20.92157086604917],[-100.7592461300007,20.920998989049192],[-100.75922191700073,20.920531131049234],[-100.75915216800071,20.9200314040492],[-100.7595133660007,20.92000939004922],[-100.75986941300071,20.919963079049147],[-100.76023208500071,20.91992888204921],[-100.7606075790007,20.919882368049198],[-100.76096369600072,20.919842146049184],[-100.76130043700071,20.919808214049226],[-100.76168903800071,20.919773747049152],[-100.7620581910007,20.9197394790492],[-100.76242043400073,20.919668732049182],[-100.76246082500072,20.919796239049198],[-100.76273437700071,20.919903064049148],[-100.7625204515962,20.920157593652196],[-100.7619932170007,20.92083664304917],[-100.76178823300071,20.92106072004918],[-100.76162192200071,20.9212425220492],[-100.76139196200072,20.921537293049234],[-100.76120047100072,20.921795118049236],[-100.76093275200071,20.922187744049264],[-100.7607791590007,20.922359894049222],[-100.76058723900071,20.922581172049192],[-100.76034340500071,20.9228488390492],[-100.7600363080007,20.923307028049212],[-100.75971221700073,20.923647966049263],[-100.7594450890007,20.923994678049276],[-100.7594044310007,20.924047448049215],[-100.75915826900071,20.924372904049232],[-100.7589744100007,20.924642981049253],[-100.75886644300073,20.924801578049305],[-100.75842020600071,20.92538596204928],[-100.7580587670007,20.92587406304927],[-100.75700028800071,20.9272767980493],[-100.75670732200072,20.92765010004933],[-100.7564827330007,20.92795773504929],[-100.7563123920007,20.928173865049313],[-100.75616742800072,20.92836746304928],[-100.75602313800073,20.928560161049358],[-100.75594473500071,20.92866486704932],[-100.75563786100071,20.92903181504937],[-100.7553378980007,20.929398691049347],[-100.7547318880007,20.930203963049344],[-100.7545299820007,20.929491450049337],[-100.75447270600071,20.929323136049312],[-100.75433405300069,20.928829409049325],[-100.75431429600071,20.92875905804933],[-100.75428795100069,20.928665246049317],[-100.75426821700071,20.928599509049313],[-100.7542348730007,20.928494059049353],[-100.7542028960007,20.92841585704929],[-100.75393595600072,20.92776305304928],[-100.75387785800069,20.92762112704933],[-100.7537090070007,20.92723903404927],[-100.7536746640007,20.927100985049336],[-100.75425529400238,20.927064262424167],[-100.75400331734595,20.92650939919439],[-100.7538269572434,20.926122916635233],[-100.75365900466468,20.925755569961797],[-100.7547257650007,20.925298645049242],[-100.7546166130007,20.925061408049306],[-100.7549985190007,20.924826811049275],[-100.7552566270007,20.924630552049273],[-100.7551999548132,20.92455562514777],[-100.75510824278386,20.924410477087086],[-100.75502471400073,20.924265245049238],[-100.75490364600073,20.92405888604924],[-100.75486957200071,20.923943902049224],[-100.75529648000071,20.923677326049226],[-100.75509894500073,20.923417416049237],[-100.75453868800072,20.922631261049265],[-100.75448953600069,20.92259135904925],[-100.7541459650007,20.92231244004921],[-100.75404730600071,20.922191621049187],[-100.7541952030007,20.922086543049225],[-100.75442525000072,20.921797872049208],[-100.75453389600071,20.92166273904919],[-100.75459780100071,20.92158289104924],[-100.75463707000073,20.921533533049182],[-100.75468087100073,20.921478479049206],[-100.75495579800072,20.921146704049193],[-100.75516069000071,20.92092529804923],[-100.7553016070007,20.92077765004917],[-100.75556544200072,20.920471589049182]]]},"properties":{"seccion":3214,"municipio":3,"electores":2707}}]}